=========================================
Building and starting: db
=========================================
time="2026-06-03T12:08:15Z" level=warning msg="/home/Benedict/omnidome/docker-compose.yaml: the attribute `version` is obsolete, it will be ignored, please remove it to avoid potential confusion"
time="2026-06-03T12:08:15Z" level=warning msg="No services to build"
time="2026-06-03T12:08:15Z" level=warning msg="/home/Benedict/omnidome/docker-compose.yaml: the attribute `version` is obsolete, it will be ignored, please remove it to avoid potential confusion"
 Volume omnidome_postgres_data Creating 
 Volume omnidome_postgres_data Created 
 Container omnidome-db-1 Creating 
 Container omnidome-db-1 Created 
 Container omnidome-db-1 Starting 
 Container omnidome-db-1 Started 
=========================================
Building and starting: crm
=========================================
time="2026-06-03T12:08:18Z" level=warning msg="/home/Benedict/omnidome/docker-compose.yaml: the attribute `version` is obsolete, it will be ignored, please remove it to avoid potential confusion"
 Image omnidome-crm Building 
#1 [internal] load local bake definitions
#1 reading from stdin 501B done
#1 DONE 0.1s

#2 [internal] load build definition from Dockerfile
#2 transferring dockerfile: 103B 0.1s
#2 transferring dockerfile: 659B 0.1s done
#2 DONE 0.2s

#3 [internal] load metadata for docker.io/library/python:3.11-slim
#3 DONE 1.8s

#4 [internal] load .dockerignore
#4 transferring context:
#4 transferring context: 325B 0.1s done
#4 DONE 0.2s

#5 [internal] load build context
#5 ...

#6 [1/7] FROM docker.io/library/python:3.11-slim@sha256:a3ab0b966bc4e91546a033e22093cb840908979487a9fc0e6e38295747e49ac0
#6 resolve docker.io/library/python:3.11-slim@sha256:a3ab0b966bc4e91546a033e22093cb840908979487a9fc0e6e38295747e49ac0 0.1s done
#6 DONE 0.2s

#5 [internal] load build context
#5 transferring context: 59.21kB 0.2s done
#5 DONE 0.3s

#7 [3/7] COPY services/common/requirements.txt ./services/common/requirements.txt
#7 CACHED

#8 [2/7] WORKDIR /app
#8 CACHED

#9 [4/7] COPY services/crm/requirements.txt ./services/crm/requirements.txt
#9 CACHED

#10 [5/7] RUN pip install --no-cache-dir --trusted-host pypi.org --trusted-host pypi.python.org --trusted-host files.pythonhosted.org -r services/crm/requirements.txt
#10 13.94 Collecting fastapi==0.115.0 (from -r services/crm/../common/requirements.txt (line 1))
#10 14.00   Downloading fastapi-0.115.0-py3-none-any.whl.metadata (27 kB)
#10 14.13 Collecting uvicorn==0.30.1 (from -r services/crm/../common/requirements.txt (line 2))
#10 14.15   Downloading uvicorn-0.30.1-py3-none-any.whl.metadata (6.3 kB)
#10 14.69 Collecting pydantic==2.8.2 (from -r services/crm/../common/requirements.txt (line 3))
#10 14.70   Downloading pydantic-2.8.2-py3-none-any.whl.metadata (125 kB)
#10 14.72      ━━━━━━━━━━━━━━━━━━━━━━━━━━━━━━━━━━━━━━━ 125.2/125.2 kB 8.4 MB/s eta 0:00:00
#10 14.78 Collecting pydantic-settings==2.4.0 (from -r services/crm/../common/requirements.txt (line 4))
#10 14.79   Downloading pydantic_settings-2.4.0-py3-none-any.whl.metadata (3.5 kB)
#10 14.83 Collecting python-multipart==0.0.9 (from -r services/crm/../common/requirements.txt (line 5))
#10 14.85   Downloading python_multipart-0.0.9-py3-none-any.whl.metadata (2.5 kB)
#10 14.89 Collecting python-dotenv==1.0.1 (from -r services/crm/../common/requirements.txt (line 6))
#10 14.90   Downloading python_dotenv-1.0.1-py3-none-any.whl.metadata (23 kB)
#10 15.35 Collecting cryptography==42.0.8 (from -r services/crm/../common/requirements.txt (line 7))
#10 15.36   Downloading cryptography-42.0.8-cp39-abi3-manylinux_2_28_x86_64.whl.metadata (5.3 kB)
#10 15.86 Collecting sqlalchemy==2.0.30 (from -r services/crm/../common/requirements.txt (line 8))
#10 15.87   Downloading SQLAlchemy-2.0.30-cp311-cp311-manylinux_2_17_x86_64.manylinux2014_x86_64.whl.metadata (9.6 kB)
#10 15.95 Collecting asyncpg==0.29.0 (from -r services/crm/../common/requirements.txt (line 9))
#10 15.97   Downloading asyncpg-0.29.0-cp311-cp311-manylinux_2_17_x86_64.manylinux2014_x86_64.whl.metadata (4.4 kB)
#10 16.16 Collecting psycopg2-binary==2.9.9 (from -r services/crm/../common/requirements.txt (line 10))
#10 16.17   Downloading psycopg2_binary-2.9.9-cp311-cp311-manylinux_2_17_x86_64.manylinux2014_x86_64.whl.metadata (4.4 kB)
#10 16.21 Collecting python-jose==3.3.0 (from python-jose[cryptography]==3.3.0->-r services/crm/../common/requirements.txt (line 11))
#10 16.22   Downloading python_jose-3.3.0-py2.py3-none-any.whl.metadata (5.4 kB)
#10 16.27 Collecting PyJWT==2.9.0 (from -r services/crm/../common/requirements.txt (line 12))
#10 16.28   Downloading PyJWT-2.9.0-py3-none-any.whl.metadata (3.0 kB)
#10 16.33 Collecting httpx==0.27.0 (from -r services/crm/../common/requirements.txt (line 13))
#10 16.35   Downloading httpx-0.27.0-py3-none-any.whl.metadata (7.2 kB)
#10 16.41 Collecting alembic==1.13.2 (from -r services/crm/requirements.txt (line 5))
#10 16.43   Downloading alembic-1.13.2-py3-none-any.whl.metadata (7.4 kB)
#10 16.61 Collecting starlette<0.39.0,>=0.37.2 (from fastapi==0.115.0->-r services/crm/../common/requirements.txt (line 1))
#10 16.61   Downloading starlette-0.38.6-py3-none-any.whl.metadata (6.0 kB)
#10 16.65 Collecting typing-extensions>=4.8.0 (from fastapi==0.115.0->-r services/crm/../common/requirements.txt (line 1))
#10 16.66   Downloading typing_extensions-4.15.0-py3-none-any.whl.metadata (3.3 kB)
#10 16.72 Collecting click>=7.0 (from uvicorn==0.30.1->-r services/crm/../common/requirements.txt (line 2))
#10 16.74   Downloading click-8.4.1-py3-none-any.whl.metadata (2.6 kB)
#10 16.77 Collecting h11>=0.8 (from uvicorn==0.30.1->-r services/crm/../common/requirements.txt (line 2))
#10 16.79   Downloading h11-0.16.0-py3-none-any.whl.metadata (8.3 kB)
#10 16.83 Collecting annotated-types>=0.4.0 (from pydantic==2.8.2->-r services/crm/../common/requirements.txt (line 3))
#10 16.84   Downloading annotated_types-0.7.0-py3-none-any.whl.metadata (15 kB)
#10 18.18 Collecting pydantic-core==2.20.1 (from pydantic==2.8.2->-r services/crm/../common/requirements.txt (line 3))
#10 18.20   Downloading pydantic_core-2.20.1-cp311-cp311-manylinux_2_17_x86_64.manylinux2014_x86_64.whl.metadata (6.6 kB)
#10 18.46 Collecting cffi>=1.12 (from cryptography==42.0.8->-r services/crm/../common/requirements.txt (line 7))
#10 18.48   Downloading cffi-2.0.0-cp311-cp311-manylinux2014_x86_64.manylinux_2_17_x86_64.whl.metadata (2.6 kB)
#10 18.76 Collecting greenlet!=0.4.17 (from sqlalchemy==2.0.30->-r services/crm/../common/requirements.txt (line 8))
#10 18.77   Downloading greenlet-3.5.1-cp311-cp311-manylinux_2_24_x86_64.manylinux_2_28_x86_64.whl.metadata (3.8 kB)
#10 18.82 Collecting async-timeout>=4.0.3 (from asyncpg==0.29.0->-r services/crm/../common/requirements.txt (line 9))
#10 18.83   Downloading async_timeout-5.0.1-py3-none-any.whl.metadata (5.1 kB)
#10 18.88 Collecting ecdsa!=0.15 (from python-jose==3.3.0->python-jose[cryptography]==3.3.0->-r services/crm/../common/requirements.txt (line 11))
#10 18.90   Downloading ecdsa-0.19.2-py2.py3-none-any.whl.metadata (29 kB)
#10 18.94 Collecting rsa (from python-jose==3.3.0->python-jose[cryptography]==3.3.0->-r services/crm/../common/requirements.txt (line 11))
#10 18.95   Downloading rsa-4.9.1-py3-none-any.whl.metadata (5.6 kB)
#10 19.00 Collecting pyasn1 (from python-jose==3.3.0->python-jose[cryptography]==3.3.0->-r services/crm/../common/requirements.txt (line 11))
#10 19.01   Downloading pyasn1-0.6.3-py3-none-any.whl.metadata (8.4 kB)
#10 19.09 Collecting anyio (from httpx==0.27.0->-r services/crm/../common/requirements.txt (line 13))
#10 19.11   Downloading anyio-4.13.0-py3-none-any.whl.metadata (4.5 kB)
#10 19.16 Collecting certifi (from httpx==0.27.0->-r services/crm/../common/requirements.txt (line 13))
#10 19.17   Downloading certifi-2026.5.20-py3-none-any.whl.metadata (2.5 kB)
#10 19.22 Collecting httpcore==1.* (from httpx==0.27.0->-r services/crm/../common/requirements.txt (line 13))
#10 19.23   Downloading httpcore-1.0.9-py3-none-any.whl.metadata (21 kB)
#10 19.27 Collecting idna (from httpx==0.27.0->-r services/crm/../common/requirements.txt (line 13))
#10 19.29   Downloading idna-3.18-py3-none-any.whl.metadata (6.1 kB)
#10 19.31 Collecting sniffio (from httpx==0.27.0->-r services/crm/../common/requirements.txt (line 13))
#10 19.33   Downloading sniffio-1.3.1-py3-none-any.whl.metadata (3.9 kB)
#10 19.40 Collecting Mako (from alembic==1.13.2->-r services/crm/requirements.txt (line 5))
#10 19.41   Downloading mako-1.3.12-py3-none-any.whl.metadata (2.9 kB)
#10 19.47 Collecting email-validator>=2.0.0 (from pydantic[email]==2.8.2->-r services/crm/requirements.txt (line 6))
#10 19.48   Downloading email_validator-2.3.0-py3-none-any.whl.metadata (26 kB)
#10 19.58 Collecting pycparser (from cffi>=1.12->cryptography==42.0.8->-r services/crm/../common/requirements.txt (line 7))
#10 19.60   Downloading pycparser-3.0-py3-none-any.whl.metadata (8.2 kB)
#10 19.64 Collecting six>=1.9.0 (from ecdsa!=0.15->python-jose==3.3.0->python-jose[cryptography]==3.3.0->-r services/crm/../common/requirements.txt (line 11))
#10 19.66   Downloading six-1.17.0-py2.py3-none-any.whl.metadata (1.7 kB)
#10 19.70 Collecting dnspython>=2.0.0 (from email-validator>=2.0.0->pydantic[email]==2.8.2->-r services/crm/requirements.txt (line 6))
#10 19.72   Downloading dnspython-2.8.0-py3-none-any.whl.metadata (5.7 kB)
#10 19.92 Collecting MarkupSafe>=0.9.2 (from Mako->alembic==1.13.2->-r services/crm/requirements.txt (line 5))
#10 19.94   Downloading markupsafe-3.0.3-cp311-cp311-manylinux2014_x86_64.manylinux_2_17_x86_64.manylinux_2_28_x86_64.whl.metadata (2.7 kB)
#10 20.19 Downloading fastapi-0.115.0-py3-none-any.whl (94 kB)
#10 20.19    ━━━━━━━━━━━━━━━━━━━━━━━━━━━━━━━━━━━━━━━━ 94.6/94.6 kB 215.6 MB/s eta 0:00:00
#10 20.20 Downloading uvicorn-0.30.1-py3-none-any.whl (62 kB)
#10 20.21    ━━━━━━━━━━━━━━━━━━━━━━━━━━━━━━━━━━━━━━━━ 62.4/62.4 kB 210.4 MB/s eta 0:00:00
#10 20.23 Downloading pydantic-2.8.2-py3-none-any.whl (423 kB)
#10 20.25    ━━━━━━━━━━━━━━━━━━━━━━━━━━━━━━━━━━━━━━━━ 423.9/423.9 kB 19.9 MB/s eta 0:00:00
#10 20.28 Downloading pydantic_settings-2.4.0-py3-none-any.whl (23 kB)
#10 20.29 Downloading python_multipart-0.0.9-py3-none-any.whl (22 kB)
#10 20.31 Downloading python_dotenv-1.0.1-py3-none-any.whl (19 kB)
#10 20.33 Downloading cryptography-42.0.8-cp39-abi3-manylinux_2_28_x86_64.whl (3.9 MB)
#10 20.37    ━━━━━━━━━━━━━━━━━━━━━━━━━━━━━━━━━━━━━━━━ 3.9/3.9 MB 108.4 MB/s eta 0:00:00
#10 20.38 Downloading SQLAlchemy-2.0.30-cp311-cp311-manylinux_2_17_x86_64.manylinux2014_x86_64.whl (3.2 MB)
#10 21.43    ━━━━━━━━━━━━━━━━━━━━━━━━━━━━━━━━━━━━━━━━ 3.2/3.2 MB 3.1 MB/s eta 0:00:00
#10 21.45 Downloading asyncpg-0.29.0-cp311-cp311-manylinux_2_17_x86_64.manylinux2014_x86_64.whl (2.8 MB)
#10 21.46    ━━━━━━━━━━━━━━━━━━━━━━━━━━━━━━━━━━━━━━━━ 2.8/2.8 MB 249.1 MB/s eta 0:00:00
#10 21.50 Downloading psycopg2_binary-2.9.9-cp311-cp311-manylinux_2_17_x86_64.manylinux2014_x86_64.whl (3.0 MB)
#10 21.50    ━━━━━━━━━━━━━━━━━━━━━━━━━━━━━━━━━━━━━━━━ 3.0/3.0 MB 188.8 MB/s eta 0:00:00
#10 21.51 Downloading python_jose-3.3.0-py2.py3-none-any.whl (33 kB)
#10 21.53 Downloading PyJWT-2.9.0-py3-none-any.whl (22 kB)
#10 21.54 Downloading httpx-0.27.0-py3-none-any.whl (75 kB)
#10 21.55    ━━━━━━━━━━━━━━━━━━━━━━━━━━━━━━━━━━━━━━━━ 75.6/75.6 kB 211.1 MB/s eta 0:00:00
#10 21.56 Downloading alembic-1.13.2-py3-none-any.whl (232 kB)
#10 21.57    ━━━━━━━━━━━━━━━━━━━━━━━━━━━━━━━━━━━━━━━ 233.0/233.0 kB 256.7 MB/s eta 0:00:00
#10 21.58 Downloading httpcore-1.0.9-py3-none-any.whl (78 kB)
#10 21.59    ━━━━━━━━━━━━━━━━━━━━━━━━━━━━━━━━━━━━━━━━ 78.8/78.8 kB 205.3 MB/s eta 0:00:00
#10 21.61 Downloading pydantic_core-2.20.1-cp311-cp311-manylinux_2_17_x86_64.manylinux2014_x86_64.whl (2.1 MB)
#10 21.62    ━━━━━━━━━━━━━━━━━━━━━━━━━━━━━━━━━━━━━━━━ 2.1/2.1 MB 234.1 MB/s eta 0:00:00
#10 21.64 Downloading annotated_types-0.7.0-py3-none-any.whl (13 kB)
#10 21.65 Downloading async_timeout-5.0.1-py3-none-any.whl (6.2 kB)
#10 21.67 Downloading cffi-2.0.0-cp311-cp311-manylinux2014_x86_64.manylinux_2_17_x86_64.whl (215 kB)
#10 21.67    ━━━━━━━━━━━━━━━━━━━━━━━━━━━━━━━━━━━━━━━ 215.6/215.6 kB 202.5 MB/s eta 0:00:00
#10 21.68 Downloading click-8.4.1-py3-none-any.whl (116 kB)
#10 21.69    ━━━━━━━━━━━━━━━━━━━━━━━━━━━━━━━━━━━━━━━ 116.6/116.6 kB 220.2 MB/s eta 0:00:00
#10 21.70 Downloading ecdsa-0.19.2-py2.py3-none-any.whl (150 kB)
#10 21.71    ━━━━━━━━━━━━━━━━━━━━━━━━━━━━━━━━━━━━━━━ 150.8/150.8 kB 222.7 MB/s eta 0:00:00
#10 21.72 Downloading email_validator-2.3.0-py3-none-any.whl (35 kB)
#10 21.74 Downloading greenlet-3.5.1-cp311-cp311-manylinux_2_24_x86_64.manylinux_2_28_x86_64.whl (614 kB)
#10 21.74    ━━━━━━━━━━━━━━━━━━━━━━━━━━━━━━━━━━━━━━━ 614.8/614.8 kB 266.5 MB/s eta 0:00:00
#10 21.76 Downloading h11-0.16.0-py3-none-any.whl (37 kB)
#10 21.78 Downloading idna-3.18-py3-none-any.whl (65 kB)
#10 21.78    ━━━━━━━━━━━━━━━━━━━━━━━━━━━━━━━━━━━━━━━━ 65.5/65.5 kB 181.1 MB/s eta 0:00:00
#10 21.79 Downloading starlette-0.38.6-py3-none-any.whl (71 kB)
#10 21.80    ━━━━━━━━━━━━━━━━━━━━━━━━━━━━━━━━━━━━━━━━ 71.5/71.5 kB 194.5 MB/s eta 0:00:00
#10 21.81 Downloading anyio-4.13.0-py3-none-any.whl (114 kB)
#10 21.82    ━━━━━━━━━━━━━━━━━━━━━━━━━━━━━━━━━━━━━━━ 114.4/114.4 kB 228.8 MB/s eta 0:00:00
#10 21.83 Downloading typing_extensions-4.15.0-py3-none-any.whl (44 kB)
#10 21.84    ━━━━━━━━━━━━━━━━━━━━━━━━━━━━━━━━━━━━━━━━ 44.6/44.6 kB 174.8 MB/s eta 0:00:00
#10 21.85 Downloading certifi-2026.5.20-py3-none-any.whl (134 kB)
#10 21.85    ━━━━━━━━━━━━━━━━━━━━━━━━━━━━━━━━━━━━━━━ 134.1/134.1 kB 214.7 MB/s eta 0:00:00
#10 21.87 Downloading mako-1.3.12-py3-none-any.whl (78 kB)
#10 21.87    ━━━━━━━━━━━━━━━━━━━━━━━━━━━━━━━━━━━━━━━━ 78.5/78.5 kB 162.2 MB/s eta 0:00:00
#10 21.89 Downloading pyasn1-0.6.3-py3-none-any.whl (83 kB)
#10 21.89    ━━━━━━━━━━━━━━━━━━━━━━━━━━━━━━━━━━━━━━━━ 84.0/84.0 kB 127.7 MB/s eta 0:00:00
#10 21.91 Downloading rsa-4.9.1-py3-none-any.whl (34 kB)
#10 21.92 Downloading sniffio-1.3.1-py3-none-any.whl (10 kB)
#10 21.94 Downloading dnspython-2.8.0-py3-none-any.whl (331 kB)
#10 21.94    ━━━━━━━━━━━━━━━━━━━━━━━━━━━━━━━━━━━━━━━ 331.1/331.1 kB 261.1 MB/s eta 0:00:00
#10 21.96 Downloading markupsafe-3.0.3-cp311-cp311-manylinux2014_x86_64.manylinux_2_17_x86_64.manylinux_2_28_x86_64.whl (22 kB)
#10 21.97 Downloading six-1.17.0-py2.py3-none-any.whl (11 kB)
#10 21.99 Downloading pycparser-3.0-py3-none-any.whl (48 kB)
#10 21.99    ━━━━━━━━━━━━━━━━━━━━━━━━━━━━━━━━━━━━━━━━ 48.2/48.2 kB 186.0 MB/s eta 0:00:00
#10 22.45 Installing collected packages: typing-extensions, sniffio, six, python-multipart, python-dotenv, PyJWT, pycparser, pyasn1, psycopg2-binary, MarkupSafe, idna, h11, greenlet, dnspython, click, certifi, async-timeout, annotated-types, uvicorn, sqlalchemy, rsa, pydantic-core, Mako, httpcore, email-validator, ecdsa, cffi, asyncpg, anyio, starlette, python-jose, pydantic, httpx, cryptography, alembic, pydantic-settings, fastapi
#10 28.56 Successfully installed Mako-1.3.12 MarkupSafe-3.0.3 PyJWT-2.9.0 alembic-1.13.2 annotated-types-0.7.0 anyio-4.13.0 async-timeout-5.0.1 asyncpg-0.29.0 certifi-2026.5.20 cffi-2.0.0 click-8.4.1 cryptography-42.0.8 dnspython-2.8.0 ecdsa-0.19.2 email-validator-2.3.0 fastapi-0.115.0 greenlet-3.5.1 h11-0.16.0 httpcore-1.0.9 httpx-0.27.0 idna-3.18 psycopg2-binary-2.9.9 pyasn1-0.6.3 pycparser-3.0 pydantic-2.8.2 pydantic-core-2.20.1 pydantic-settings-2.4.0 python-dotenv-1.0.1 python-jose-3.3.0 python-multipart-0.0.9 rsa-4.9.1 six-1.17.0 sniffio-1.3.1 sqlalchemy-2.0.30 starlette-0.38.6 typing-extensions-4.15.0 uvicorn-0.30.1
#10 28.56 WARNING: Running pip as the 'root' user can result in broken permissions and conflicting behaviour with the system package manager. It is recommended to use a virtual environment instead: https://pip.pypa.io/warnings/venv
#10 28.97 
#10 28.97 [notice] A new release of pip is available: 24.0 -> 26.1.2
#10 28.97 [notice] To update, run: pip install --upgrade pip
#10 DONE 31.1s

#11 [6/7] COPY services/crm/ ./services/crm/
#11 DONE 1.5s

#12 [7/7] COPY services/common/ ./services/common/
#12 DONE 0.2s

#13 exporting to image
#13 exporting layers
#13 exporting layers 10.6s done
#13 exporting manifest sha256:27953ee68216eeb11353ea568160340d35efacacea22b6cb09da134fc037eec9
#13 exporting manifest sha256:27953ee68216eeb11353ea568160340d35efacacea22b6cb09da134fc037eec9 0.0s done
#13 exporting config sha256:4bbdcd6c242d835dbf4a10810aa869934ec67c39aea1838e55a41ed6798cf720 0.0s done
#13 exporting attestation manifest sha256:109df2e5ff622421eb71e4833b6ee522d369c53e9e6f0e753e89262420fb6b48
#13 exporting attestation manifest sha256:109df2e5ff622421eb71e4833b6ee522d369c53e9e6f0e753e89262420fb6b48 0.0s done
#13 exporting manifest list sha256:02c5a81350210ab6b14476b4226ffbffb5b304d75dc95d2dcedaf66100a25a62 0.0s done
#13 naming to docker.io/library/omnidome-crm:latest 0.1s done
#13 unpacking to docker.io/library/omnidome-crm:latest
#13 unpacking to docker.io/library/omnidome-crm:latest 3.3s done
#13 DONE 15.1s

#14 resolving provenance for metadata file
#14 DONE 0.4s
 Image omnidome-crm Built 
time="2026-06-03T12:09:21Z" level=warning msg="/home/Benedict/omnidome/docker-compose.yaml: the attribute `version` is obsolete, it will be ignored, please remove it to avoid potential confusion"
 Container omnidome-db-1 Running 
 Container omnidome-crm-1 Creating 
 Container omnidome-crm-1 Created 
 Container omnidome-crm-1 Starting 
 Container omnidome-crm-1 Started 
=========================================
Building and starting: sales
=========================================
time="2026-06-03T12:09:25Z" level=warning msg="/home/Benedict/omnidome/docker-compose.yaml: the attribute `version` is obsolete, it will be ignored, please remove it to avoid potential confusion"
 Image omnidome-sales Building 
#1 [internal] load local bake definitions
#1 reading from stdin 511B done
#1 DONE 0.0s

#2 [internal] load build definition from Dockerfile
#2 DONE 0.1s

#2 [internal] load build definition from Dockerfile
#2 transferring dockerfile:
#2 transferring dockerfile: 658B 0.5s done
#2 DONE 1.0s

#3 [internal] load metadata for docker.io/library/python:3.11-slim
#3 DONE 3.5s

#4 [internal] load .dockerignore
#4 transferring context: 106B 0.0s
#4 transferring context: 325B 0.1s done
#4 DONE 0.2s

#5 [1/7] FROM docker.io/library/python:3.11-slim@sha256:a3ab0b966bc4e91546a033e22093cb840908979487a9fc0e6e38295747e49ac0
#5 ...

#6 [internal] load build context
#6 DONE 0.0s

#5 [1/7] FROM docker.io/library/python:3.11-slim@sha256:a3ab0b966bc4e91546a033e22093cb840908979487a9fc0e6e38295747e49ac0
#5 resolve docker.io/library/python:3.11-slim@sha256:a3ab0b966bc4e91546a033e22093cb840908979487a9fc0e6e38295747e49ac0
#5 resolve docker.io/library/python:3.11-slim@sha256:a3ab0b966bc4e91546a033e22093cb840908979487a9fc0e6e38295747e49ac0 0.8s done
#5 DONE 1.3s

#6 [internal] load build context
#6 transferring context: 101.45kB 0.8s done
#6 DONE 1.0s

#7 [2/7] WORKDIR /app
#7 CACHED

#8 [3/7] COPY services/common/requirements.txt ./services/common/requirements.txt
#8 CACHED

#9 [4/7] COPY services/sales/requirements.txt ./services/sales/requirements.txt
#9 CACHED

#10 [5/7] RUN pip install --no-cache-dir --trusted-host pypi.org --trusted-host pypi.python.org --trusted-host files.pythonhosted.org -r services/sales/requirements.txt
#10 31.37 Collecting fastapi==0.115.0 (from -r services/sales/../common/requirements.txt (line 1))
#10 31.44   Downloading fastapi-0.115.0-py3-none-any.whl.metadata (27 kB)
#10 31.52 Collecting uvicorn==0.30.1 (from -r services/sales/../common/requirements.txt (line 2))
#10 31.54   Downloading uvicorn-0.30.1-py3-none-any.whl.metadata (6.3 kB)
#10 31.79 Collecting pydantic==2.8.2 (from -r services/sales/../common/requirements.txt (line 3))
#10 31.80   Downloading pydantic-2.8.2-py3-none-any.whl.metadata (125 kB)
#10 31.82      ━━━━━━━━━━━━━━━━━━━━━━━━━━━━━━━━━━━━━━━ 125.2/125.2 kB 7.5 MB/s eta 0:00:00
#10 31.87 Collecting pydantic-settings==2.4.0 (from -r services/sales/../common/requirements.txt (line 4))
#10 31.89   Downloading pydantic_settings-2.4.0-py3-none-any.whl.metadata (3.5 kB)
#10 31.93 Collecting python-multipart==0.0.9 (from -r services/sales/../common/requirements.txt (line 5))
#10 31.94   Downloading python_multipart-0.0.9-py3-none-any.whl.metadata (2.5 kB)
#10 31.98 Collecting python-dotenv==1.0.1 (from -r services/sales/../common/requirements.txt (line 6))
#10 32.00   Downloading python_dotenv-1.0.1-py3-none-any.whl.metadata (23 kB)
#10 32.40 Collecting cryptography==42.0.8 (from -r services/sales/../common/requirements.txt (line 7))
#10 32.41   Downloading cryptography-42.0.8-cp39-abi3-manylinux_2_28_x86_64.whl.metadata (5.3 kB)
#10 32.90 Collecting sqlalchemy==2.0.30 (from -r services/sales/../common/requirements.txt (line 8))
#10 32.92   Downloading SQLAlchemy-2.0.30-cp311-cp311-manylinux_2_17_x86_64.manylinux2014_x86_64.whl.metadata (9.6 kB)
#10 33.00 Collecting asyncpg==0.29.0 (from -r services/sales/../common/requirements.txt (line 9))
#10 33.01   Downloading asyncpg-0.29.0-cp311-cp311-manylinux_2_17_x86_64.manylinux2014_x86_64.whl.metadata (4.4 kB)
#10 33.22 Collecting psycopg2-binary==2.9.9 (from -r services/sales/../common/requirements.txt (line 10))
#10 33.24   Downloading psycopg2_binary-2.9.9-cp311-cp311-manylinux_2_17_x86_64.manylinux2014_x86_64.whl.metadata (4.4 kB)
#10 33.28 Collecting python-jose==3.3.0 (from python-jose[cryptography]==3.3.0->-r services/sales/../common/requirements.txt (line 11))
#10 33.29   Downloading python_jose-3.3.0-py2.py3-none-any.whl.metadata (5.4 kB)
#10 33.33 Collecting PyJWT==2.9.0 (from -r services/sales/../common/requirements.txt (line 12))
#10 33.35   Downloading PyJWT-2.9.0-py3-none-any.whl.metadata (3.0 kB)
#10 33.40 Collecting httpx==0.27.0 (from -r services/sales/../common/requirements.txt (line 13))
#10 33.41   Downloading httpx-0.27.0-py3-none-any.whl.metadata (7.2 kB)
#10 33.51 Collecting starlette<0.39.0,>=0.37.2 (from fastapi==0.115.0->-r services/sales/../common/requirements.txt (line 1))
#10 33.53   Downloading starlette-0.38.6-py3-none-any.whl.metadata (6.0 kB)
#10 33.63 Collecting typing-extensions>=4.8.0 (from fastapi==0.115.0->-r services/sales/../common/requirements.txt (line 1))
#10 33.65   Downloading typing_extensions-4.15.0-py3-none-any.whl.metadata (3.3 kB)
#10 33.71 Collecting click>=7.0 (from uvicorn==0.30.1->-r services/sales/../common/requirements.txt (line 2))
#10 33.72   Downloading click-8.4.1-py3-none-any.whl.metadata (2.6 kB)
#10 33.75 Collecting h11>=0.8 (from uvicorn==0.30.1->-r services/sales/../common/requirements.txt (line 2))
#10 33.77   Downloading h11-0.16.0-py3-none-any.whl.metadata (8.3 kB)
#10 33.81 Collecting annotated-types>=0.4.0 (from pydantic==2.8.2->-r services/sales/../common/requirements.txt (line 3))
#10 33.82   Downloading annotated_types-0.7.0-py3-none-any.whl.metadata (15 kB)
#10 35.19 Collecting pydantic-core==2.20.1 (from pydantic==2.8.2->-r services/sales/../common/requirements.txt (line 3))
#10 35.21   Downloading pydantic_core-2.20.1-cp311-cp311-manylinux_2_17_x86_64.manylinux2014_x86_64.whl.metadata (6.6 kB)
#10 35.47 Collecting cffi>=1.12 (from cryptography==42.0.8->-r services/sales/../common/requirements.txt (line 7))
#10 35.49   Downloading cffi-2.0.0-cp311-cp311-manylinux2014_x86_64.manylinux_2_17_x86_64.whl.metadata (2.6 kB)
#10 35.77 Collecting greenlet!=0.4.17 (from sqlalchemy==2.0.30->-r services/sales/../common/requirements.txt (line 8))
#10 35.79   Downloading greenlet-3.5.1-cp311-cp311-manylinux_2_24_x86_64.manylinux_2_28_x86_64.whl.metadata (3.8 kB)
#10 35.84 Collecting async-timeout>=4.0.3 (from asyncpg==0.29.0->-r services/sales/../common/requirements.txt (line 9))
#10 35.85   Downloading async_timeout-5.0.1-py3-none-any.whl.metadata (5.1 kB)
#10 35.90 Collecting ecdsa!=0.15 (from python-jose==3.3.0->python-jose[cryptography]==3.3.0->-r services/sales/../common/requirements.txt (line 11))
#10 35.91   Downloading ecdsa-0.19.2-py2.py3-none-any.whl.metadata (29 kB)
#10 35.95 Collecting rsa (from python-jose==3.3.0->python-jose[cryptography]==3.3.0->-r services/sales/../common/requirements.txt (line 11))
#10 35.97   Downloading rsa-4.9.1-py3-none-any.whl.metadata (5.6 kB)
#10 36.02 Collecting pyasn1 (from python-jose==3.3.0->python-jose[cryptography]==3.3.0->-r services/sales/../common/requirements.txt (line 11))
#10 36.03   Downloading pyasn1-0.6.3-py3-none-any.whl.metadata (8.4 kB)
#10 36.11 Collecting anyio (from httpx==0.27.0->-r services/sales/../common/requirements.txt (line 13))
#10 36.12   Downloading anyio-4.13.0-py3-none-any.whl.metadata (4.5 kB)
#10 36.17 Collecting certifi (from httpx==0.27.0->-r services/sales/../common/requirements.txt (line 13))
#10 36.18   Downloading certifi-2026.5.20-py3-none-any.whl.metadata (2.5 kB)
#10 36.23 Collecting httpcore==1.* (from httpx==0.27.0->-r services/sales/../common/requirements.txt (line 13))
#10 36.25   Downloading httpcore-1.0.9-py3-none-any.whl.metadata (21 kB)
#10 36.29 Collecting idna (from httpx==0.27.0->-r services/sales/../common/requirements.txt (line 13))
#10 36.30   Downloading idna-3.18-py3-none-any.whl.metadata (6.1 kB)
#10 36.33 Collecting sniffio (from httpx==0.27.0->-r services/sales/../common/requirements.txt (line 13))
#10 36.35   Downloading sniffio-1.3.1-py3-none-any.whl.metadata (3.9 kB)
#10 36.45 Collecting pycparser (from cffi>=1.12->cryptography==42.0.8->-r services/sales/../common/requirements.txt (line 7))
#10 36.46   Downloading pycparser-3.0-py3-none-any.whl.metadata (8.2 kB)
#10 36.51 Collecting six>=1.9.0 (from ecdsa!=0.15->python-jose==3.3.0->python-jose[cryptography]==3.3.0->-r services/sales/../common/requirements.txt (line 11))
#10 36.53   Downloading six-1.17.0-py2.py3-none-any.whl.metadata (1.7 kB)
#10 36.66 Downloading fastapi-0.115.0-py3-none-any.whl (94 kB)
#10 36.67    ━━━━━━━━━━━━━━━━━━━━━━━━━━━━━━━━━━━━━━━━ 94.6/94.6 kB 179.3 MB/s eta 0:00:00
#10 36.68 Downloading uvicorn-0.30.1-py3-none-any.whl (62 kB)
#10 36.69    ━━━━━━━━━━━━━━━━━━━━━━━━━━━━━━━━━━━━━━━━ 62.4/62.4 kB 197.7 MB/s eta 0:00:00
#10 36.70 Downloading pydantic-2.8.2-py3-none-any.whl (423 kB)
#10 36.72    ━━━━━━━━━━━━━━━━━━━━━━━━━━━━━━━━━━━━━━━━ 423.9/423.9 kB 34.3 MB/s eta 0:00:00
#10 36.73 Downloading pydantic_settings-2.4.0-py3-none-any.whl (23 kB)
#10 36.75 Downloading python_multipart-0.0.9-py3-none-any.whl (22 kB)
#10 36.76 Downloading python_dotenv-1.0.1-py3-none-any.whl (19 kB)
#10 36.78 Downloading cryptography-42.0.8-cp39-abi3-manylinux_2_28_x86_64.whl (3.9 MB)
#10 36.81    ━━━━━━━━━━━━━━━━━━━━━━━━━━━━━━━━━━━━━━━━ 3.9/3.9 MB 123.1 MB/s eta 0:00:00
#10 36.83 Downloading SQLAlchemy-2.0.30-cp311-cp311-manylinux_2_17_x86_64.manylinux2014_x86_64.whl (3.2 MB)
#10 36.85    ━━━━━━━━━━━━━━━━━━━━━━━━━━━━━━━━━━━━━━━━ 3.2/3.2 MB 221.4 MB/s eta 0:00:00
#10 36.86 Downloading asyncpg-0.29.0-cp311-cp311-manylinux_2_17_x86_64.manylinux2014_x86_64.whl (2.8 MB)
#10 36.88    ━━━━━━━━━━━━━━━━━━━━━━━━━━━━━━━━━━━━━━━━ 2.8/2.8 MB 211.5 MB/s eta 0:00:00
#10 36.90 Downloading psycopg2_binary-2.9.9-cp311-cp311-manylinux_2_17_x86_64.manylinux2014_x86_64.whl (3.0 MB)
#10 36.92    ━━━━━━━━━━━━━━━━━━━━━━━━━━━━━━━━━━━━━━━━ 3.0/3.0 MB 180.0 MB/s eta 0:00:00
#10 36.93 Downloading python_jose-3.3.0-py2.py3-none-any.whl (33 kB)
#10 36.95 Downloading PyJWT-2.9.0-py3-none-any.whl (22 kB)
#10 36.96 Downloading httpx-0.27.0-py3-none-any.whl (75 kB)
#10 36.97    ━━━━━━━━━━━━━━━━━━━━━━━━━━━━━━━━━━━━━━━━ 75.6/75.6 kB 128.3 MB/s eta 0:00:00
#10 36.98 Downloading httpcore-1.0.9-py3-none-any.whl (78 kB)
#10 36.99    ━━━━━━━━━━━━━━━━━━━━━━━━━━━━━━━━━━━━━━━━ 78.8/78.8 kB 128.1 MB/s eta 0:00:00
#10 37.00 Downloading pydantic_core-2.20.1-cp311-cp311-manylinux_2_17_x86_64.manylinux2014_x86_64.whl (2.1 MB)
#10 37.02    ━━━━━━━━━━━━━━━━━━━━━━━━━━━━━━━━━━━━━━━━ 2.1/2.1 MB 247.3 MB/s eta 0:00:00
#10 37.03 Downloading annotated_types-0.7.0-py3-none-any.whl (13 kB)
#10 37.05 Downloading async_timeout-5.0.1-py3-none-any.whl (6.2 kB)
#10 37.06 Downloading cffi-2.0.0-cp311-cp311-manylinux2014_x86_64.manylinux_2_17_x86_64.whl (215 kB)
#10 37.07    ━━━━━━━━━━━━━━━━━━━━━━━━━━━━━━━━━━━━━━━ 215.6/215.6 kB 222.4 MB/s eta 0:00:00
#10 37.08 Downloading click-8.4.1-py3-none-any.whl (116 kB)
#10 37.09    ━━━━━━━━━━━━━━━━━━━━━━━━━━━━━━━━━━━━━━━ 116.6/116.6 kB 233.9 MB/s eta 0:00:00
#10 37.10 Downloading ecdsa-0.19.2-py2.py3-none-any.whl (150 kB)
#10 37.11    ━━━━━━━━━━━━━━━━━━━━━━━━━━━━━━━━━━━━━━━ 150.8/150.8 kB 226.9 MB/s eta 0:00:00
#10 37.12 Downloading greenlet-3.5.1-cp311-cp311-manylinux_2_24_x86_64.manylinux_2_28_x86_64.whl (614 kB)
#10 37.13    ━━━━━━━━━━━━━━━━━━━━━━━━━━━━━━━━━━━━━━━ 614.8/614.8 kB 216.5 MB/s eta 0:00:00
#10 37.14 Downloading h11-0.16.0-py3-none-any.whl (37 kB)
#10 37.16 Downloading starlette-0.38.6-py3-none-any.whl (71 kB)
#10 37.16    ━━━━━━━━━━━━━━━━━━━━━━━━━━━━━━━━━━━━━━━━ 71.5/71.5 kB 203.9 MB/s eta 0:00:00
#10 37.18 Downloading anyio-4.13.0-py3-none-any.whl (114 kB)
#10 37.18    ━━━━━━━━━━━━━━━━━━━━━━━━━━━━━━━━━━━━━━━ 114.4/114.4 kB 236.1 MB/s eta 0:00:00
#10 37.20 Downloading idna-3.18-py3-none-any.whl (65 kB)
#10 37.20    ━━━━━━━━━━━━━━━━━━━━━━━━━━━━━━━━━━━━━━━━ 65.5/65.5 kB 180.2 MB/s eta 0:00:00
#10 37.21 Downloading typing_extensions-4.15.0-py3-none-any.whl (44 kB)
#10 37.22    ━━━━━━━━━━━━━━━━━━━━━━━━━━━━━━━━━━━━━━━━ 44.6/44.6 kB 172.1 MB/s eta 0:00:00
#10 37.23 Downloading certifi-2026.5.20-py3-none-any.whl (134 kB)
#10 37.24    ━━━━━━━━━━━━━━━━━━━━━━━━━━━━━━━━━━━━━━━ 134.1/134.1 kB 227.8 MB/s eta 0:00:00
#10 37.25 Downloading pyasn1-0.6.3-py3-none-any.whl (83 kB)
#10 37.25    ━━━━━━━━━━━━━━━━━━━━━━━━━━━━━━━━━━━━━━━━ 84.0/84.0 kB 179.9 MB/s eta 0:00:00
#10 37.27 Downloading rsa-4.9.1-py3-none-any.whl (34 kB)
#10 37.29 Downloading sniffio-1.3.1-py3-none-any.whl (10 kB)
#10 37.30 Downloading six-1.17.0-py2.py3-none-any.whl (11 kB)
#10 37.32 Downloading pycparser-3.0-py3-none-any.whl (48 kB)
#10 37.32    ━━━━━━━━━━━━━━━━━━━━━━━━━━━━━━━━━━━━━━━━ 48.2/48.2 kB 153.7 MB/s eta 0:00:00
#10 37.73 Installing collected packages: typing-extensions, sniffio, six, python-multipart, python-dotenv, PyJWT, pycparser, pyasn1, psycopg2-binary, idna, h11, greenlet, click, certifi, async-timeout, annotated-types, uvicorn, sqlalchemy, rsa, pydantic-core, httpcore, ecdsa, cffi, asyncpg, anyio, starlette, python-jose, pydantic, httpx, cryptography, pydantic-settings, fastapi
#10 53.42 WARNING: Running pip as the 'root' user can result in broken permissions and conflicting behaviour with the system package manager. It is recommended to use a virtual environment instead: https://pip.pypa.io/warnings/venv
#10 53.42 Successfully installed PyJWT-2.9.0 annotated-types-0.7.0 anyio-4.13.0 async-timeout-5.0.1 asyncpg-0.29.0 certifi-2026.5.20 cffi-2.0.0 click-8.4.1 cryptography-42.0.8 ecdsa-0.19.2 fastapi-0.115.0 greenlet-3.5.1 h11-0.16.0 httpcore-1.0.9 httpx-0.27.0 idna-3.18 psycopg2-binary-2.9.9 pyasn1-0.6.3 pycparser-3.0 pydantic-2.8.2 pydantic-core-2.20.1 pydantic-settings-2.4.0 python-dotenv-1.0.1 python-jose-3.3.0 python-multipart-0.0.9 rsa-4.9.1 six-1.17.0 sniffio-1.3.1 sqlalchemy-2.0.30 starlette-0.38.6 typing-extensions-4.15.0 uvicorn-0.30.1
#10 54.45 
#10 54.45 [notice] A new release of pip is available: 24.0 -> 26.1.2
#10 54.45 [notice] To update, run: pip install --upgrade pip
#10 DONE 64.2s

#11 [6/7] COPY services/sales/ ./services/sales/
#11 DONE 2.2s

#12 [7/7] COPY services/common/ ./services/common/
#12 DONE 1.0s

#13 exporting to image
#13 exporting layers
#13 exporting layers 55.0s done
#13 exporting manifest sha256:5794bb99daa452d3558ebcd4ff8a30784262575bcda59e5cd3fa8b2d727dd009
#13 exporting manifest sha256:5794bb99daa452d3558ebcd4ff8a30784262575bcda59e5cd3fa8b2d727dd009 0.0s done
#13 exporting config sha256:8ba72a21ec468e4bca3e62587e7a7f16d8202cfcbdf40d8b9f307c13b5a1e7e8 0.0s done
#13 exporting attestation manifest sha256:292d9fa5064a00c10a6f53a296d8dd7c5292029c1bd4fd3c7689cc5f3edfd11b
#13 exporting attestation manifest sha256:292d9fa5064a00c10a6f53a296d8dd7c5292029c1bd4fd3c7689cc5f3edfd11b 0.2s done
#13 exporting manifest list sha256:36332f56f128cfc6f8c3b76e0a5b569c15fa8e774461cff9d5169e014c136eae
#13 exporting manifest list sha256:36332f56f128cfc6f8c3b76e0a5b569c15fa8e774461cff9d5169e014c136eae 0.0s done
#13 naming to docker.io/library/omnidome-sales:latest
#13 naming to docker.io/library/omnidome-sales:latest 0.2s done
#13 unpacking to docker.io/library/omnidome-sales:latest
#13 unpacking to docker.io/library/omnidome-sales:latest 13.5s done
#13 DONE 70.4s

#14 resolving provenance for metadata file
#14 DONE 0.4s
 Image omnidome-sales Built 
time="2026-06-03T12:12:04Z" level=warning msg="/home/Benedict/omnidome/docker-compose.yaml: the attribute `version` is obsolete, it will be ignored, please remove it to avoid potential confusion"
 Container omnidome-db-1 Running 
 Container omnidome-sales-1 Creating 
 Container omnidome-sales-1 Created 
 Container omnidome-sales-1 Starting 
 Container omnidome-sales-1 Started 
=========================================
Building and starting: billing
=========================================
time="2026-06-03T12:12:09Z" level=warning msg="/home/Benedict/omnidome/docker-compose.yaml: the attribute `version` is obsolete, it will be ignored, please remove it to avoid potential confusion"
 Image omnidome-billing Building 
#1 [internal] load local bake definitions
#1 reading from stdin 521B done
#1 DONE 0.0s

#2 [internal] load build definition from Dockerfile
#2 transferring dockerfile:
#2 transferring dockerfile: 683B 0.8s done
#2 DONE 1.3s

#3 [internal] load metadata for docker.io/library/python:3.11-slim
#3 DONE 4.5s

#4 [internal] load .dockerignore
#4 DONE 0.0s

#4 [internal] load .dockerignore
#4 transferring context: 106B
#4 transferring context: 325B 0.3s done
#4 DONE 0.3s

#5 [1/7] FROM docker.io/library/python:3.11-slim@sha256:a3ab0b966bc4e91546a033e22093cb840908979487a9fc0e6e38295747e49ac0
#5 resolve docker.io/library/python:3.11-slim@sha256:a3ab0b966bc4e91546a033e22093cb840908979487a9fc0e6e38295747e49ac0
#5 resolve docker.io/library/python:3.11-slim@sha256:a3ab0b966bc4e91546a033e22093cb840908979487a9fc0e6e38295747e49ac0 0.8s done
#5 DONE 1.3s

#6 [internal] load build context
#6 transferring context: 95.13kB 1.0s done
#6 DONE 1.0s

#7 [3/7] COPY services/common/requirements.txt ./services/common/requirements.txt
#7 CACHED

#8 [2/7] WORKDIR /app
#8 CACHED

#9 [4/7] COPY services/billing/requirements.txt ./services/billing/requirements.txt
#9 CACHED

#10 [5/7] RUN pip install --no-cache-dir --trusted-host pypi.org --trusted-host pypi.python.org --trusted-host files.pythonhosted.org -r services/billing/requirements.txt
#10 34.24 Collecting fastapi==0.115.0 (from -r services/billing/../common/requirements.txt (line 1))
#10 34.24   Downloading fastapi-0.115.0-py3-none-any.whl.metadata (27 kB)
#10 34.54 Collecting uvicorn==0.30.1 (from -r services/billing/../common/requirements.txt (line 2))
#10 34.76   Downloading uvicorn-0.30.1-py3-none-any.whl.metadata (6.3 kB)
#10 36.54 Collecting pydantic==2.8.2 (from -r services/billing/../common/requirements.txt (line 3))
#10 36.76   Downloading pydantic-2.8.2-py3-none-any.whl.metadata (125 kB)
#10 36.83      ━━━━━━━━━━━━━━━━━━━━━━━━━━━━━━━━━━━━━━━ 125.2/125.2 kB 2.0 MB/s eta 0:00:00
#10 37.26 Collecting pydantic-settings==2.4.0 (from -r services/billing/../common/requirements.txt (line 4))
#10 37.28   Downloading pydantic_settings-2.4.0-py3-none-any.whl.metadata (3.5 kB)
#10 37.31 Collecting python-multipart==0.0.9 (from -r services/billing/../common/requirements.txt (line 5))
#10 37.53   Downloading python_multipart-0.0.9-py3-none-any.whl.metadata (2.5 kB)
#10 37.77 Collecting python-dotenv==1.0.1 (from -r services/billing/../common/requirements.txt (line 6))
#10 37.78   Downloading python_dotenv-1.0.1-py3-none-any.whl.metadata (23 kB)
#10 41.76 Collecting cryptography==42.0.8 (from -r services/billing/../common/requirements.txt (line 7))
#10 41.78   Downloading cryptography-42.0.8-cp39-abi3-manylinux_2_28_x86_64.whl.metadata (5.3 kB)
#10 48.28 Collecting sqlalchemy==2.0.30 (from -r services/billing/../common/requirements.txt (line 8))
#10 48.28   Downloading SQLAlchemy-2.0.30-cp311-cp311-manylinux_2_17_x86_64.manylinux2014_x86_64.whl.metadata (9.6 kB)
#10 48.28 Collecting asyncpg==0.29.0 (from -r services/billing/../common/requirements.txt (line 9))
#10 48.28   Downloading asyncpg-0.29.0-cp311-cp311-manylinux_2_17_x86_64.manylinux2014_x86_64.whl.metadata (4.4 kB)
#10 49.06 Collecting psycopg2-binary==2.9.9 (from -r services/billing/../common/requirements.txt (line 10))
#10 49.06   Downloading psycopg2_binary-2.9.9-cp311-cp311-manylinux_2_17_x86_64.manylinux2014_x86_64.whl.metadata (4.4 kB)
#10 49.28 Collecting python-jose==3.3.0 (from python-jose[cryptography]==3.3.0->-r services/billing/../common/requirements.txt (line 11))
#10 49.51   Downloading python_jose-3.3.0-py2.py3-none-any.whl.metadata (5.4 kB)
#10 49.76 Collecting PyJWT==2.9.0 (from -r services/billing/../common/requirements.txt (line 12))
#10 49.79   Downloading PyJWT-2.9.0-py3-none-any.whl.metadata (3.0 kB)
#10 50.51 Collecting httpx==0.27.0 (from -r services/billing/../common/requirements.txt (line 13))
#10 50.51   Downloading httpx-0.27.0-py3-none-any.whl.metadata (7.2 kB)
#10 51.30 Collecting starlette<0.39.0,>=0.37.2 (from fastapi==0.115.0->-r services/billing/../common/requirements.txt (line 1))
#10 51.30   Downloading starlette-0.38.6-py3-none-any.whl.metadata (6.0 kB)
#10 51.80 Collecting typing-extensions>=4.8.0 (from fastapi==0.115.0->-r services/billing/../common/requirements.txt (line 1))
#10 52.02   Downloading typing_extensions-4.15.0-py3-none-any.whl.metadata (3.3 kB)
#10 52.28 Collecting click>=7.0 (from uvicorn==0.30.1->-r services/billing/../common/requirements.txt (line 2))
#10 52.30   Downloading click-8.4.1-py3-none-any.whl.metadata (2.6 kB)
#10 52.52 Collecting h11>=0.8 (from uvicorn==0.30.1->-r services/billing/../common/requirements.txt (line 2))
#10 52.54   Downloading h11-0.16.0-py3-none-any.whl.metadata (8.3 kB)
#10 52.77 Collecting annotated-types>=0.4.0 (from pydantic==2.8.2->-r services/billing/../common/requirements.txt (line 3))
#10 52.79   Downloading annotated_types-0.7.0-py3-none-any.whl.metadata (15 kB)
#10 64.78 Collecting pydantic-core==2.20.1 (from pydantic==2.8.2->-r services/billing/../common/requirements.txt (line 3))
#10 64.80   Downloading pydantic_core-2.20.1-cp311-cp311-manylinux_2_17_x86_64.manylinux2014_x86_64.whl.metadata (6.6 kB)
#10 67.01 Collecting cffi>=1.12 (from cryptography==42.0.8->-r services/billing/../common/requirements.txt (line 7))
#10 67.03   Downloading cffi-2.0.0-cp311-cp311-manylinux2014_x86_64.manylinux_2_17_x86_64.whl.metadata (2.6 kB)
#10 69.53 Collecting greenlet!=0.4.17 (from sqlalchemy==2.0.30->-r services/billing/../common/requirements.txt (line 8))
#10 69.54   Downloading greenlet-3.5.1-cp311-cp311-manylinux_2_24_x86_64.manylinux_2_28_x86_64.whl.metadata (3.8 kB)
#10 69.80 Collecting async-timeout>=4.0.3 (from asyncpg==0.29.0->-r services/billing/../common/requirements.txt (line 9))
#10 69.81   Downloading async_timeout-5.0.1-py3-none-any.whl.metadata (5.1 kB)
#10 70.27 Collecting ecdsa!=0.15 (from python-jose==3.3.0->python-jose[cryptography]==3.3.0->-r services/billing/../common/requirements.txt (line 11))
#10 70.28   Downloading ecdsa-0.19.2-py2.py3-none-any.whl.metadata (29 kB)
#10 70.52 Collecting rsa (from python-jose==3.3.0->python-jose[cryptography]==3.3.0->-r services/billing/../common/requirements.txt (line 11))
#10 70.54   Downloading rsa-4.9.1-py3-none-any.whl.metadata (5.6 kB)
#10 70.79 Collecting pyasn1 (from python-jose==3.3.0->python-jose[cryptography]==3.3.0->-r services/billing/../common/requirements.txt (line 11))
#10 71.02   Downloading pyasn1-0.6.3-py3-none-any.whl.metadata (8.4 kB)
#10 71.52 Collecting anyio (from httpx==0.27.0->-r services/billing/../common/requirements.txt (line 13))
#10 71.53   Downloading anyio-4.13.0-py3-none-any.whl.metadata (4.5 kB)
#10 71.78 Collecting certifi (from httpx==0.27.0->-r services/billing/../common/requirements.txt (line 13))
#10 71.79   Downloading certifi-2026.5.20-py3-none-any.whl.metadata (2.5 kB)
#10 72.04 Collecting httpcore==1.* (from httpx==0.27.0->-r services/billing/../common/requirements.txt (line 13))
#10 72.05   Downloading httpcore-1.0.9-py3-none-any.whl.metadata (21 kB)
#10 72.30 Collecting idna (from httpx==0.27.0->-r services/billing/../common/requirements.txt (line 13))
#10 72.53   Downloading idna-3.18-py3-none-any.whl.metadata (6.1 kB)
#10 72.55 Collecting sniffio (from httpx==0.27.0->-r services/billing/../common/requirements.txt (line 13))
#10 72.57   Downloading sniffio-1.3.1-py3-none-any.whl.metadata (3.9 kB)
#10 73.01 Collecting email-validator>=2.0.0 (from pydantic[email]==2.8.2->-r services/billing/requirements.txt (line 5))
#10 73.03   Downloading email_validator-2.3.0-py3-none-any.whl.metadata (26 kB)
#10 73.77 Collecting pycparser (from cffi>=1.12->cryptography==42.0.8->-r services/billing/../common/requirements.txt (line 7))
#10 73.79   Downloading pycparser-3.0-py3-none-any.whl.metadata (8.2 kB)
#10 74.05 Collecting six>=1.9.0 (from ecdsa!=0.15->python-jose==3.3.0->python-jose[cryptography]==3.3.0->-r services/billing/../common/requirements.txt (line 11))
#10 74.26   Downloading six-1.17.0-py2.py3-none-any.whl.metadata (1.7 kB)
#10 74.52 Collecting dnspython>=2.0.0 (from email-validator>=2.0.0->pydantic[email]==2.8.2->-r services/billing/requirements.txt (line 5))
#10 74.53   Downloading dnspython-2.8.0-py3-none-any.whl.metadata (5.7 kB)
#10 76.04 Downloading fastapi-0.115.0-py3-none-any.whl (94 kB)
#10 76.06    ━━━━━━━━━━━━━━━━━━━━━━━━━━━━━━━━━━━━━━━━ 94.6/94.6 kB 5.1 MB/s eta 0:00:00
#10 76.07 Downloading uvicorn-0.30.1-py3-none-any.whl (62 kB)
#10 76.26    ━━━━━━━━━━━━━━━━━━━━━━━━━━━━━━━━━━━━━━━━ 62.4/62.4 kB 14.8 MB/s eta 0:00:00
#10 76.28 Downloading pydantic-2.8.2-py3-none-any.whl (423 kB)
#10 76.51    ━━━━━━━━━━━━━━━━━━━━━━━━━━━━━━━━━━━━━━━━ 423.9/423.9 kB 8.5 MB/s eta 0:00:00
#10 76.53 Downloading pydantic_settings-2.4.0-py3-none-any.whl (23 kB)
#10 76.54 Downloading python_multipart-0.0.9-py3-none-any.whl (22 kB)
#10 76.56 Downloading python_dotenv-1.0.1-py3-none-any.whl (19 kB)
#10 76.57 Downloading cryptography-42.0.8-cp39-abi3-manylinux_2_28_x86_64.whl (3.9 MB)
#10 77.51    ━━━━━━━━━━━━━━━━━━━━━━━━━━━━━━━━━━━━━━━━ 3.9/3.9 MB 5.1 MB/s eta 0:00:00
#10 77.54 Downloading SQLAlchemy-2.0.30-cp311-cp311-manylinux_2_17_x86_64.manylinux2014_x86_64.whl (3.2 MB)
#10 78.02    ━━━━━━━━━━━━━━━━━━━━━━━━━━━━━━━━━━━━━━━━ 3.2/3.2 MB 10.8 MB/s eta 0:00:00
#10 78.03 Downloading asyncpg-0.29.0-cp311-cp311-manylinux_2_17_x86_64.manylinux2014_x86_64.whl (2.8 MB)
#10 78.79    ━━━━━━━━━━━━━━━━━━━━━━━━━━━━━━━━━━━━━━━━ 2.8/2.8 MB 3.7 MB/s eta 0:00:00
#10 78.80 Downloading psycopg2_binary-2.9.9-cp311-cp311-manylinux_2_17_x86_64.manylinux2014_x86_64.whl (3.0 MB)
#10 79.28    ━━━━━━━━━━━━━━━━━━━━━━━━━━━━━━━━━━━━━━━━ 3.0/3.0 MB 6.9 MB/s eta 0:00:00
#10 79.30 Downloading python_jose-3.3.0-py2.py3-none-any.whl (33 kB)
#10 79.31 Downloading PyJWT-2.9.0-py3-none-any.whl (22 kB)
#10 79.51 Downloading httpx-0.27.0-py3-none-any.whl (75 kB)
#10 79.52    ━━━━━━━━━━━━━━━━━━━━━━━━━━━━━━━━━━━━━━━━ 75.6/75.6 kB 117.1 MB/s eta 0:00:00
#10 79.53 Downloading httpcore-1.0.9-py3-none-any.whl (78 kB)
#10 79.54    ━━━━━━━━━━━━━━━━━━━━━━━━━━━━━━━━━━━━━━━━ 78.8/78.8 kB 161.1 MB/s eta 0:00:00
#10 79.56 Downloading pydantic_core-2.20.1-cp311-cp311-manylinux_2_17_x86_64.manylinux2014_x86_64.whl (2.1 MB)
#10 79.79    ━━━━━━━━━━━━━━━━━━━━━━━━━━━━━━━━━━━━━━━━ 2.1/2.1 MB 9.0 MB/s eta 0:00:00
#10 79.80 Downloading annotated_types-0.7.0-py3-none-any.whl (13 kB)
#10 79.82 Downloading async_timeout-5.0.1-py3-none-any.whl (6.2 kB)
#10 79.84 Downloading cffi-2.0.0-cp311-cp311-manylinux2014_x86_64.manylinux_2_17_x86_64.whl (215 kB)
#10 80.01    ━━━━━━━━━━━━━━━━━━━━━━━━━━━━━━━━━━━━━━━ 215.6/215.6 kB 216.8 MB/s eta 0:00:00
#10 80.03 Downloading click-8.4.1-py3-none-any.whl (116 kB)
#10 80.03    ━━━━━━━━━━━━━━━━━━━━━━━━━━━━━━━━━━━━━━━ 116.6/116.6 kB 182.6 MB/s eta 0:00:00
#10 80.05 Downloading ecdsa-0.19.2-py2.py3-none-any.whl (150 kB)
#10 80.05    ━━━━━━━━━━━━━━━━━━━━━━━━━━━━━━━━━━━━━━━ 150.8/150.8 kB 216.6 MB/s eta 0:00:00
#10 80.07 Downloading email_validator-2.3.0-py3-none-any.whl (35 kB)
#10 80.27 Downloading greenlet-3.5.1-cp311-cp311-manylinux_2_24_x86_64.manylinux_2_28_x86_64.whl (614 kB)
#10 80.54    ━━━━━━━━━━━━━━━━━━━━━━━━━━━━━━━━━━━━━━━━ 614.8/614.8 kB 34.5 MB/s eta 0:00:00
#10 80.79 Downloading h11-0.16.0-py3-none-any.whl (37 kB)
#10 81.03 Downloading idna-3.18-py3-none-any.whl (65 kB)
#10 81.26    ━━━━━━━━━━━━━━━━━━━━━━━━━━━━━━━━━━━━━━━━ 65.5/65.5 kB 84.1 MB/s eta 0:00:00
#10 81.29 Downloading starlette-0.38.6-py3-none-any.whl (71 kB)
#10 81.54    ━━━━━━━━━━━━━━━━━━━━━━━━━━━━━━━━━━━━━━━━ 71.5/71.5 kB 30.5 MB/s eta 0:00:00
#10 81.76 Downloading anyio-4.13.0-py3-none-any.whl (114 kB)
#10 81.77    ━━━━━━━━━━━━━━━━━━━━━━━━━━━━━━━━━━━━━━━━ 114.4/114.4 kB 55.2 MB/s eta 0:00:00
#10 81.79 Downloading typing_extensions-4.15.0-py3-none-any.whl (44 kB)
#10 82.02    ━━━━━━━━━━━━━━━━━━━━━━━━━━━━━━━━━━━━━━━━ 44.6/44.6 kB 90.8 MB/s eta 0:00:00
#10 82.04 Downloading certifi-2026.5.20-py3-none-any.whl (134 kB)
#10 82.28    ━━━━━━━━━━━━━━━━━━━━━━━━━━━━━━━━━━━━━━━ 134.1/134.1 kB 522.0 kB/s eta 0:00:00
#10 83.51 Downloading pyasn1-0.6.3-py3-none-any.whl (83 kB)
#10 83.52    ━━━━━━━━━━━━━━━━━━━━━━━━━━━━━━━━━━━━━━━━ 84.0/84.0 kB 94.3 MB/s eta 0:00:00
#10 83.77 Downloading rsa-4.9.1-py3-none-any.whl (34 kB)
#10 84.02 Downloading sniffio-1.3.1-py3-none-any.whl (10 kB)
#10 84.04 Downloading dnspython-2.8.0-py3-none-any.whl (331 kB)
#10 84.27    ━━━━━━━━━━━━━━━━━━━━━━━━━━━━━━━━━━━━━━━━ 331.1/331.1 kB 81.1 MB/s eta 0:00:00
#10 84.29 Downloading six-1.17.0-py2.py3-none-any.whl (11 kB)
#10 84.30 Downloading pycparser-3.0-py3-none-any.whl (48 kB)
#10 84.52    ━━━━━━━━━━━━━━━━━━━━━━━━━━━━━━━━━━━━━━━━ 48.2/48.2 kB 7.1 MB/s eta 0:00:00
#10 88.52 Installing collected packages: typing-extensions, sniffio, six, python-multipart, python-dotenv, PyJWT, pycparser, pyasn1, psycopg2-binary, idna, h11, greenlet, dnspython, click, certifi, async-timeout, annotated-types, uvicorn, sqlalchemy, rsa, pydantic-core, httpcore, email-validator, ecdsa, cffi, asyncpg, anyio, starlette, python-jose, pydantic, httpx, cryptography, pydantic-settings, fastapi
#10 133.3 Successfully installed PyJWT-2.9.0 annotated-types-0.7.0 anyio-4.13.0 async-timeout-5.0.1 asyncpg-0.29.0 certifi-2026.5.20 cffi-2.0.0 click-8.4.1 cryptography-42.0.8 dnspython-2.8.0 ecdsa-0.19.2 email-validator-2.3.0 fastapi-0.115.0 greenlet-3.5.1 h11-0.16.0 httpcore-1.0.9 httpx-0.27.0 idna-3.18 psycopg2-binary-2.9.9 pyasn1-0.6.3 pycparser-3.0 pydantic-2.8.2 pydantic-core-2.20.1 pydantic-settings-2.4.0 python-dotenv-1.0.1 python-jose-3.3.0 python-multipart-0.0.9 rsa-4.9.1 six-1.17.0 sniffio-1.3.1 sqlalchemy-2.0.30 starlette-0.38.6 typing-extensions-4.15.0 uvicorn-0.30.1
#10 133.3 WARNING: Running pip as the 'root' user can result in broken permissions and conflicting behaviour with the system package manager. It is recommended to use a virtual environment instead: https://pip.pypa.io/warnings/venv
#10 134.8 
#10 134.8 [notice] A new release of pip is available: 24.0 -> 26.1.2
#10 134.8 [notice] To update, run: pip install --upgrade pip
#10 DONE 145.6s

#11 [6/7] COPY services/billing/ ./services/billing/
#11 DONE 3.6s

#12 [7/7] COPY services/common/ ./services/common/
#12 DONE 0.6s

#13 exporting to image
#13 exporting layers
#13 exporting layers 51.9s done
#13 exporting manifest sha256:e3c927f3ffd70d116b4e37ed54f301903accdbb612711d77394bf26416b03dcb
#13 exporting manifest sha256:e3c927f3ffd70d116b4e37ed54f301903accdbb612711d77394bf26416b03dcb 0.0s done
#13 exporting config sha256:3a2dfddffce8eaae7adcf456da8363829492a3d87ff25f7cbeee1ce83dca2534 0.0s done
#13 exporting attestation manifest sha256:51fc92e4b87ed81b58146f371366907dfa968f7685d101dd3afa227ce485bf90
#13 exporting attestation manifest sha256:51fc92e4b87ed81b58146f371366907dfa968f7685d101dd3afa227ce485bf90 0.1s done
#13 exporting manifest list sha256:ea0c1b21c558dbefa101706dd3b9c214d990ed2f3e4d2727742d0013930029af 0.0s done
#13 naming to docker.io/library/omnidome-billing:latest 0.1s done
#13 unpacking to docker.io/library/omnidome-billing:latest
#13 unpacking to docker.io/library/omnidome-billing:latest 15.2s done
#13 DONE 69.1s

#14 resolving provenance for metadata file
#14 DONE 1.4s
 Image omnidome-billing Built 
time="2026-06-03T12:16:17Z" level=warning msg="/home/Benedict/omnidome/docker-compose.yaml: the attribute `version` is obsolete, it will be ignored, please remove it to avoid potential confusion"
 Container omnidome-db-1 Running 
 Container omnidome-billing-1 Creating 
 Container omnidome-billing-1 Created 
 Container omnidome-billing-1 Starting 
 Container omnidome-billing-1 Started 
=========================================
Building and starting: finance
=========================================
time="2026-06-03T12:16:26Z" level=warning msg="/home/Benedict/omnidome/docker-compose.yaml: the attribute `version` is obsolete, it will be ignored, please remove it to avoid potential confusion"
 Image omnidome-finance Building 
#1 [internal] load local bake definitions
#1 reading from stdin 521B done
#1 DONE 0.0s

#2 [internal] load build definition from Dockerfile
#2 DONE 0.2s

#2 [internal] load build definition from Dockerfile
#2 transferring dockerfile:
#2 transferring dockerfile: 683B 0.5s done
#2 DONE 1.8s

#3 [internal] load metadata for docker.io/library/python:3.11-slim
#3 DONE 3.2s

#4 [internal] load .dockerignore
#4 transferring context: 325B 0.1s done
#4 DONE 0.1s

#5 [internal] load build context
#5 ...

#6 [1/7] FROM docker.io/library/python:3.11-slim@sha256:a3ab0b966bc4e91546a033e22093cb840908979487a9fc0e6e38295747e49ac0
#6 resolve docker.io/library/python:3.11-slim@sha256:a3ab0b966bc4e91546a033e22093cb840908979487a9fc0e6e38295747e49ac0 0.2s done
#6 DONE 0.4s

#5 [internal] load build context
#5 transferring context: 7.84kB 0.2s done
#5 DONE 0.5s

#7 [2/7] WORKDIR /app
#7 CACHED

#8 [3/7] COPY services/common/requirements.txt ./services/common/requirements.txt
#8 CACHED

#9 [4/7] COPY services/finance/requirements.txt ./services/finance/requirements.txt
#9 CACHED

#10 [5/7] RUN pip install --no-cache-dir --trusted-host pypi.org --trusted-host pypi.python.org --trusted-host files.pythonhosted.org -r services/finance/requirements.txt
#10 44.77 Collecting fastapi==0.115.0 (from -r services/finance/../common/requirements.txt (line 1))
#10 44.99   Downloading fastapi-0.115.0-py3-none-any.whl.metadata (27 kB)
#10 45.73 Collecting uvicorn==0.30.1 (from -r services/finance/../common/requirements.txt (line 2))
#10 45.75   Downloading uvicorn-0.30.1-py3-none-any.whl.metadata (6.3 kB)
#10 48.00 Collecting pydantic==2.8.2 (from -r services/finance/../common/requirements.txt (line 3))
#10 48.01   Downloading pydantic-2.8.2-py3-none-any.whl.metadata (125 kB)
#10 48.23      ━━━━━━━━━━━━━━━━━━━━━━━━━━━━━━━━━━━━━ 125.2/125.2 kB 546.3 kB/s eta 0:00:00
#10 48.49 Collecting pydantic-settings==2.4.0 (from -r services/finance/../common/requirements.txt (line 4))
#10 48.51   Downloading pydantic_settings-2.4.0-py3-none-any.whl.metadata (3.5 kB)
#10 48.75 Collecting python-multipart==0.0.9 (from -r services/finance/../common/requirements.txt (line 5))
#10 48.76   Downloading python_multipart-0.0.9-py3-none-any.whl.metadata (2.5 kB)
#10 49.00 Collecting python-dotenv==1.0.1 (from -r services/finance/../common/requirements.txt (line 6))
#10 49.02   Downloading python_dotenv-1.0.1-py3-none-any.whl.metadata (23 kB)
#10 52.99 Collecting cryptography==42.0.8 (from -r services/finance/../common/requirements.txt (line 7))
#10 53.00   Downloading cryptography-42.0.8-cp39-abi3-manylinux_2_28_x86_64.whl.metadata (5.3 kB)
#10 57.73 Collecting sqlalchemy==2.0.30 (from -r services/finance/../common/requirements.txt (line 8))
#10 57.74   Downloading SQLAlchemy-2.0.30-cp311-cp311-manylinux_2_17_x86_64.manylinux2014_x86_64.whl.metadata (9.6 kB)
#10 58.49 Collecting asyncpg==0.29.0 (from -r services/finance/../common/requirements.txt (line 9))
#10 58.51   Downloading asyncpg-0.29.0-cp311-cp311-manylinux_2_17_x86_64.manylinux2014_x86_64.whl.metadata (4.4 kB)
#10 60.48 Collecting psycopg2-binary==2.9.9 (from -r services/finance/../common/requirements.txt (line 10))
#10 60.50   Downloading psycopg2_binary-2.9.9-cp311-cp311-manylinux_2_17_x86_64.manylinux2014_x86_64.whl.metadata (4.4 kB)
#10 60.73 Collecting python-jose==3.3.0 (from python-jose[cryptography]==3.3.0->-r services/finance/../common/requirements.txt (line 11))
#10 60.75   Downloading python_jose-3.3.0-py2.py3-none-any.whl.metadata (5.4 kB)
#10 60.99 Collecting PyJWT==2.9.0 (from -r services/finance/../common/requirements.txt (line 12))
#10 61.01   Downloading PyJWT-2.9.0-py3-none-any.whl.metadata (3.0 kB)
#10 61.48 Collecting httpx==0.27.0 (from -r services/finance/../common/requirements.txt (line 13))
#10 61.49   Downloading httpx-0.27.0-py3-none-any.whl.metadata (7.2 kB)
#10 62.24 Collecting starlette<0.39.0,>=0.37.2 (from fastapi==0.115.0->-r services/finance/../common/requirements.txt (line 1))
#10 62.26   Downloading starlette-0.38.6-py3-none-any.whl.metadata (6.0 kB)
#10 62.98 Collecting typing-extensions>=4.8.0 (from fastapi==0.115.0->-r services/finance/../common/requirements.txt (line 1))
#10 63.00   Downloading typing_extensions-4.15.0-py3-none-any.whl.metadata (3.3 kB)
#10 63.48 Collecting click>=7.0 (from uvicorn==0.30.1->-r services/finance/../common/requirements.txt (line 2))
#10 63.49   Downloading click-8.4.1-py3-none-any.whl.metadata (2.6 kB)
#10 63.52 Collecting h11>=0.8 (from uvicorn==0.30.1->-r services/finance/../common/requirements.txt (line 2))
#10 63.73   Downloading h11-0.16.0-py3-none-any.whl.metadata (8.3 kB)
#10 63.77 Collecting annotated-types>=0.4.0 (from pydantic==2.8.2->-r services/finance/../common/requirements.txt (line 3))
#10 63.98   Downloading annotated_types-0.7.0-py3-none-any.whl.metadata (15 kB)
#10 76.23 Collecting pydantic-core==2.20.1 (from pydantic==2.8.2->-r services/finance/../common/requirements.txt (line 3))
#10 76.25   Downloading pydantic_core-2.20.1-cp311-cp311-manylinux_2_17_x86_64.manylinux2014_x86_64.whl.metadata (6.6 kB)
#10 78.48 Collecting cffi>=1.12 (from cryptography==42.0.8->-r services/finance/../common/requirements.txt (line 7))
#10 78.50   Downloading cffi-2.0.0-cp311-cp311-manylinux2014_x86_64.manylinux_2_17_x86_64.whl.metadata (2.6 kB)
#10 80.74 Collecting greenlet!=0.4.17 (from sqlalchemy==2.0.30->-r services/finance/../common/requirements.txt (line 8))
#10 80.76   Downloading greenlet-3.5.1-cp311-cp311-manylinux_2_24_x86_64.manylinux_2_28_x86_64.whl.metadata (3.8 kB)
#10 81.01 Collecting async-timeout>=4.0.3 (from asyncpg==0.29.0->-r services/finance/../common/requirements.txt (line 9))
#10 81.03   Downloading async_timeout-5.0.1-py3-none-any.whl.metadata (5.1 kB)
#10 81.48 Collecting ecdsa!=0.15 (from python-jose==3.3.0->python-jose[cryptography]==3.3.0->-r services/finance/../common/requirements.txt (line 11))
#10 81.50   Downloading ecdsa-0.19.2-py2.py3-none-any.whl.metadata (29 kB)
#10 81.73 Collecting rsa (from python-jose==3.3.0->python-jose[cryptography]==3.3.0->-r services/finance/../common/requirements.txt (line 11))
#10 81.75   Downloading rsa-4.9.1-py3-none-any.whl.metadata (5.6 kB)
#10 82.00 Collecting pyasn1 (from python-jose==3.3.0->python-jose[cryptography]==3.3.0->-r services/finance/../common/requirements.txt (line 11))
#10 82.23   Downloading pyasn1-0.6.3-py3-none-any.whl.metadata (8.4 kB)
#10 82.73 Collecting anyio (from httpx==0.27.0->-r services/finance/../common/requirements.txt (line 13))
#10 82.75   Downloading anyio-4.13.0-py3-none-any.whl.metadata (4.5 kB)
#10 82.99 Collecting certifi (from httpx==0.27.0->-r services/finance/../common/requirements.txt (line 13))
#10 83.01   Downloading certifi-2026.5.20-py3-none-any.whl.metadata (2.5 kB)
#10 83.25 Collecting httpcore==1.* (from httpx==0.27.0->-r services/finance/../common/requirements.txt (line 13))
#10 83.48   Downloading httpcore-1.0.9-py3-none-any.whl.metadata (21 kB)
#10 83.51 Collecting idna (from httpx==0.27.0->-r services/finance/../common/requirements.txt (line 13))
#10 83.73   Downloading idna-3.18-py3-none-any.whl.metadata (6.1 kB)
#10 83.75 Collecting sniffio (from httpx==0.27.0->-r services/finance/../common/requirements.txt (line 13))
#10 83.77   Downloading sniffio-1.3.1-py3-none-any.whl.metadata (3.9 kB)
#10 84.51 Collecting pycparser (from cffi>=1.12->cryptography==42.0.8->-r services/finance/../common/requirements.txt (line 7))
#10 84.74   Downloading pycparser-3.0-py3-none-any.whl.metadata (8.2 kB)
#10 84.99 Collecting six>=1.9.0 (from ecdsa!=0.15->python-jose==3.3.0->python-jose[cryptography]==3.3.0->-r services/finance/../common/requirements.txt (line 11))
#10 85.01   Downloading six-1.17.0-py2.py3-none-any.whl.metadata (1.7 kB)
#10 86.23 Downloading fastapi-0.115.0-py3-none-any.whl (94 kB)
#10 86.24    ━━━━━━━━━━━━━━━━━━━━━━━━━━━━━━━━━━━━━━━━ 94.6/94.6 kB 7.9 MB/s eta 0:00:00
#10 86.26 Downloading uvicorn-0.30.1-py3-none-any.whl (62 kB)
#10 86.31    ━━━━━━━━━━━━━━━━━━━━━━━━━━━━━━━━━━━━━━━━ 62.4/62.4 kB 1.7 MB/s eta 0:00:00
#10 86.48 Downloading pydantic-2.8.2-py3-none-any.whl (423 kB)
#10 86.56    ━━━━━━━━━━━━━━━━━━━━━━━━━━━━━━━━━━━━━━━━ 423.9/423.9 kB 5.0 MB/s eta 0:00:00
#10 86.74 Downloading pydantic_settings-2.4.0-py3-none-any.whl (23 kB)
#10 86.76 Downloading python_multipart-0.0.9-py3-none-any.whl (22 kB)
#10 86.78 Downloading python_dotenv-1.0.1-py3-none-any.whl (19 kB)
#10 86.79 Downloading cryptography-42.0.8-cp39-abi3-manylinux_2_28_x86_64.whl (3.9 MB)
#10 88.25    ━━━━━━━━━━━━━━━━━━━━━━━━━━━━━━━━━━━━━━━━ 3.9/3.9 MB 2.6 MB/s eta 0:00:00
#10 88.48 Downloading SQLAlchemy-2.0.30-cp311-cp311-manylinux_2_17_x86_64.manylinux2014_x86_64.whl (3.2 MB)
#10 89.01    ━━━━━━━━━━━━━━━━━━━━━━━━━━━━━━━━━━━━━━━━ 3.2/3.2 MB 6.0 MB/s eta 0:00:00
#10 89.03 Downloading asyncpg-0.29.0-cp311-cp311-manylinux_2_17_x86_64.manylinux2014_x86_64.whl (2.8 MB)
#10 89.49    ━━━━━━━━━━━━━━━━━━━━━━━━━━━━━━━━━━━━━━━━ 2.8/2.8 MB 6.1 MB/s eta 0:00:00
#10 89.51 Downloading psycopg2_binary-2.9.9-cp311-cp311-manylinux_2_17_x86_64.manylinux2014_x86_64.whl (3.0 MB)
#10 90.73    ━━━━━━━━━━━━━━━━━━━━━━━━━━━━━━━━━━━━━━━━ 3.0/3.0 MB 2.8 MB/s eta 0:00:00
#10 90.74 Downloading python_jose-3.3.0-py2.py3-none-any.whl (33 kB)
#10 90.76 Downloading PyJWT-2.9.0-py3-none-any.whl (22 kB)
#10 90.78 Downloading httpx-0.27.0-py3-none-any.whl (75 kB)
#10 90.78    ━━━━━━━━━━━━━━━━━━━━━━━━━━━━━━━━━━━━━━━━ 75.6/75.6 kB 170.8 MB/s eta 0:00:00
#10 90.98 Downloading httpcore-1.0.9-py3-none-any.whl (78 kB)
#10 90.98    ━━━━━━━━━━━━━━━━━━━━━━━━━━━━━━━━━━━━━━━━ 78.8/78.8 kB 198.5 MB/s eta 0:00:00
#10 91.00 Downloading pydantic_core-2.20.1-cp311-cp311-manylinux_2_17_x86_64.manylinux2014_x86_64.whl (2.1 MB)
#10 91.23    ━━━━━━━━━━━━━━━━━━━━━━━━━━━━━━━━━━━━━━━━ 2.1/2.1 MB 9.1 MB/s eta 0:00:00
#10 91.24 Downloading annotated_types-0.7.0-py3-none-any.whl (13 kB)
#10 91.26 Downloading async_timeout-5.0.1-py3-none-any.whl (6.2 kB)
#10 91.28 Downloading cffi-2.0.0-cp311-cp311-manylinux2014_x86_64.manylinux_2_17_x86_64.whl (215 kB)
#10 91.28    ━━━━━━━━━━━━━━━━━━━━━━━━━━━━━━━━━━━━━━━━ 215.6/215.6 kB 44.7 MB/s eta 0:00:00
#10 91.48 Downloading click-8.4.1-py3-none-any.whl (116 kB)
#10 91.48    ━━━━━━━━━━━━━━━━━━━━━━━━━━━━━━━━━━━━━━━ 116.6/116.6 kB 106.4 MB/s eta 0:00:00
#10 91.50 Downloading ecdsa-0.19.2-py2.py3-none-any.whl (150 kB)
#10 91.51    ━━━━━━━━━━━━━━━━━━━━━━━━━━━━━━━━━━━━━━━━ 150.8/150.8 kB 19.4 MB/s eta 0:00:00
#10 91.53 Downloading greenlet-3.5.1-cp311-cp311-manylinux_2_24_x86_64.manylinux_2_28_x86_64.whl (614 kB)
#10 91.73    ━━━━━━━━━━━━━━━━━━━━━━━━━━━━━━━━━━━━━━━━ 614.8/614.8 kB 3.0 MB/s eta 0:00:00
#10 91.75 Downloading h11-0.16.0-py3-none-any.whl (37 kB)
#10 91.76 Downloading starlette-0.38.6-py3-none-any.whl (71 kB)
#10 91.77    ━━━━━━━━━━━━━━━━━━━━━━━━━━━━━━━━━━━━━━━━ 71.5/71.5 kB 215.3 MB/s eta 0:00:00
#10 91.78 Downloading anyio-4.13.0-py3-none-any.whl (114 kB)
#10 91.98    ━━━━━━━━━━━━━━━━━━━━━━━━━━━━━━━━━━━━━━━ 114.4/114.4 kB 125.2 MB/s eta 0:00:00
#10 91.99 Downloading idna-3.18-py3-none-any.whl (65 kB)
#10 92.00    ━━━━━━━━━━━━━━━━━━━━━━━━━━━━━━━━━━━━━━━━ 65.5/65.5 kB 19.1 MB/s eta 0:00:00
#10 92.02 Downloading typing_extensions-4.15.0-py3-none-any.whl (44 kB)
#10 92.02    ━━━━━━━━━━━━━━━━━━━━━━━━━━━━━━━━━━━━━━━━ 44.6/44.6 kB 176.3 MB/s eta 0:00:00
#10 92.23 Downloading certifi-2026.5.20-py3-none-any.whl (134 kB)
#10 92.23    ━━━━━━━━━━━━━━━━━━━━━━━━━━━━━━━━━━━━━━━ 134.1/134.1 kB 129.0 MB/s eta 0:00:00
#10 92.25 Downloading pyasn1-0.6.3-py3-none-any.whl (83 kB)
#10 92.25    ━━━━━━━━━━━━━━━━━━━━━━━━━━━━━━━━━━━━━━━━ 84.0/84.0 kB 36.5 MB/s eta 0:00:00
#10 92.27 Downloading rsa-4.9.1-py3-none-any.whl (34 kB)
#10 92.28 Downloading sniffio-1.3.1-py3-none-any.whl (10 kB)
#10 92.48 Downloading six-1.17.0-py2.py3-none-any.whl (11 kB)
#10 92.49 Downloading pycparser-3.0-py3-none-any.whl (48 kB)
#10 92.50    ━━━━━━━━━━━━━━━━━━━━━━━━━━━━━━━━━━━━━━━━ 48.2/48.2 kB 172.1 MB/s eta 0:00:00
#10 95.74 Installing collected packages: typing-extensions, sniffio, six, python-multipart, python-dotenv, PyJWT, pycparser, pyasn1, psycopg2-binary, idna, h11, greenlet, click, certifi, async-timeout, annotated-types, uvicorn, sqlalchemy, rsa, pydantic-core, httpcore, ecdsa, cffi, asyncpg, anyio, starlette, python-jose, pydantic, httpx, cryptography, pydantic-settings, fastapi
#10 139.7 Successfully installed PyJWT-2.9.0 annotated-types-0.7.0 anyio-4.13.0 async-timeout-5.0.1 asyncpg-0.29.0 certifi-2026.5.20 cffi-2.0.0 click-8.4.1 cryptography-42.0.8 ecdsa-0.19.2 fastapi-0.115.0 greenlet-3.5.1 h11-0.16.0 httpcore-1.0.9 httpx-0.27.0 idna-3.18 psycopg2-binary-2.9.9 pyasn1-0.6.3 pycparser-3.0 pydantic-2.8.2 pydantic-core-2.20.1 pydantic-settings-2.4.0 python-dotenv-1.0.1 python-jose-3.3.0 python-multipart-0.0.9 rsa-4.9.1 six-1.17.0 sniffio-1.3.1 sqlalchemy-2.0.30 starlette-0.38.6 typing-extensions-4.15.0 uvicorn-0.30.1
#10 139.7 WARNING: Running pip as the 'root' user can result in broken permissions and conflicting behaviour with the system package manager. It is recommended to use a virtual environment instead: https://pip.pypa.io/warnings/venv
#10 142.2 
#10 142.2 [notice] A new release of pip is available: 24.0 -> 26.1.2
#10 142.2 [notice] To update, run: pip install --upgrade pip
#10 DONE 156.8s

#11 [6/7] COPY services/finance/ ./services/finance/
#11 DONE 4.7s

#12 [7/7] COPY services/common/ ./services/common/
#12 DONE 2.0s

#13 exporting to image
#13 exporting layers 0.0s
#13 exporting layers 61.3s done
#13 exporting manifest sha256:b1dbca4044aad629995df2b4f0f3a1ad49dfa1b16fb088ebf3901b7f96fe757e
#13 exporting manifest sha256:b1dbca4044aad629995df2b4f0f3a1ad49dfa1b16fb088ebf3901b7f96fe757e 0.2s done
#13 exporting config sha256:5c9559f4c919fe27208e31bd5ed965eb1b68e9d01b9137f11d258b5e6f8758d2
#13 exporting config sha256:5c9559f4c919fe27208e31bd5ed965eb1b68e9d01b9137f11d258b5e6f8758d2 0.0s done
#13 exporting attestation manifest sha256:807f0e8d13867f4c6af027e92051876b0fd308ea9ee2b8e8e1df461a32149575
#13 exporting attestation manifest sha256:807f0e8d13867f4c6af027e92051876b0fd308ea9ee2b8e8e1df461a32149575 0.3s done
#13 exporting manifest list sha256:8f58ab93bfd9ec00ab73a0d04f99f078633362c301afc2a7456a2c45c2924eda
#13 exporting manifest list sha256:8f58ab93bfd9ec00ab73a0d04f99f078633362c301afc2a7456a2c45c2924eda 0.3s done
#13 naming to docker.io/library/omnidome-finance:latest
#13 naming to docker.io/library/omnidome-finance:latest 0.2s done
#13 unpacking to docker.io/library/omnidome-finance:latest
#13 unpacking to docker.io/library/omnidome-finance:latest 17.7s done
#13 DONE 82.8s

#14 resolving provenance for metadata file
#14 DONE 0.5s
 Image omnidome-finance Built 
time="2026-06-03T12:21:08Z" level=warning msg="/home/Benedict/omnidome/docker-compose.yaml: the attribute `version` is obsolete, it will be ignored, please remove it to avoid potential confusion"
 Container omnidome-db-1 Running 
 Container omnidome-finance-1 Creating 
 Container omnidome-finance-1 Created 
 Container omnidome-finance-1 Starting 
 Container omnidome-finance-1 Started 
=========================================
Building and starting: rica
=========================================
time="2026-06-03T12:21:17Z" level=warning msg="/home/Benedict/omnidome/docker-compose.yaml: the attribute `version` is obsolete, it will be ignored, please remove it to avoid potential confusion"
 Image omnidome-rica Building 
#1 [internal] load local bake definitions
#1 reading from stdin 506B
#1 reading from stdin 506B done
#1 DONE 0.0s

#2 [internal] load build definition from Dockerfile
#2 DONE 0.1s

#2 [internal] load build definition from Dockerfile
#2 transferring dockerfile:
#2 transferring dockerfile: 652B 0.5s done
#2 DONE 2.1s

#3 [internal] load metadata for docker.io/library/python:3.11-slim
#3 DONE 4.5s

#4 [internal] load .dockerignore
#4 transferring context: 325B 0.1s done
#4 DONE 0.1s

#5 [1/7] FROM docker.io/library/python:3.11-slim@sha256:a3ab0b966bc4e91546a033e22093cb840908979487a9fc0e6e38295747e49ac0
#5 resolve docker.io/library/python:3.11-slim@sha256:a3ab0b966bc4e91546a033e22093cb840908979487a9fc0e6e38295747e49ac0
#5 ...

#6 [internal] load build context
#6 transferring context: 6.24kB 0.2s done
#6 DONE 0.5s

#5 [1/7] FROM docker.io/library/python:3.11-slim@sha256:a3ab0b966bc4e91546a033e22093cb840908979487a9fc0e6e38295747e49ac0
#5 resolve docker.io/library/python:3.11-slim@sha256:a3ab0b966bc4e91546a033e22093cb840908979487a9fc0e6e38295747e49ac0 0.5s done
#5 DONE 0.7s

#7 [2/7] WORKDIR /app
#7 CACHED

#8 [3/7] COPY services/common/requirements.txt ./services/common/requirements.txt
#8 CACHED

#9 [4/7] COPY services/rica/requirements.txt ./services/rica/requirements.txt
#9 CACHED

#10 [5/7] RUN pip install --no-cache-dir --trusted-host pypi.org --trusted-host pypi.python.org --trusted-host files.pythonhosted.org -r services/rica/requirements.txt
#10 35.88 Collecting fastapi==0.115.0 (from -r services/rica/../common/requirements.txt (line 1))
#10 36.12   Downloading fastapi-0.115.0-py3-none-any.whl.metadata (27 kB)
#10 36.85 Collecting uvicorn==0.30.1 (from -r services/rica/../common/requirements.txt (line 2))
#10 36.86   Downloading uvicorn-0.30.1-py3-none-any.whl.metadata (6.3 kB)
#10 38.87 Collecting pydantic==2.8.2 (from -r services/rica/../common/requirements.txt (line 3))
#10 39.11   Downloading pydantic-2.8.2-py3-none-any.whl.metadata (125 kB)
#10 39.16      ━━━━━━━━━━━━━━━━━━━━━━━━━━━━━━━━━━━━━━━ 125.2/125.2 kB 3.4 MB/s eta 0:00:00
#10 39.60 Collecting pydantic-settings==2.4.0 (from -r services/rica/../common/requirements.txt (line 4))
#10 39.62   Downloading pydantic_settings-2.4.0-py3-none-any.whl.metadata (3.5 kB)
#10 39.86 Collecting python-multipart==0.0.9 (from -r services/rica/../common/requirements.txt (line 5))
#10 39.87   Downloading python_multipart-0.0.9-py3-none-any.whl.metadata (2.5 kB)
#10 40.11 Collecting python-dotenv==1.0.1 (from -r services/rica/../common/requirements.txt (line 6))
#10 40.13   Downloading python_dotenv-1.0.1-py3-none-any.whl.metadata (23 kB)
#10 44.10 Collecting cryptography==42.0.8 (from -r services/rica/../common/requirements.txt (line 7))
#10 44.12   Downloading cryptography-42.0.8-cp39-abi3-manylinux_2_28_x86_64.whl.metadata (5.3 kB)
#10 48.61 Collecting sqlalchemy==2.0.30 (from -r services/rica/../common/requirements.txt (line 8))
#10 48.63   Downloading SQLAlchemy-2.0.30-cp311-cp311-manylinux_2_17_x86_64.manylinux2014_x86_64.whl.metadata (9.6 kB)
#10 49.35 Collecting asyncpg==0.29.0 (from -r services/rica/../common/requirements.txt (line 9))
#10 49.36   Downloading asyncpg-0.29.0-cp311-cp311-manylinux_2_17_x86_64.manylinux2014_x86_64.whl.metadata (4.4 kB)
#10 50.87 Collecting psycopg2-binary==2.9.9 (from -r services/rica/../common/requirements.txt (line 10))
#10 50.88   Downloading psycopg2_binary-2.9.9-cp311-cp311-manylinux_2_17_x86_64.manylinux2014_x86_64.whl.metadata (4.4 kB)
#10 51.13 Collecting python-jose==3.3.0 (from python-jose[cryptography]==3.3.0->-r services/rica/../common/requirements.txt (line 11))
#10 51.34   Downloading python_jose-3.3.0-py2.py3-none-any.whl.metadata (5.4 kB)
#10 51.60 Collecting PyJWT==2.9.0 (from -r services/rica/../common/requirements.txt (line 12))
#10 51.61   Downloading PyJWT-2.9.0-py3-none-any.whl.metadata (3.0 kB)
#10 51.86 Collecting httpx==0.27.0 (from -r services/rica/../common/requirements.txt (line 13))
#10 51.88   Downloading httpx-0.27.0-py3-none-any.whl.metadata (7.2 kB)
#10 52.11 Collecting smile-id-core==3.0.1 (from -r services/rica/requirements.txt (line 4))
#10 52.13   Downloading smile_id_core-3.0.1-py3-none-any.whl.metadata (5.0 kB)
#10 52.87 Collecting starlette<0.39.0,>=0.37.2 (from fastapi==0.115.0->-r services/rica/../common/requirements.txt (line 1))
#10 53.09   Downloading starlette-0.38.6-py3-none-any.whl.metadata (6.0 kB)
#10 53.61 Collecting typing-extensions>=4.8.0 (from fastapi==0.115.0->-r services/rica/../common/requirements.txt (line 1))
#10 53.62   Downloading typing_extensions-4.15.0-py3-none-any.whl.metadata (3.3 kB)
#10 54.11 Collecting click>=7.0 (from uvicorn==0.30.1->-r services/rica/../common/requirements.txt (line 2))
#10 54.12   Downloading click-8.4.1-py3-none-any.whl.metadata (2.6 kB)
#10 54.36 Collecting h11>=0.8 (from uvicorn==0.30.1->-r services/rica/../common/requirements.txt (line 2))
#10 54.37   Downloading h11-0.16.0-py3-none-any.whl.metadata (8.3 kB)
#10 54.62 Collecting annotated-types>=0.4.0 (from pydantic==2.8.2->-r services/rica/../common/requirements.txt (line 3))
#10 54.64   Downloading annotated_types-0.7.0-py3-none-any.whl.metadata (15 kB)
#10 66.60 Collecting pydantic-core==2.20.1 (from pydantic==2.8.2->-r services/rica/../common/requirements.txt (line 3))
#10 66.62   Downloading pydantic_core-2.20.1-cp311-cp311-manylinux_2_17_x86_64.manylinux2014_x86_64.whl.metadata (6.6 kB)
#10 68.84 Collecting cffi>=1.12 (from cryptography==42.0.8->-r services/rica/../common/requirements.txt (line 7))
#10 68.86   Downloading cffi-2.0.0-cp311-cp311-manylinux2014_x86_64.manylinux_2_17_x86_64.whl.metadata (2.6 kB)
#10 71.35 Collecting greenlet!=0.4.17 (from sqlalchemy==2.0.30->-r services/rica/../common/requirements.txt (line 8))
#10 71.36   Downloading greenlet-3.5.1-cp311-cp311-manylinux_2_24_x86_64.manylinux_2_28_x86_64.whl.metadata (3.8 kB)
#10 71.60 Collecting async-timeout>=4.0.3 (from asyncpg==0.29.0->-r services/rica/../common/requirements.txt (line 9))
#10 71.62   Downloading async_timeout-5.0.1-py3-none-any.whl.metadata (5.1 kB)
#10 71.86 Collecting ecdsa!=0.15 (from python-jose==3.3.0->python-jose[cryptography]==3.3.0->-r services/rica/../common/requirements.txt (line 11))
#10 71.88   Downloading ecdsa-0.19.2-py2.py3-none-any.whl.metadata (29 kB)
#10 72.13 Collecting rsa (from python-jose==3.3.0->python-jose[cryptography]==3.3.0->-r services/rica/../common/requirements.txt (line 11))
#10 72.14   Downloading rsa-4.9.1-py3-none-any.whl.metadata (5.6 kB)
#10 72.61 Collecting pyasn1 (from python-jose==3.3.0->python-jose[cryptography]==3.3.0->-r services/rica/../common/requirements.txt (line 11))
#10 72.62   Downloading pyasn1-0.6.3-py3-none-any.whl.metadata (8.4 kB)
#10 73.12 Collecting anyio (from httpx==0.27.0->-r services/rica/../common/requirements.txt (line 13))
#10 73.13   Downloading anyio-4.13.0-py3-none-any.whl.metadata (4.5 kB)
#10 73.37 Collecting certifi (from httpx==0.27.0->-r services/rica/../common/requirements.txt (line 13))
#10 73.61   Downloading certifi-2026.5.20-py3-none-any.whl.metadata (2.5 kB)
#10 73.85 Collecting httpcore==1.* (from httpx==0.27.0->-r services/rica/../common/requirements.txt (line 13))
#10 73.87   Downloading httpcore-1.0.9-py3-none-any.whl.metadata (21 kB)
#10 74.11 Collecting idna (from httpx==0.27.0->-r services/rica/../common/requirements.txt (line 13))
#10 74.12   Downloading idna-3.18-py3-none-any.whl.metadata (6.1 kB)
#10 74.35 Collecting sniffio (from httpx==0.27.0->-r services/rica/../common/requirements.txt (line 13))
#10 74.36   Downloading sniffio-1.3.1-py3-none-any.whl.metadata (3.9 kB)
#10 75.61 Collecting pycryptodome<4.0.0,>=3.0.0 (from smile-id-core==3.0.1->-r services/rica/requirements.txt (line 4))
#10 75.62   Downloading pycryptodome-3.23.0-cp37-abi3-manylinux_2_17_x86_64.manylinux2014_x86_64.whl.metadata (3.4 kB)
#10 76.11 Collecting requests<3.0.0,>=2.0.0 (from smile-id-core==3.0.1->-r services/rica/requirements.txt (line 4))
#10 76.12   Downloading requests-2.34.2-py3-none-any.whl.metadata (4.8 kB)
#10 76.61 Collecting types-requests<3.0.0.0,>=2.0.0.0 (from smile-id-core==3.0.1->-r services/rica/requirements.txt (line 4))
#10 76.62   Downloading types_requests-2.33.0.20260518-py3-none-any.whl.metadata (2.2 kB)
#10 78.63 Collecting pycparser (from cffi>=1.12->cryptography==42.0.8->-r services/rica/../common/requirements.txt (line 7))
#10 78.84   Downloading pycparser-3.0-py3-none-any.whl.metadata (8.2 kB)
#10 79.10 Collecting six>=1.9.0 (from ecdsa!=0.15->python-jose==3.3.0->python-jose[cryptography]==3.3.0->-r services/rica/../common/requirements.txt (line 11))
#10 79.12   Downloading six-1.17.0-py2.py3-none-any.whl.metadata (1.7 kB)
#10 80.85 Collecting charset_normalizer<4,>=2 (from requests<3.0.0,>=2.0.0->smile-id-core==3.0.1->-r services/rica/requirements.txt (line 4))
#10 80.87   Downloading charset_normalizer-3.4.7-cp311-cp311-manylinux2014_x86_64.manylinux_2_17_x86_64.manylinux_2_28_x86_64.whl.metadata (40 kB)
#10 80.87      ━━━━━━━━━━━━━━━━━━━━━━━━━━━━━━━━━━━━━━━━ 40.9/40.9 kB 21.2 MB/s eta 0:00:00
#10 81.37 Collecting urllib3<3,>=1.26 (from requests<3.0.0,>=2.0.0->smile-id-core==3.0.1->-r services/rica/requirements.txt (line 4))
#10 81.38   Downloading urllib3-2.7.0-py3-none-any.whl.metadata (6.9 kB)
#10 83.11 Downloading fastapi-0.115.0-py3-none-any.whl (94 kB)
#10 83.12    ━━━━━━━━━━━━━━━━━━━━━━━━━━━━━━━━━━━━━━━━ 94.6/94.6 kB 8.5 MB/s eta 0:00:00
#10 83.14 Downloading uvicorn-0.30.1-py3-none-any.whl (62 kB)
#10 83.14    ━━━━━━━━━━━━━━━━━━━━━━━━━━━━━━━━━━━━━━━━ 62.4/62.4 kB 12.0 MB/s eta 0:00:00
#10 83.16 Downloading pydantic-2.8.2-py3-none-any.whl (423 kB)
#10 83.39    ━━━━━━━━━━━━━━━━━━━━━━━━━━━━━━━━━━━━━━━━ 423.9/423.9 kB 1.8 MB/s eta 0:00:00
#10 83.41 Downloading pydantic_settings-2.4.0-py3-none-any.whl (23 kB)
#10 83.42 Downloading python_multipart-0.0.9-py3-none-any.whl (22 kB)
#10 83.44 Downloading python_dotenv-1.0.1-py3-none-any.whl (19 kB)
#10 83.59 Downloading cryptography-42.0.8-cp39-abi3-manylinux_2_28_x86_64.whl (3.9 MB)
#10 84.35    ━━━━━━━━━━━━━━━━━━━━━━━━━━━━━━━━━━━━━━━━ 3.9/3.9 MB 5.1 MB/s eta 0:00:00
#10 84.36 Downloading SQLAlchemy-2.0.30-cp311-cp311-manylinux_2_17_x86_64.manylinux2014_x86_64.whl (3.2 MB)
#10 84.85    ━━━━━━━━━━━━━━━━━━━━━━━━━━━━━━━━━━━━━━━━ 3.2/3.2 MB 6.6 MB/s eta 0:00:00
#10 84.86 Downloading asyncpg-0.29.0-cp311-cp311-manylinux_2_17_x86_64.manylinux2014_x86_64.whl (2.8 MB)
#10 85.14    ━━━━━━━━━━━━━━━━━━━━━━━━━━━━━━━━━━━━━━━━ 2.8/2.8 MB 10.1 MB/s eta 0:00:00
#10 85.16 Downloading psycopg2_binary-2.9.9-cp311-cp311-manylinux_2_17_x86_64.manylinux2014_x86_64.whl (3.0 MB)
#10 85.60    ━━━━━━━━━━━━━━━━━━━━━━━━━━━━━━━━━━━━━━━━ 3.0/3.0 MB 11.9 MB/s eta 0:00:00
#10 87.35 Downloading python_jose-3.3.0-py2.py3-none-any.whl (33 kB)
#10 87.35 Downloading PyJWT-2.9.0-py3-none-any.whl (22 kB)
#10 87.35 Downloading httpx-0.27.0-py3-none-any.whl (75 kB)
#10 87.35    ━━━━━━━━━━━━━━━━━━━━━━━━━━━━━━━━━━━━━━━━ 75.6/75.6 kB 137.6 MB/s eta 0:00:00
#10 87.35 Downloading smile_id_core-3.0.1-py3-none-any.whl (19 kB)
#10 87.35 Downloading httpcore-1.0.9-py3-none-any.whl (78 kB)
#10 87.35    ━━━━━━━━━━━━━━━━━━━━━━━━━━━━━━━━━━━━━━━━ 78.8/78.8 kB 153.3 MB/s eta 0:00:00
#10 87.35 Downloading pydantic_core-2.20.1-cp311-cp311-manylinux_2_17_x86_64.manylinux2014_x86_64.whl (2.1 MB)
#10 87.35    ━━━━━━━━━━━━━━━━━━━━━━━━━━━━━━━━━━━━━━━━ 2.1/2.1 MB 2.0 MB/s eta 0:00:00
#10 87.35 Downloading annotated_types-0.7.0-py3-none-any.whl (13 kB)
#10 87.35 Downloading async_timeout-5.0.1-py3-none-any.whl (6.2 kB)
#10 87.35 Downloading cffi-2.0.0-cp311-cp311-manylinux2014_x86_64.manylinux_2_17_x86_64.whl (215 kB)
#10 87.35    ━━━━━━━━━━━━━━━━━━━━━━━━━━━━━━━━━━━━━━━ 215.6/215.6 kB 198.9 MB/s eta 0:00:00
#10 87.66 Downloading click-8.4.1-py3-none-any.whl (116 kB)
#10 87.66    ━━━━━━━━━━━━━━━━━━━━━━━━━━━━━━━━━━━━━━━━ 116.6/116.6 kB 12.3 MB/s eta 0:00:00
#10 87.66 Downloading ecdsa-0.19.2-py2.py3-none-any.whl (150 kB)
#10 87.66    ━━━━━━━━━━━━━━━━━━━━━━━━━━━━━━━━━━━━━━━ 150.8/150.8 kB 105.7 MB/s eta 0:00:00
#10 87.66 Downloading greenlet-3.5.1-cp311-cp311-manylinux_2_24_x86_64.manylinux_2_28_x86_64.whl (614 kB)
#10 87.66    ━━━━━━━━━━━━━━━━━━━━━━━━━━━━━━━━━━━━━━━ 614.8/614.8 kB 206.0 MB/s eta 0:00:00
#10 87.66 Downloading h11-0.16.0-py3-none-any.whl (37 kB)
#10 87.66 Downloading pycryptodome-3.23.0-cp37-abi3-manylinux_2_17_x86_64.manylinux2014_x86_64.whl (2.3 MB)
#10 87.90    ━━━━━━━━━━━━━━━━━━━━━━━━━━━━━━━━━━━━━━━━ 2.3/2.3 MB 9.1 MB/s eta 0:00:00
#10 88.10 Downloading requests-2.34.2-py3-none-any.whl (73 kB)
#10 88.10    ━━━━━━━━━━━━━━━━━━━━━━━━━━━━━━━━━━━━━━━━ 73.1/73.1 kB 194.7 MB/s eta 0:00:00
#10 88.13 Downloading certifi-2026.5.20-py3-none-any.whl (134 kB)
#10 88.13    ━━━━━━━━━━━━━━━━━━━━━━━━━━━━━━━━━━━━━━━━ 134.1/134.1 kB 39.1 MB/s eta 0:00:00
#10 88.14 Downloading idna-3.18-py3-none-any.whl (65 kB)
#10 88.14    ━━━━━━━━━━━━━━━━━━━━━━━━━━━━━━━━━━━━━━━━ 65.5/65.5 kB 200.2 MB/s eta 0:00:00
#10 88.34 Downloading starlette-0.38.6-py3-none-any.whl (71 kB)
#10 88.38    ━━━━━━━━━━━━━━━━━━━━━━━━━━━━━━━━━━━━━━━━ 71.5/71.5 kB 81.6 MB/s eta 0:00:00
#10 88.38 Downloading anyio-4.13.0-py3-none-any.whl (114 kB)
#10 88.38    ━━━━━━━━━━━━━━━━━━━━━━━━━━━━━━━━━━━━━━━━ 114.4/114.4 kB 55.1 MB/s eta 0:00:00
#10 88.38 Downloading types_requests-2.33.0.20260518-py3-none-any.whl (21 kB)
#10 88.40 Downloading typing_extensions-4.15.0-py3-none-any.whl (44 kB)
#10 88.40    ━━━━━━━━━━━━━━━━━━━━━━━━━━━━━━━━━━━━━━━━ 44.6/44.6 kB 124.6 MB/s eta 0:00:00
#10 88.84 Downloading pyasn1-0.6.3-py3-none-any.whl (83 kB)
#10 88.84    ━━━━━━━━━━━━━━━━━━━━━━━━━━━━━━━━━━━━━━━━ 84.0/84.0 kB 128.1 MB/s eta 0:00:00
#10 88.84 Downloading rsa-4.9.1-py3-none-any.whl (34 kB)
#10 88.84 Downloading sniffio-1.3.1-py3-none-any.whl (10 kB)
#10 88.84 Downloading charset_normalizer-3.4.7-cp311-cp311-manylinux2014_x86_64.manylinux_2_17_x86_64.manylinux_2_28_x86_64.whl (214 kB)
#10 88.84    ━━━━━━━━━━━━━━━━━━━━━━━━━━━━━━━━━━━━━━━━ 214.1/214.1 kB 66.8 MB/s eta 0:00:00
#10 88.87 Downloading six-1.17.0-py2.py3-none-any.whl (11 kB)
#10 88.87 Downloading urllib3-2.7.0-py3-none-any.whl (131 kB)
#10 88.87    ━━━━━━━━━━━━━━━━━━━━━━━━━━━━━━━━━━━━━━━━ 131.1/131.1 kB 49.7 MB/s eta 0:00:00
#10 88.88 Downloading pycparser-3.0-py3-none-any.whl (48 kB)
#10 88.89    ━━━━━━━━━━━━━━━━━━━━━━━━━━━━━━━━━━━━━━━━ 48.2/48.2 kB 182.5 MB/s eta 0:00:00
#10 92.36 Installing collected packages: urllib3, typing-extensions, sniffio, six, python-multipart, python-dotenv, PyJWT, pycryptodome, pycparser, pyasn1, psycopg2-binary, idna, h11, greenlet, click, charset_normalizer, certifi, async-timeout, annotated-types, uvicorn, types-requests, sqlalchemy, rsa, requests, pydantic-core, httpcore, ecdsa, cffi, asyncpg, anyio, starlette, smile-id-core, python-jose, pydantic, httpx, cryptography, pydantic-settings, fastapi
#10 142.6 Successfully installed PyJWT-2.9.0 annotated-types-0.7.0 anyio-4.13.0 async-timeout-5.0.1 asyncpg-0.29.0 certifi-2026.5.20 cffi-2.0.0 charset_normalizer-3.4.7 click-8.4.1 cryptography-42.0.8 ecdsa-0.19.2 fastapi-0.115.0 greenlet-3.5.1 h11-0.16.0 httpcore-1.0.9 httpx-0.27.0 idna-3.18 psycopg2-binary-2.9.9 pyasn1-0.6.3 pycparser-3.0 pycryptodome-3.23.0 pydantic-2.8.2 pydantic-core-2.20.1 pydantic-settings-2.4.0 python-dotenv-1.0.1 python-jose-3.3.0 python-multipart-0.0.9 requests-2.34.2 rsa-4.9.1 six-1.17.0 smile-id-core-3.0.1 sniffio-1.3.1 sqlalchemy-2.0.30 starlette-0.38.6 types-requests-2.33.0.20260518 typing-extensions-4.15.0 urllib3-2.7.0 uvicorn-0.30.1
#10 142.8 WARNING: Running pip as the 'root' user can result in broken permissions and conflicting behaviour with the system package manager. It is recommended to use a virtual environment instead: https://pip.pypa.io/warnings/venv
#10 144.5 
#10 144.5 [notice] A new release of pip is available: 24.0 -> 26.1.2
#10 144.5 [notice] To update, run: pip install --upgrade pip
#10 DONE 158.7s

#11 [6/7] COPY services/rica/ ./services/rica/
#11 DONE 3.8s

#12 [7/7] COPY services/common/ ./services/common/
#12 DONE 0.2s

#13 exporting to image
#13 exporting layers
#13 exporting layers 72.7s done
#13 exporting manifest sha256:77152eab9c092acc09e7ebaca6266f4c7bbe5d170a5ce2826d57ca2cc3723298
#13 exporting manifest sha256:77152eab9c092acc09e7ebaca6266f4c7bbe5d170a5ce2826d57ca2cc3723298 0.1s done
#13 exporting config sha256:9853e5f9980928a1e286c726c88527cad1a87f5e994b63f91d9483c959927a07 0.0s done
#13 exporting attestation manifest sha256:7c0c57018838abf5f9ca1e89bac543ced91b4141595e64371cbcd94f6ad2bddb
#13 exporting attestation manifest sha256:7c0c57018838abf5f9ca1e89bac543ced91b4141595e64371cbcd94f6ad2bddb 0.1s done
#13 exporting manifest list sha256:6cc60c222d306d6a51e7c8f65c44c385b3e7b994fb83ca5fb9382fed9bb61287 0.0s done
#13 naming to docker.io/library/omnidome-rica:latest 0.1s done
#13 unpacking to docker.io/library/omnidome-rica:latest
#13 unpacking to docker.io/library/omnidome-rica:latest 17.8s done
#13 DONE 92.9s

#14 resolving provenance for metadata file
#14 DONE 0.4s
 Image omnidome-rica Built 
time="2026-06-03T12:26:06Z" level=warning msg="/home/Benedict/omnidome/docker-compose.yaml: the attribute `version` is obsolete, it will be ignored, please remove it to avoid potential confusion"
 Container omnidome-db-1 Running 
 Container omnidome-rica-1 Creating 
 Container omnidome-rica-1 Created 
 Container omnidome-rica-1 Starting 
 Container omnidome-rica-1 Started 
=========================================
Building and starting: network
=========================================
time="2026-06-03T12:26:13Z" level=warning msg="/home/Benedict/omnidome/docker-compose.yaml: the attribute `version` is obsolete, it will be ignored, please remove it to avoid potential confusion"
 Image omnidome-network Building 
#1 [internal] load local bake definitions
#1 reading from stdin 521B done
#1 DONE 0.0s

#2 [internal] load build definition from Dockerfile
#2 transferring dockerfile:
#2 transferring dockerfile: 1.11kB 0.4s done
#2 DONE 1.1s

#3 [internal] load metadata for docker.io/library/python:3.11-slim
#3 DONE 4.1s

#4 [internal] load .dockerignore
#4 transferring context:
#4 transferring context: 325B 0.1s done
#4 DONE 0.1s

#5 [1/7] FROM docker.io/library/python:3.11-slim@sha256:a3ab0b966bc4e91546a033e22093cb840908979487a9fc0e6e38295747e49ac0
#5 resolve docker.io/library/python:3.11-slim@sha256:a3ab0b966bc4e91546a033e22093cb840908979487a9fc0e6e38295747e49ac0 0.0s done
#5 DONE 0.1s

#6 [internal] load build context
#6 transferring context: 139.23kB 0.1s done
#6 DONE 0.2s

#7 [2/7] WORKDIR /app
#7 CACHED

#8 [3/7] COPY services/common/requirements.txt ./services/common/requirements.txt
#8 CACHED

#9 [4/7] COPY services/network/requirements.txt ./services/network/requirements.txt
#9 CACHED

#10 [5/7] RUN pip install --no-cache-dir --trusted-host pypi.org --trusted-host pypi.python.org --trusted-host files.pythonhosted.org -r services/network/requirements.txt
#10 30.15 Collecting fastapi==0.115.0 (from -r services/network/../common/requirements.txt (line 1))
#10 30.18   Downloading fastapi-0.115.0-py3-none-any.whl.metadata (27 kB)
#10 30.67 Collecting uvicorn==0.30.1 (from -r services/network/../common/requirements.txt (line 2))
#10 30.69   Downloading uvicorn-0.30.1-py3-none-any.whl.metadata (6.3 kB)
#10 32.66 Collecting pydantic==2.8.2 (from -r services/network/../common/requirements.txt (line 3))
#10 32.90   Downloading pydantic-2.8.2-py3-none-any.whl.metadata (125 kB)
#10 32.90      ━━━━━━━━━━━━━━━━━━━━━━━━━━━━━━━━━━━━━ 125.2/125.2 kB 541.3 kB/s eta 0:00:00
#10 33.17 Collecting pydantic-settings==2.4.0 (from -r services/network/../common/requirements.txt (line 4))
#10 33.41   Downloading pydantic_settings-2.4.0-py3-none-any.whl.metadata (3.5 kB)
#10 33.65 Collecting python-multipart==0.0.9 (from -r services/network/../common/requirements.txt (line 5))
#10 33.66   Downloading python_multipart-0.0.9-py3-none-any.whl.metadata (2.5 kB)
#10 33.92 Collecting python-dotenv==1.0.1 (from -r services/network/../common/requirements.txt (line 6))
#10 33.92   Downloading python_dotenv-1.0.1-py3-none-any.whl.metadata (23 kB)
#10 38.90 Collecting cryptography==42.0.8 (from -r services/network/../common/requirements.txt (line 7))
#10 38.91   Downloading cryptography-42.0.8-cp39-abi3-manylinux_2_28_x86_64.whl.metadata (5.3 kB)
#10 44.17 Collecting sqlalchemy==2.0.30 (from -r services/network/../common/requirements.txt (line 8))
#10 44.17   Downloading SQLAlchemy-2.0.30-cp311-cp311-manylinux_2_17_x86_64.manylinux2014_x86_64.whl.metadata (9.6 kB)
#10 45.15 Collecting asyncpg==0.29.0 (from -r services/network/../common/requirements.txt (line 9))
#10 45.15   Downloading asyncpg-0.29.0-cp311-cp311-manylinux_2_17_x86_64.manylinux2014_x86_64.whl.metadata (4.4 kB)
#10 46.66 Collecting psycopg2-binary==2.9.9 (from -r services/network/../common/requirements.txt (line 10))
#10 46.67   Downloading psycopg2_binary-2.9.9-cp311-cp311-manylinux_2_17_x86_64.manylinux2014_x86_64.whl.metadata (4.4 kB)
#10 46.91 Collecting python-jose==3.3.0 (from python-jose[cryptography]==3.3.0->-r services/network/../common/requirements.txt (line 11))
#10 46.92   Downloading python_jose-3.3.0-py2.py3-none-any.whl.metadata (5.4 kB)
#10 47.17 Collecting PyJWT==2.9.0 (from -r services/network/../common/requirements.txt (line 12))
#10 47.18   Downloading PyJWT-2.9.0-py3-none-any.whl.metadata (3.0 kB)
#10 47.65 Collecting httpx==0.27.0 (from -r services/network/../common/requirements.txt (line 13))
#10 47.67   Downloading httpx-0.27.0-py3-none-any.whl.metadata (7.2 kB)
#10 48.41 Collecting starlette<0.39.0,>=0.37.2 (from fastapi==0.115.0->-r services/network/../common/requirements.txt (line 1))
#10 48.42   Downloading starlette-0.38.6-py3-none-any.whl.metadata (6.0 kB)
#10 49.17 Collecting typing-extensions>=4.8.0 (from fastapi==0.115.0->-r services/network/../common/requirements.txt (line 1))
#10 49.18   Downloading typing_extensions-4.15.0-py3-none-any.whl.metadata (3.3 kB)
#10 49.66 Collecting click>=7.0 (from uvicorn==0.30.1->-r services/network/../common/requirements.txt (line 2))
#10 49.68   Downloading click-8.4.1-py3-none-any.whl.metadata (2.6 kB)
#10 49.91 Collecting h11>=0.8 (from uvicorn==0.30.1->-r services/network/../common/requirements.txt (line 2))
#10 49.92   Downloading h11-0.16.0-py3-none-any.whl.metadata (8.3 kB)
#10 50.16 Collecting annotated-types>=0.4.0 (from pydantic==2.8.2->-r services/network/../common/requirements.txt (line 3))
#10 50.17   Downloading annotated_types-0.7.0-py3-none-any.whl.metadata (15 kB)
#10 61.93 Collecting pydantic-core==2.20.1 (from pydantic==2.8.2->-r services/network/../common/requirements.txt (line 3))
#10 62.16   Downloading pydantic_core-2.20.1-cp311-cp311-manylinux_2_17_x86_64.manylinux2014_x86_64.whl.metadata (6.6 kB)
#10 64.42 Collecting cffi>=1.12 (from cryptography==42.0.8->-r services/network/../common/requirements.txt (line 7))
#10 64.44   Downloading cffi-2.0.0-cp311-cp311-manylinux2014_x86_64.manylinux_2_17_x86_64.whl.metadata (2.6 kB)
#10 66.92 Collecting greenlet!=0.4.17 (from sqlalchemy==2.0.30->-r services/network/../common/requirements.txt (line 8))
#10 66.94   Downloading greenlet-3.5.1-cp311-cp311-manylinux_2_24_x86_64.manylinux_2_28_x86_64.whl.metadata (3.8 kB)
#10 67.40 Collecting async-timeout>=4.0.3 (from asyncpg==0.29.0->-r services/network/../common/requirements.txt (line 9))
#10 67.42   Downloading async_timeout-5.0.1-py3-none-any.whl.metadata (5.1 kB)
#10 67.66 Collecting ecdsa!=0.15 (from python-jose==3.3.0->python-jose[cryptography]==3.3.0->-r services/network/../common/requirements.txt (line 11))
#10 67.68   Downloading ecdsa-0.19.2-py2.py3-none-any.whl.metadata (29 kB)
#10 67.92 Collecting rsa (from python-jose==3.3.0->python-jose[cryptography]==3.3.0->-r services/network/../common/requirements.txt (line 11))
#10 67.93   Downloading rsa-4.9.1-py3-none-any.whl.metadata (5.6 kB)
#10 68.41 Collecting pyasn1 (from python-jose==3.3.0->python-jose[cryptography]==3.3.0->-r services/network/../common/requirements.txt (line 11))
#10 68.42   Downloading pyasn1-0.6.3-py3-none-any.whl.metadata (8.4 kB)
#10 68.92 Collecting anyio (from httpx==0.27.0->-r services/network/../common/requirements.txt (line 13))
#10 69.15   Downloading anyio-4.13.0-py3-none-any.whl.metadata (4.5 kB)
#10 69.40 Collecting certifi (from httpx==0.27.0->-r services/network/../common/requirements.txt (line 13))
#10 69.42   Downloading certifi-2026.5.20-py3-none-any.whl.metadata (2.5 kB)
#10 69.67 Collecting httpcore==1.* (from httpx==0.27.0->-r services/network/../common/requirements.txt (line 13))
#10 69.68   Downloading httpcore-1.0.9-py3-none-any.whl.metadata (21 kB)
#10 69.93 Collecting idna (from httpx==0.27.0->-r services/network/../common/requirements.txt (line 13))
#10 70.16   Downloading idna-3.18-py3-none-any.whl.metadata (6.1 kB)
#10 70.19 Collecting sniffio (from httpx==0.27.0->-r services/network/../common/requirements.txt (line 13))
#10 70.40   Downloading sniffio-1.3.1-py3-none-any.whl.metadata (3.9 kB)
#10 71.15 Collecting email-validator>=2.0.0 (from pydantic[email]->-r services/network/requirements.txt (line 5))
#10 71.17   Downloading email_validator-2.3.0-py3-none-any.whl.metadata (26 kB)
#10 71.43 Collecting pycparser (from cffi>=1.12->cryptography==42.0.8->-r services/network/../common/requirements.txt (line 7))
#10 71.44   Downloading pycparser-3.0-py3-none-any.whl.metadata (8.2 kB)
#10 71.90 Collecting six>=1.9.0 (from ecdsa!=0.15->python-jose==3.3.0->python-jose[cryptography]==3.3.0->-r services/network/../common/requirements.txt (line 11))
#10 71.92   Downloading six-1.17.0-py2.py3-none-any.whl.metadata (1.7 kB)
#10 72.16 Collecting dnspython>=2.0.0 (from email-validator>=2.0.0->pydantic[email]->-r services/network/requirements.txt (line 5))
#10 72.18   Downloading dnspython-2.8.0-py3-none-any.whl.metadata (5.7 kB)
#10 73.91 Downloading fastapi-0.115.0-py3-none-any.whl (94 kB)
#10 73.94    ━━━━━━━━━━━━━━━━━━━━━━━━━━━━━━━━━━━━━━━━ 94.6/94.6 kB 4.0 MB/s eta 0:00:00
#10 73.96 Downloading uvicorn-0.30.1-py3-none-any.whl (62 kB)
#10 74.15    ━━━━━━━━━━━━━━━━━━━━━━━━━━━━━━━━━━━━━━━━ 62.4/62.4 kB 10.7 MB/s eta 0:00:00
#10 74.17 Downloading pydantic-2.8.2-py3-none-any.whl (423 kB)
#10 74.43    ━━━━━━━━━━━━━━━━━━━━━━━━━━━━━━━━━━━━━━━━ 423.9/423.9 kB 1.6 MB/s eta 0:00:00
#10 74.44 Downloading pydantic_settings-2.4.0-py3-none-any.whl (23 kB)
#10 74.46 Downloading python_multipart-0.0.9-py3-none-any.whl (22 kB)
#10 74.47 Downloading python_dotenv-1.0.1-py3-none-any.whl (19 kB)
#10 74.65 Downloading cryptography-42.0.8-cp39-abi3-manylinux_2_28_x86_64.whl (3.9 MB)
#10 75.70    ━━━━━━━━━━━━━━━━━━━━━━━━━━━━━━━━━━━━━━━━ 3.9/3.9 MB 3.7 MB/s eta 0:00:00
#10 75.90 Downloading SQLAlchemy-2.0.30-cp311-cp311-manylinux_2_17_x86_64.manylinux2014_x86_64.whl (3.2 MB)
#10 76.40    ━━━━━━━━━━━━━━━━━━━━━━━━━━━━━━━━━━━━━━━━ 3.2/3.2 MB 6.4 MB/s eta 0:00:00
#10 76.42 Downloading asyncpg-0.29.0-cp311-cp311-manylinux_2_17_x86_64.manylinux2014_x86_64.whl (2.8 MB)
#10 76.90    ━━━━━━━━━━━━━━━━━━━━━━━━━━━━━━━━━━━━━━━━ 2.8/2.8 MB 10.0 MB/s eta 0:00:00
#10 76.91 Downloading psycopg2_binary-2.9.9-cp311-cp311-manylinux_2_17_x86_64.manylinux2014_x86_64.whl (3.0 MB)
#10 77.17    ━━━━━━━━━━━━━━━━━━━━━━━━━━━━━━━━━━━━━━━━ 3.0/3.0 MB 12.0 MB/s eta 0:00:00
#10 77.18 Downloading python_jose-3.3.0-py2.py3-none-any.whl (33 kB)
#10 77.20 Downloading PyJWT-2.9.0-py3-none-any.whl (22 kB)
#10 77.21 Downloading httpx-0.27.0-py3-none-any.whl (75 kB)
#10 77.40    ━━━━━━━━━━━━━━━━━━━━━━━━━━━━━━━━━━━━━━━━ 75.6/75.6 kB 195.7 MB/s eta 0:00:00
#10 77.41 Downloading httpcore-1.0.9-py3-none-any.whl (78 kB)
#10 77.42    ━━━━━━━━━━━━━━━━━━━━━━━━━━━━━━━━━━━━━━━━ 78.8/78.8 kB 185.1 MB/s eta 0:00:00
#10 77.44 Downloading pydantic_core-2.20.1-cp311-cp311-manylinux_2_17_x86_64.manylinux2014_x86_64.whl (2.1 MB)
#10 78.23    ━━━━━━━━━━━━━━━━━━━━━━━━━━━━━━━━━━━━━━━━ 2.1/2.1 MB 2.6 MB/s eta 0:00:00
#10 78.25 Downloading annotated_types-0.7.0-py3-none-any.whl (13 kB)
#10 78.26 Downloading async_timeout-5.0.1-py3-none-any.whl (6.2 kB)
#10 78.28 Downloading cffi-2.0.0-cp311-cp311-manylinux2014_x86_64.manylinux_2_17_x86_64.whl (215 kB)
#10 78.28    ━━━━━━━━━━━━━━━━━━━━━━━━━━━━━━━━━━━━━━━ 215.6/215.6 kB 193.6 MB/s eta 0:00:00
#10 78.30 Downloading click-8.4.1-py3-none-any.whl (116 kB)
#10 78.30    ━━━━━━━━━━━━━━━━━━━━━━━━━━━━━━━━━━━━━━━ 116.6/116.6 kB 192.9 MB/s eta 0:00:00
#10 78.32 Downloading ecdsa-0.19.2-py2.py3-none-any.whl (150 kB)
#10 78.32    ━━━━━━━━━━━━━━━━━━━━━━━━━━━━━━━━━━━━━━━ 150.8/150.8 kB 252.9 MB/s eta 0:00:00
#10 78.41 Downloading email_validator-2.3.0-py3-none-any.whl (35 kB)
#10 78.43 Downloading greenlet-3.5.1-cp311-cp311-manylinux_2_24_x86_64.manylinux_2_28_x86_64.whl (614 kB)
#10 78.44    ━━━━━━━━━━━━━━━━━━━━━━━━━━━━━━━━━━━━━━━ 614.8/614.8 kB 115.4 MB/s eta 0:00:00
#10 78.45 Downloading h11-0.16.0-py3-none-any.whl (37 kB)
#10 78.66 Downloading idna-3.18-py3-none-any.whl (65 kB)
#10 78.66    ━━━━━━━━━━━━━━━━━━━━━━━━━━━━━━━━━━━━━━━━ 65.5/65.5 kB 189.3 MB/s eta 0:00:00
#10 78.68 Downloading starlette-0.38.6-py3-none-any.whl (71 kB)
#10 78.68    ━━━━━━━━━━━━━━━━━━━━━━━━━━━━━━━━━━━━━━━━ 71.5/71.5 kB 174.6 MB/s eta 0:00:00
#10 78.70 Downloading anyio-4.13.0-py3-none-any.whl (114 kB)
#10 78.70    ━━━━━━━━━━━━━━━━━━━━━━━━━━━━━━━━━━━━━━━ 114.4/114.4 kB 212.5 MB/s eta 0:00:00
#10 78.90 Downloading typing_extensions-4.15.0-py3-none-any.whl (44 kB)
#10 78.90    ━━━━━━━━━━━━━━━━━━━━━━━━━━━━━━━━━━━━━━━━ 44.6/44.6 kB 188.5 MB/s eta 0:00:00
#10 78.92 Downloading certifi-2026.5.20-py3-none-any.whl (134 kB)
#10 78.92    ━━━━━━━━━━━━━━━━━━━━━━━━━━━━━━━━━━━━━━━ 134.1/134.1 kB 120.9 MB/s eta 0:00:00
#10 78.94 Downloading pyasn1-0.6.3-py3-none-any.whl (83 kB)
#10 78.94    ━━━━━━━━━━━━━━━━━━━━━━━━━━━━━━━━━━━━━━━━ 84.0/84.0 kB 216.4 MB/s eta 0:00:00
#10 79.15 Downloading rsa-4.9.1-py3-none-any.whl (34 kB)
#10 79.16 Downloading sniffio-1.3.1-py3-none-any.whl (10 kB)
#10 79.18 Downloading dnspython-2.8.0-py3-none-any.whl (331 kB)
#10 79.19    ━━━━━━━━━━━━━━━━━━━━━━━━━━━━━━━━━━━━━━━━ 331.1/331.1 kB 81.4 MB/s eta 0:00:00
#10 79.20 Downloading six-1.17.0-py2.py3-none-any.whl (11 kB)
#10 79.40 Downloading pycparser-3.0-py3-none-any.whl (48 kB)
#10 79.40    ━━━━━━━━━━━━━━━━━━━━━━━━━━━━━━━━━━━━━━━━ 48.2/48.2 kB 183.1 MB/s eta 0:00:00
#10 82.92 Installing collected packages: typing-extensions, sniffio, six, python-multipart, python-dotenv, PyJWT, pycparser, pyasn1, psycopg2-binary, idna, h11, greenlet, dnspython, click, certifi, async-timeout, annotated-types, uvicorn, sqlalchemy, rsa, pydantic-core, httpcore, email-validator, ecdsa, cffi, asyncpg, anyio, starlette, python-jose, pydantic, httpx, cryptography, pydantic-settings, fastapi
#10 127.4 Successfully installed PyJWT-2.9.0 annotated-types-0.7.0 anyio-4.13.0 async-timeout-5.0.1 asyncpg-0.29.0 certifi-2026.5.20 cffi-2.0.0 click-8.4.1 cryptography-42.0.8 dnspython-2.8.0 ecdsa-0.19.2 email-validator-2.3.0 fastapi-0.115.0 greenlet-3.5.1 h11-0.16.0 httpcore-1.0.9 httpx-0.27.0 idna-3.18 psycopg2-binary-2.9.9 pyasn1-0.6.3 pycparser-3.0 pydantic-2.8.2 pydantic-core-2.20.1 pydantic-settings-2.4.0 python-dotenv-1.0.1 python-jose-3.3.0 python-multipart-0.0.9 rsa-4.9.1 six-1.17.0 sniffio-1.3.1 sqlalchemy-2.0.30 starlette-0.38.6 typing-extensions-4.15.0 uvicorn-0.30.1
#10 127.5 WARNING: Running pip as the 'root' user can result in broken permissions and conflicting behaviour with the system package manager. It is recommended to use a virtual environment instead: https://pip.pypa.io/warnings/venv
#10 128.1 
#10 128.1 [notice] A new release of pip is available: 24.0 -> 26.1.2
#10 128.1 [notice] To update, run: pip install --upgrade pip
#10 DONE 137.8s

#11 [6/7] COPY services/network/ ./services/network/
#11 DONE 2.1s

#12 [7/7] COPY services/common/ ./services/common/
#12 DONE 0.7s

#13 exporting to image
#13 exporting layers
#13 exporting layers 58.2s done
#13 exporting manifest sha256:9ede2fc8d9a6c434a4464042e7a4fd68ade3db6ef3401f883b8d486401ac29f5
#13 exporting manifest sha256:9ede2fc8d9a6c434a4464042e7a4fd68ade3db6ef3401f883b8d486401ac29f5 0.1s done
#13 exporting config sha256:87c31a46208204754c054456ac47481381d020a2f38c2306c26236a6208e1e68 0.0s done
#13 exporting attestation manifest sha256:4107aee00c8b9bee171f06ea3ab26b92c0a74e052fce91f8c935178af89a9ba2
#13 exporting attestation manifest sha256:4107aee00c8b9bee171f06ea3ab26b92c0a74e052fce91f8c935178af89a9ba2 0.1s done
#13 exporting manifest list sha256:ffe4d824d38db4c53a6622ab145b60a78971f9ef9162d4eeb3c80cc55282b22c 0.0s done
#13 naming to docker.io/library/omnidome-network:latest
#13 naming to docker.io/library/omnidome-network:latest 0.1s done
#13 unpacking to docker.io/library/omnidome-network:latest
#13 unpacking to docker.io/library/omnidome-network:latest 18.8s done
#13 DONE 79.7s

#14 resolving provenance for metadata file
#14 DONE 0.4s
 Image omnidome-network Built 
time="2026-06-03T12:30:20Z" level=warning msg="/home/Benedict/omnidome/docker-compose.yaml: the attribute `version` is obsolete, it will be ignored, please remove it to avoid potential confusion"
 Container omnidome-db-1 Running 
 Container omnidome-network-1 Creating 
 Container omnidome-network-1 Created 
 Container omnidome-network-1 Starting 
 Container omnidome-network-1 Started 
=========================================
Building and starting: iot
=========================================
time="2026-06-03T12:30:26Z" level=warning msg="/home/Benedict/omnidome/docker-compose.yaml: the attribute `version` is obsolete, it will be ignored, please remove it to avoid potential confusion"
 Image omnidome-iot Building 
#1 [internal] load local bake definitions
#1 reading from stdin 501B done
#1 DONE 0.0s

#2 [internal] load build definition from Dockerfile
#2 DONE 0.0s

#2 [internal] load build definition from Dockerfile
#2 transferring dockerfile:
#2 transferring dockerfile: 646B 0.4s done
#2 DONE 1.0s

#3 [internal] load metadata for docker.io/library/python:3.11-slim
#3 DONE 2.9s

#4 [internal] load .dockerignore
#4 transferring context: 106B 0.0s
#4 transferring context: 325B 0.2s done
#4 DONE 0.2s

#5 [internal] load build context
#5 DONE 0.0s

#6 [1/7] FROM docker.io/library/python:3.11-slim@sha256:a3ab0b966bc4e91546a033e22093cb840908979487a9fc0e6e38295747e49ac0
#6 resolve docker.io/library/python:3.11-slim@sha256:a3ab0b966bc4e91546a033e22093cb840908979487a9fc0e6e38295747e49ac0
#6 resolve docker.io/library/python:3.11-slim@sha256:a3ab0b966bc4e91546a033e22093cb840908979487a9fc0e6e38295747e49ac0 0.5s done
#6 DONE 0.8s

#5 [internal] load build context
#5 transferring context: 6.39kB 0.5s done
#5 DONE 0.7s

#7 [3/7] COPY services/common/requirements.txt ./services/common/requirements.txt
#7 CACHED

#8 [2/7] WORKDIR /app
#8 CACHED

#9 [4/7] COPY services/iot/requirements.txt ./services/iot/requirements.txt
#9 CACHED

#10 [5/7] RUN pip install --no-cache-dir --trusted-host pypi.org --trusted-host pypi.python.org --trusted-host files.pythonhosted.org -r services/iot/requirements.txt
#10 40.80 Collecting fastapi==0.115.0 (from -r services/iot/../common/requirements.txt (line 1))
#10 40.86   Downloading fastapi-0.115.0-py3-none-any.whl.metadata (27 kB)
#10 41.25 Collecting uvicorn==0.30.1 (from -r services/iot/../common/requirements.txt (line 2))
#10 41.26   Downloading uvicorn-0.30.1-py3-none-any.whl.metadata (6.3 kB)
#10 43.24 Collecting pydantic==2.8.2 (from -r services/iot/../common/requirements.txt (line 3))
#10 43.26   Downloading pydantic-2.8.2-py3-none-any.whl.metadata (125 kB)
#10 43.28      ━━━━━━━━━━━━━━━━━━━━━━━━━━━━━━━━━━━━━━ 125.2/125.2 kB 10.1 MB/s eta 0:00:00
#10 43.74 Collecting pydantic-settings==2.4.0 (from -r services/iot/../common/requirements.txt (line 4))
#10 43.76   Downloading pydantic_settings-2.4.0-py3-none-any.whl.metadata (3.5 kB)
#10 43.99 Collecting python-multipart==0.0.9 (from -r services/iot/../common/requirements.txt (line 5))
#10 44.01   Downloading python_multipart-0.0.9-py3-none-any.whl.metadata (2.5 kB)
#10 44.25 Collecting python-dotenv==1.0.1 (from -r services/iot/../common/requirements.txt (line 6))
#10 44.26   Downloading python_dotenv-1.0.1-py3-none-any.whl.metadata (23 kB)
#10 47.76 Collecting cryptography==42.0.8 (from -r services/iot/../common/requirements.txt (line 7))
#10 47.78   Downloading cryptography-42.0.8-cp39-abi3-manylinux_2_28_x86_64.whl.metadata (5.3 kB)
#10 52.24 Collecting sqlalchemy==2.0.30 (from -r services/iot/../common/requirements.txt (line 8))
#10 52.26   Downloading SQLAlchemy-2.0.30-cp311-cp311-manylinux_2_17_x86_64.manylinux2014_x86_64.whl.metadata (9.6 kB)
#10 52.75 Collecting asyncpg==0.29.0 (from -r services/iot/../common/requirements.txt (line 9))
#10 52.77   Downloading asyncpg-0.29.0-cp311-cp311-manylinux_2_17_x86_64.manylinux2014_x86_64.whl.metadata (4.4 kB)
#10 54.26 Collecting psycopg2-binary==2.9.9 (from -r services/iot/../common/requirements.txt (line 10))
#10 54.49   Downloading psycopg2_binary-2.9.9-cp311-cp311-manylinux_2_17_x86_64.manylinux2014_x86_64.whl.metadata (4.4 kB)
#10 54.52 Collecting python-jose==3.3.0 (from python-jose[cryptography]==3.3.0->-r services/iot/../common/requirements.txt (line 11))
#10 54.74   Downloading python_jose-3.3.0-py2.py3-none-any.whl.metadata (5.4 kB)
#10 54.99 Collecting PyJWT==2.9.0 (from -r services/iot/../common/requirements.txt (line 12))
#10 55.01   Downloading PyJWT-2.9.0-py3-none-any.whl.metadata (3.0 kB)
#10 55.26 Collecting httpx==0.27.0 (from -r services/iot/../common/requirements.txt (line 13))
#10 55.28   Downloading httpx-0.27.0-py3-none-any.whl.metadata (7.2 kB)
#10 56.24 Collecting starlette<0.39.0,>=0.37.2 (from fastapi==0.115.0->-r services/iot/../common/requirements.txt (line 1))
#10 56.25   Downloading starlette-0.38.6-py3-none-any.whl.metadata (6.0 kB)
#10 57.00 Collecting typing-extensions>=4.8.0 (from fastapi==0.115.0->-r services/iot/../common/requirements.txt (line 1))
#10 57.02   Downloading typing_extensions-4.15.0-py3-none-any.whl.metadata (3.3 kB)
#10 57.50 Collecting click>=7.0 (from uvicorn==0.30.1->-r services/iot/../common/requirements.txt (line 2))
#10 57.51   Downloading click-8.4.1-py3-none-any.whl.metadata (2.6 kB)
#10 57.74 Collecting h11>=0.8 (from uvicorn==0.30.1->-r services/iot/../common/requirements.txt (line 2))
#10 57.76   Downloading h11-0.16.0-py3-none-any.whl.metadata (8.3 kB)
#10 58.00 Collecting annotated-types>=0.4.0 (from pydantic==2.8.2->-r services/iot/../common/requirements.txt (line 3))
#10 58.01   Downloading annotated_types-0.7.0-py3-none-any.whl.metadata (15 kB)
#10 69.75 Collecting pydantic-core==2.20.1 (from pydantic==2.8.2->-r services/iot/../common/requirements.txt (line 3))
#10 69.77   Downloading pydantic_core-2.20.1-cp311-cp311-manylinux_2_17_x86_64.manylinux2014_x86_64.whl.metadata (6.6 kB)
#10 72.26 Collecting cffi>=1.12 (from cryptography==42.0.8->-r services/iot/../common/requirements.txt (line 7))
#10 72.28   Downloading cffi-2.0.0-cp311-cp311-manylinux2014_x86_64.manylinux_2_17_x86_64.whl.metadata (2.6 kB)
#10 74.75 Collecting greenlet!=0.4.17 (from sqlalchemy==2.0.30->-r services/iot/../common/requirements.txt (line 8))
#10 74.76   Downloading greenlet-3.5.1-cp311-cp311-manylinux_2_24_x86_64.manylinux_2_28_x86_64.whl.metadata (3.8 kB)
#10 75.02 Collecting async-timeout>=4.0.3 (from asyncpg==0.29.0->-r services/iot/../common/requirements.txt (line 9))
#10 75.03   Downloading async_timeout-5.0.1-py3-none-any.whl.metadata (5.1 kB)
#10 75.49 Collecting ecdsa!=0.15 (from python-jose==3.3.0->python-jose[cryptography]==3.3.0->-r services/iot/../common/requirements.txt (line 11))
#10 75.51   Downloading ecdsa-0.19.2-py2.py3-none-any.whl.metadata (29 kB)
#10 75.74 Collecting rsa (from python-jose==3.3.0->python-jose[cryptography]==3.3.0->-r services/iot/../common/requirements.txt (line 11))
#10 75.76   Downloading rsa-4.9.1-py3-none-any.whl.metadata (5.6 kB)
#10 76.00 Collecting pyasn1 (from python-jose==3.3.0->python-jose[cryptography]==3.3.0->-r services/iot/../common/requirements.txt (line 11))
#10 76.02   Downloading pyasn1-0.6.3-py3-none-any.whl.metadata (8.4 kB)
#10 76.77 Collecting anyio (from httpx==0.27.0->-r services/iot/../common/requirements.txt (line 13))
#10 76.77   Downloading anyio-4.13.0-py3-none-any.whl.metadata (4.5 kB)
#10 77.00 Collecting certifi (from httpx==0.27.0->-r services/iot/../common/requirements.txt (line 13))
#10 77.01   Downloading certifi-2026.5.20-py3-none-any.whl.metadata (2.5 kB)
#10 77.26 Collecting httpcore==1.* (from httpx==0.27.0->-r services/iot/../common/requirements.txt (line 13))
#10 77.27   Downloading httpcore-1.0.9-py3-none-any.whl.metadata (21 kB)
#10 77.52 Collecting idna (from httpx==0.27.0->-r services/iot/../common/requirements.txt (line 13))
#10 77.54   Downloading idna-3.18-py3-none-any.whl.metadata (6.1 kB)
#10 77.76 Collecting sniffio (from httpx==0.27.0->-r services/iot/../common/requirements.txt (line 13))
#10 77.78   Downloading sniffio-1.3.1-py3-none-any.whl.metadata (3.9 kB)
#10 78.50 Collecting pycparser (from cffi>=1.12->cryptography==42.0.8->-r services/iot/../common/requirements.txt (line 7))
#10 78.52   Downloading pycparser-3.0-py3-none-any.whl.metadata (8.2 kB)
#10 78.77 Collecting six>=1.9.0 (from ecdsa!=0.15->python-jose==3.3.0->python-jose[cryptography]==3.3.0->-r services/iot/../common/requirements.txt (line 11))
#10 78.79   Downloading six-1.17.0-py2.py3-none-any.whl.metadata (1.7 kB)
#10 80.01 Downloading fastapi-0.115.0-py3-none-any.whl (94 kB)
#10 80.02    ━━━━━━━━━━━━━━━━━━━━━━━━━━━━━━━━━━━━━━━━ 94.6/94.6 kB 206.2 MB/s eta 0:00:00
#10 80.03 Downloading uvicorn-0.30.1-py3-none-any.whl (62 kB)
#10 80.04    ━━━━━━━━━━━━━━━━━━━━━━━━━━━━━━━━━━━━━━━━ 62.4/62.4 kB 182.8 MB/s eta 0:00:00
#10 80.25 Downloading pydantic-2.8.2-py3-none-any.whl (423 kB)
#10 80.27    ━━━━━━━━━━━━━━━━━━━━━━━━━━━━━━━━━━━━━━━━ 423.9/423.9 kB 27.9 MB/s eta 0:00:00
#10 80.29 Downloading pydantic_settings-2.4.0-py3-none-any.whl (23 kB)
#10 80.30 Downloading python_multipart-0.0.9-py3-none-any.whl (22 kB)
#10 80.32 Downloading python_dotenv-1.0.1-py3-none-any.whl (19 kB)
#10 80.49 Downloading cryptography-42.0.8-cp39-abi3-manylinux_2_28_x86_64.whl (3.9 MB)
#10 80.53    ━━━━━━━━━━━━━━━━━━━━━━━━━━━━━━━━━━━━━━━━ 3.9/3.9 MB 109.9 MB/s eta 0:00:00
#10 80.75 Downloading SQLAlchemy-2.0.30-cp311-cp311-manylinux_2_17_x86_64.manylinux2014_x86_64.whl (3.2 MB)
#10 80.78    ━━━━━━━━━━━━━━━━━━━━━━━━━━━━━━━━━━━━━━━━ 3.2/3.2 MB 188.6 MB/s eta 0:00:00
#10 81.00 Downloading asyncpg-0.29.0-cp311-cp311-manylinux_2_17_x86_64.manylinux2014_x86_64.whl (2.8 MB)
#10 81.01    ━━━━━━━━━━━━━━━━━━━━━━━━━━━━━━━━━━━━━━━━ 2.8/2.8 MB 209.2 MB/s eta 0:00:00
#10 81.25 Downloading psycopg2_binary-2.9.9-cp311-cp311-manylinux_2_17_x86_64.manylinux2014_x86_64.whl (3.0 MB)
#10 82.07    ━━━━━━━━━━━━━━━━━━━━━━━━━━━━━━━━━━━━━━━━ 3.0/3.0 MB 3.7 MB/s eta 0:00:00
#10 82.09 Downloading python_jose-3.3.0-py2.py3-none-any.whl (33 kB)
#10 82.11 Downloading PyJWT-2.9.0-py3-none-any.whl (22 kB)
#10 82.12 Downloading httpx-0.27.0-py3-none-any.whl (75 kB)
#10 82.12    ━━━━━━━━━━━━━━━━━━━━━━━━━━━━━━━━━━━━━━━━ 75.6/75.6 kB 206.2 MB/s eta 0:00:00
#10 82.14 Downloading httpcore-1.0.9-py3-none-any.whl (78 kB)
#10 82.14    ━━━━━━━━━━━━━━━━━━━━━━━━━━━━━━━━━━━━━━━━ 78.8/78.8 kB 187.2 MB/s eta 0:00:00
#10 82.16 Downloading pydantic_core-2.20.1-cp311-cp311-manylinux_2_17_x86_64.manylinux2014_x86_64.whl (2.1 MB)
#10 82.18    ━━━━━━━━━━━━━━━━━━━━━━━━━━━━━━━━━━━━━━━━ 2.1/2.1 MB 217.5 MB/s eta 0:00:00
#10 82.19 Downloading annotated_types-0.7.0-py3-none-any.whl (13 kB)
#10 82.21 Downloading async_timeout-5.0.1-py3-none-any.whl (6.2 kB)
#10 82.22 Downloading cffi-2.0.0-cp311-cp311-manylinux2014_x86_64.manylinux_2_17_x86_64.whl (215 kB)
#10 82.23    ━━━━━━━━━━━━━━━━━━━━━━━━━━━━━━━━━━━━━━━ 215.6/215.6 kB 208.3 MB/s eta 0:00:00
#10 82.24 Downloading click-8.4.1-py3-none-any.whl (116 kB)
#10 82.25    ━━━━━━━━━━━━━━━━━━━━━━━━━━━━━━━━━━━━━━━ 116.6/116.6 kB 148.6 MB/s eta 0:00:00
#10 82.26 Downloading ecdsa-0.19.2-py2.py3-none-any.whl (150 kB)
#10 82.27    ━━━━━━━━━━━━━━━━━━━━━━━━━━━━━━━━━━━━━━━ 150.8/150.8 kB 146.7 MB/s eta 0:00:00
#10 82.29 Downloading greenlet-3.5.1-cp311-cp311-manylinux_2_24_x86_64.manylinux_2_28_x86_64.whl (614 kB)
#10 82.29    ━━━━━━━━━━━━━━━━━━━━━━━━━━━━━━━━━━━━━━━ 614.8/614.8 kB 151.9 MB/s eta 0:00:00
#10 82.31 Downloading h11-0.16.0-py3-none-any.whl (37 kB)
#10 82.33 Downloading starlette-0.38.6-py3-none-any.whl (71 kB)
#10 82.33    ━━━━━━━━━━━━━━━━━━━━━━━━━━━━━━━━━━━━━━━━ 71.5/71.5 kB 204.8 MB/s eta 0:00:00
#10 82.49 Downloading anyio-4.13.0-py3-none-any.whl (114 kB)
#10 82.50    ━━━━━━━━━━━━━━━━━━━━━━━━━━━━━━━━━━━━━━━━ 114.4/114.4 kB 86.1 MB/s eta 0:00:00
#10 82.51 Downloading idna-3.18-py3-none-any.whl (65 kB)
#10 82.52    ━━━━━━━━━━━━━━━━━━━━━━━━━━━━━━━━━━━━━━━━ 65.5/65.5 kB 111.1 MB/s eta 0:00:00
#10 82.53 Downloading typing_extensions-4.15.0-py3-none-any.whl (44 kB)
#10 82.54    ━━━━━━━━━━━━━━━━━━━━━━━━━━━━━━━━━━━━━━━━ 44.6/44.6 kB 175.6 MB/s eta 0:00:00
#10 82.74 Downloading certifi-2026.5.20-py3-none-any.whl (134 kB)
#10 82.74    ━━━━━━━━━━━━━━━━━━━━━━━━━━━━━━━━━━━━━━━ 134.1/134.1 kB 228.1 MB/s eta 0:00:00
#10 82.76 Downloading pyasn1-0.6.3-py3-none-any.whl (83 kB)
#10 82.76    ━━━━━━━━━━━━━━━━━━━━━━━━━━━━━━━━━━━━━━━━ 84.0/84.0 kB 205.1 MB/s eta 0:00:00
#10 82.78 Downloading rsa-4.9.1-py3-none-any.whl (34 kB)
#10 82.80 Downloading sniffio-1.3.1-py3-none-any.whl (10 kB)
#10 82.81 Downloading six-1.17.0-py2.py3-none-any.whl (11 kB)
#10 82.99 Downloading pycparser-3.0-py3-none-any.whl (48 kB)
#10 82.99    ━━━━━━━━━━━━━━━━━━━━━━━━━━━━━━━━━━━━━━━━ 48.2/48.2 kB 124.5 MB/s eta 0:00:00
#10 86.25 Installing collected packages: typing-extensions, sniffio, six, python-multipart, python-dotenv, PyJWT, pycparser, pyasn1, psycopg2-binary, idna, h11, greenlet, click, certifi, async-timeout, annotated-types, uvicorn, sqlalchemy, rsa, pydantic-core, httpcore, ecdsa, cffi, asyncpg, anyio, starlette, python-jose, pydantic, httpx, cryptography, pydantic-settings, fastapi
#10 125.5 Successfully installed PyJWT-2.9.0 annotated-types-0.7.0 anyio-4.13.0 async-timeout-5.0.1 asyncpg-0.29.0 certifi-2026.5.20 cffi-2.0.0 click-8.4.1 cryptography-42.0.8 ecdsa-0.19.2 fastapi-0.115.0 greenlet-3.5.1 h11-0.16.0 httpcore-1.0.9 httpx-0.27.0 idna-3.18 psycopg2-binary-2.9.9 pyasn1-0.6.3 pycparser-3.0 pydantic-2.8.2 pydantic-core-2.20.1 pydantic-settings-2.4.0 python-dotenv-1.0.1 python-jose-3.3.0 python-multipart-0.0.9 rsa-4.9.1 six-1.17.0 sniffio-1.3.1 sqlalchemy-2.0.30 starlette-0.38.6 typing-extensions-4.15.0 uvicorn-0.30.1
#10 125.5 WARNING: Running pip as the 'root' user can result in broken permissions and conflicting behaviour with the system package manager. It is recommended to use a virtual environment instead: https://pip.pypa.io/warnings/venv
#10 126.4 
#10 126.4 [notice] A new release of pip is available: 24.0 -> 26.1.2
#10 126.4 [notice] To update, run: pip install --upgrade pip
#10 DONE 135.7s

#11 [6/7] COPY services/iot/ ./services/iot/
#11 DONE 1.3s

#12 [7/7] COPY services/common/ ./services/common/
#12 DONE 0.5s

#13 exporting to image
#13 exporting layers
#13 exporting layers 55.9s done
#13 exporting manifest sha256:f12e219c237b73d0e09a7275f94a7707462729977ef3d9baf8f2b3d267224f7e
#13 exporting manifest sha256:f12e219c237b73d0e09a7275f94a7707462729977ef3d9baf8f2b3d267224f7e 0.1s done
#13 exporting config sha256:6d0e4976e985d2a8accfba6296e117e88ba498abe37146a1df229a01a9ba1ff2
#13 exporting config sha256:6d0e4976e985d2a8accfba6296e117e88ba498abe37146a1df229a01a9ba1ff2 0.0s done
#13 exporting attestation manifest sha256:071bdd417b8c252db406a1f35a67506c4294366cbeea9b735fffd3d13d58179a
#13 exporting attestation manifest sha256:071bdd417b8c252db406a1f35a67506c4294366cbeea9b735fffd3d13d58179a 0.1s done
#13 exporting manifest list sha256:e0341a1cb17477b26b5e4d25e8d9b4f36fb9f2932fec5da31fa168e9ff9d1cea 0.1s done
#13 naming to docker.io/library/omnidome-iot:latest
#13 naming to docker.io/library/omnidome-iot:latest done
#13 unpacking to docker.io/library/omnidome-iot:latest
#13 unpacking to docker.io/library/omnidome-iot:latest 19.8s done
#13 DONE 77.5s

#14 resolving provenance for metadata file
#14 DONE 0.4s
 Image omnidome-iot Built 
time="2026-06-03T12:34:28Z" level=warning msg="/home/Benedict/omnidome/docker-compose.yaml: the attribute `version` is obsolete, it will be ignored, please remove it to avoid potential confusion"
 Container omnidome-db-1 Running 
 Container omnidome-iot-1 Creating 
 Container omnidome-iot-1 Created 
 Container omnidome-iot-1 Starting 
 Container omnidome-iot-1 Started 
=========================================
Building and starting: call_center
=========================================
time="2026-06-03T12:34:36Z" level=warning msg="/home/Benedict/omnidome/docker-compose.yaml: the attribute `version` is obsolete, it will be ignored, please remove it to avoid potential confusion"
 Image omnidome-call_center Building 
#1 [internal] load local bake definitions
#1 reading from stdin 541B done
#1 DONE 0.0s

#2 [internal] load build definition from Dockerfile
#2 DONE 0.2s

#2 [internal] load build definition from Dockerfile
#2 transferring dockerfile:
#2 transferring dockerfile: 729B 0.6s done
#2 DONE 1.7s

#3 [internal] load metadata for docker.io/library/python:3.11-slim
#3 DONE 4.9s

#4 [internal] load .dockerignore
#4 transferring context: 106B 0.0s
#4 transferring context: 325B 0.3s done
#4 DONE 0.3s

#5 [internal] load build context
#5 transferring context: 24.39kB 0.3s done
#5 DONE 0.6s

#6 [1/8] FROM docker.io/library/python:3.11-slim@sha256:a3ab0b966bc4e91546a033e22093cb840908979487a9fc0e6e38295747e49ac0
#6 resolve docker.io/library/python:3.11-slim@sha256:a3ab0b966bc4e91546a033e22093cb840908979487a9fc0e6e38295747e49ac0
#6 resolve docker.io/library/python:3.11-slim@sha256:a3ab0b966bc4e91546a033e22093cb840908979487a9fc0e6e38295747e49ac0 0.5s done
#6 DONE 0.7s

#7 [2/8] WORKDIR /app
#7 CACHED

#8 [3/8] COPY services/common/requirements.txt ./services/common/requirements.txt
#8 CACHED

#9 [4/8] COPY services/call_center/requirements.txt ./services/call_center/requirements.txt
#9 CACHED

#10 [5/8] RUN pip install --no-cache-dir --trusted-host pypi.org --trusted-host pypi.python.org --trusted-host files.pythonhosted.org -r services/call_center/requirements.txt
#10 33.27 Collecting fastapi==0.115.0 (from -r services/call_center/../common/requirements.txt (line 1))
#10 33.53   Downloading fastapi-0.115.0-py3-none-any.whl.metadata (27 kB)
#10 37.27 Collecting uvicorn==0.30.1 (from -r services/call_center/../common/requirements.txt (line 2))
#10 37.27   Downloading uvicorn-0.30.1-py3-none-any.whl.metadata (6.3 kB)
#10 37.27 Collecting pydantic==2.8.2 (from -r services/call_center/../common/requirements.txt (line 3))
#10 37.27   Downloading pydantic-2.8.2-py3-none-any.whl.metadata (125 kB)
#10 37.27      ━━━━━━━━━━━━━━━━━━━━━━━━━━━━━━━━━━━━━━━ 125.2/125.2 kB 9.0 MB/s eta 0:00:00
#10 37.27 Collecting pydantic-settings==2.4.0 (from -r services/call_center/../common/requirements.txt (line 4))
#10 37.27   Downloading pydantic_settings-2.4.0-py3-none-any.whl.metadata (3.5 kB)
#10 37.30 Collecting python-multipart==0.0.9 (from -r services/call_center/../common/requirements.txt (line 5))
#10 37.30   Downloading python_multipart-0.0.9-py3-none-any.whl.metadata (2.5 kB)
#10 37.53 Collecting python-dotenv==1.0.1 (from -r services/call_center/../common/requirements.txt (line 6))
#10 37.78   Downloading python_dotenv-1.0.1-py3-none-any.whl.metadata (23 kB)
#10 42.29 Collecting cryptography==42.0.8 (from -r services/call_center/../common/requirements.txt (line 7))
#10 42.30   Downloading cryptography-42.0.8-cp39-abi3-manylinux_2_28_x86_64.whl.metadata (5.3 kB)
#10 47.03 Collecting sqlalchemy==2.0.30 (from -r services/call_center/../common/requirements.txt (line 8))
#10 47.05   Downloading SQLAlchemy-2.0.30-cp311-cp311-manylinux_2_17_x86_64.manylinux2014_x86_64.whl.metadata (9.6 kB)
#10 47.77 Collecting asyncpg==0.29.0 (from -r services/call_center/../common/requirements.txt (line 9))
#10 47.79   Downloading asyncpg-0.29.0-cp311-cp311-manylinux_2_17_x86_64.manylinux2014_x86_64.whl.metadata (4.4 kB)
#10 49.28 Collecting psycopg2-binary==2.9.9 (from -r services/call_center/../common/requirements.txt (line 10))
#10 49.30   Downloading psycopg2_binary-2.9.9-cp311-cp311-manylinux_2_17_x86_64.manylinux2014_x86_64.whl.metadata (4.4 kB)
#10 49.53 Collecting python-jose==3.3.0 (from python-jose[cryptography]==3.3.0->-r services/call_center/../common/requirements.txt (line 11))
#10 49.54   Downloading python_jose-3.3.0-py2.py3-none-any.whl.metadata (5.4 kB)
#10 49.79 Collecting PyJWT==2.9.0 (from -r services/call_center/../common/requirements.txt (line 12))
#10 49.80   Downloading PyJWT-2.9.0-py3-none-any.whl.metadata (3.0 kB)
#10 50.27 Collecting httpx==0.27.0 (from -r services/call_center/../common/requirements.txt (line 13))
#10 50.29   Downloading httpx-0.27.0-py3-none-any.whl.metadata (7.2 kB)
#10 50.54 Collecting deepgram-sdk>=3.7.0 (from -r services/call_center/requirements.txt (line 2))
#10 50.78   Downloading deepgram_sdk-7.3.0-py3-none-any.whl.metadata (15 kB)
#10 51.52 Collecting starlette<0.39.0,>=0.37.2 (from fastapi==0.115.0->-r services/call_center/../common/requirements.txt (line 1))
#10 51.54   Downloading starlette-0.38.6-py3-none-any.whl.metadata (6.0 kB)
#10 52.28 Collecting typing-extensions>=4.8.0 (from fastapi==0.115.0->-r services/call_center/../common/requirements.txt (line 1))
#10 52.30   Downloading typing_extensions-4.15.0-py3-none-any.whl.metadata (3.3 kB)
#10 52.78 Collecting click>=7.0 (from uvicorn==0.30.1->-r services/call_center/../common/requirements.txt (line 2))
#10 52.79   Downloading click-8.4.1-py3-none-any.whl.metadata (2.6 kB)
#10 53.03 Collecting h11>=0.8 (from uvicorn==0.30.1->-r services/call_center/../common/requirements.txt (line 2))
#10 53.04   Downloading h11-0.16.0-py3-none-any.whl.metadata (8.3 kB)
#10 53.28 Collecting annotated-types>=0.4.0 (from pydantic==2.8.2->-r services/call_center/../common/requirements.txt (line 3))
#10 53.29   Downloading annotated_types-0.7.0-py3-none-any.whl.metadata (15 kB)
#10 65.28 Collecting pydantic-core==2.20.1 (from pydantic==2.8.2->-r services/call_center/../common/requirements.txt (line 3))
#10 65.29   Downloading pydantic_core-2.20.1-cp311-cp311-manylinux_2_17_x86_64.manylinux2014_x86_64.whl.metadata (6.6 kB)
#10 68.02 Collecting cffi>=1.12 (from cryptography==42.0.8->-r services/call_center/../common/requirements.txt (line 7))
#10 68.03   Downloading cffi-2.0.0-cp311-cp311-manylinux2014_x86_64.manylinux_2_17_x86_64.whl.metadata (2.6 kB)
#10 70.52 Collecting greenlet!=0.4.17 (from sqlalchemy==2.0.30->-r services/call_center/../common/requirements.txt (line 8))
#10 70.53   Downloading greenlet-3.5.1-cp311-cp311-manylinux_2_24_x86_64.manylinux_2_28_x86_64.whl.metadata (3.8 kB)
#10 70.80 Collecting async-timeout>=4.0.3 (from asyncpg==0.29.0->-r services/call_center/../common/requirements.txt (line 9))
#10 70.81   Downloading async_timeout-5.0.1-py3-none-any.whl.metadata (5.1 kB)
#10 71.27 Collecting ecdsa!=0.15 (from python-jose==3.3.0->python-jose[cryptography]==3.3.0->-r services/call_center/../common/requirements.txt (line 11))
#10 71.29   Downloading ecdsa-0.19.2-py2.py3-none-any.whl.metadata (29 kB)
#10 71.53 Collecting rsa (from python-jose==3.3.0->python-jose[cryptography]==3.3.0->-r services/call_center/../common/requirements.txt (line 11))
#10 71.54   Downloading rsa-4.9.1-py3-none-any.whl.metadata (5.6 kB)
#10 71.79 Collecting pyasn1 (from python-jose==3.3.0->python-jose[cryptography]==3.3.0->-r services/call_center/../common/requirements.txt (line 11))
#10 72.03   Downloading pyasn1-0.6.3-py3-none-any.whl.metadata (8.4 kB)
#10 72.53 Collecting anyio (from httpx==0.27.0->-r services/call_center/../common/requirements.txt (line 13))
#10 72.54   Downloading anyio-4.13.0-py3-none-any.whl.metadata (4.5 kB)
#10 72.79 Collecting certifi (from httpx==0.27.0->-r services/call_center/../common/requirements.txt (line 13))
#10 72.80   Downloading certifi-2026.5.20-py3-none-any.whl.metadata (2.5 kB)
#10 73.28 Collecting httpcore==1.* (from httpx==0.27.0->-r services/call_center/../common/requirements.txt (line 13))
#10 73.29   Downloading httpcore-1.0.9-py3-none-any.whl.metadata (21 kB)
#10 73.53 Collecting idna (from httpx==0.27.0->-r services/call_center/../common/requirements.txt (line 13))
#10 73.55   Downloading idna-3.18-py3-none-any.whl.metadata (6.1 kB)
#10 73.78 Collecting sniffio (from httpx==0.27.0->-r services/call_center/../common/requirements.txt (line 13))
#10 73.79   Downloading sniffio-1.3.1-py3-none-any.whl.metadata (3.9 kB)
#10 76.53 Collecting websockets>=12.0 (from deepgram-sdk>=3.7.0->-r services/call_center/requirements.txt (line 2))
#10 76.55   Downloading websockets-16.0-cp311-cp311-manylinux1_x86_64.manylinux_2_28_x86_64.manylinux_2_5_x86_64.whl.metadata (6.8 kB)
#10 76.80 Collecting pycparser (from cffi>=1.12->cryptography==42.0.8->-r services/call_center/../common/requirements.txt (line 7))
#10 77.02   Downloading pycparser-3.0-py3-none-any.whl.metadata (8.2 kB)
#10 77.28 Collecting six>=1.9.0 (from ecdsa!=0.15->python-jose==3.3.0->python-jose[cryptography]==3.3.0->-r services/call_center/../common/requirements.txt (line 11))
#10 77.29   Downloading six-1.17.0-py2.py3-none-any.whl.metadata (1.7 kB)
#10 78.54 Downloading fastapi-0.115.0-py3-none-any.whl (94 kB)
#10 78.56    ━━━━━━━━━━━━━━━━━━━━━━━━━━━━━━━━━━━━━━━━ 94.6/94.6 kB 8.7 MB/s eta 0:00:00
#10 78.76 Downloading uvicorn-0.30.1-py3-none-any.whl (62 kB)
#10 78.77    ━━━━━━━━━━━━━━━━━━━━━━━━━━━━━━━━━━━━━━━━ 62.4/62.4 kB 177.5 MB/s eta 0:00:00
#10 78.78 Downloading pydantic-2.8.2-py3-none-any.whl (423 kB)
#10 78.83    ━━━━━━━━━━━━━━━━━━━━━━━━━━━━━━━━━━━━━━━━ 423.9/423.9 kB 10.8 MB/s eta 0:00:00
#10 78.84 Downloading pydantic_settings-2.4.0-py3-none-any.whl (23 kB)
#10 79.03 Downloading python_multipart-0.0.9-py3-none-any.whl (22 kB)
#10 79.04 Downloading python_dotenv-1.0.1-py3-none-any.whl (19 kB)
#10 79.06 Downloading cryptography-42.0.8-cp39-abi3-manylinux_2_28_x86_64.whl (3.9 MB)
#10 79.67    ━━━━━━━━━━━━━━━━━━━━━━━━━━━━━━━━━━━━━━━━ 3.9/3.9 MB 6.3 MB/s eta 0:00:00
#10 79.76 Downloading SQLAlchemy-2.0.30-cp311-cp311-manylinux_2_17_x86_64.manylinux2014_x86_64.whl (3.2 MB)
#10 80.61    ━━━━━━━━━━━━━━━━━━━━━━━━━━━━━━━━━━━━━━━━ 3.2/3.2 MB 3.9 MB/s eta 0:00:00
#10 80.63 Downloading asyncpg-0.29.0-cp311-cp311-manylinux_2_17_x86_64.manylinux2014_x86_64.whl (2.8 MB)
#10 80.70    ━━━━━━━━━━━━━━━━━━━━━━━━━━━━━━━━━━━━━━━━ 2.8/2.8 MB 42.7 MB/s eta 0:00:00
#10 80.72 Downloading psycopg2_binary-2.9.9-cp311-cp311-manylinux_2_17_x86_64.manylinux2014_x86_64.whl (3.0 MB)
#10 81.70    ━━━━━━━━━━━━━━━━━━━━━━━━━━━━━━━━━━━━━━━━ 3.0/3.0 MB 3.1 MB/s eta 0:00:00
#10 81.72 Downloading python_jose-3.3.0-py2.py3-none-any.whl (33 kB)
#10 81.74 Downloading PyJWT-2.9.0-py3-none-any.whl (22 kB)
#10 81.75 Downloading httpx-0.27.0-py3-none-any.whl (75 kB)
#10 82.30    ━━━━━━━━━━━━━━━━━━━━━━━━━━━━━━━━━━━━━━━━ 75.6/75.6 kB 203.9 MB/s eta 0:00:00
#10 82.52 Downloading httpcore-1.0.9-py3-none-any.whl (78 kB)
#10 82.52    ━━━━━━━━━━━━━━━━━━━━━━━━━━━━━━━━━━━━━━━━ 78.8/78.8 kB 190.0 MB/s eta 0:00:00
#10 82.54 Downloading pydantic_core-2.20.1-cp311-cp311-manylinux_2_17_x86_64.manylinux2014_x86_64.whl (2.1 MB)
#10 82.78    ━━━━━━━━━━━━━━━━━━━━━━━━━━━━━━━━━━━━━━━━ 2.1/2.1 MB 8.8 MB/s eta 0:00:00
#10 82.79 Downloading deepgram_sdk-7.3.0-py3-none-any.whl (560 kB)
#10 82.81    ━━━━━━━━━━━━━━━━━━━━━━━━━━━━━━━━━━━━━━━━ 560.1/560.1 kB 36.5 MB/s eta 0:00:00
#10 82.83 Downloading annotated_types-0.7.0-py3-none-any.whl (13 kB)
#10 83.03 Downloading async_timeout-5.0.1-py3-none-any.whl (6.2 kB)
#10 83.05 Downloading cffi-2.0.0-cp311-cp311-manylinux2014_x86_64.manylinux_2_17_x86_64.whl (215 kB)
#10 83.05    ━━━━━━━━━━━━━━━━━━━━━━━━━━━━━━━━━━━━━━━ 215.6/215.6 kB 214.8 MB/s eta 0:00:00
#10 83.07 Downloading click-8.4.1-py3-none-any.whl (116 kB)
#10 83.07    ━━━━━━━━━━━━━━━━━━━━━━━━━━━━━━━━━━━━━━━ 116.6/116.6 kB 234.5 MB/s eta 0:00:00
#10 83.09 Downloading ecdsa-0.19.2-py2.py3-none-any.whl (150 kB)
#10 83.27    ━━━━━━━━━━━━━━━━━━━━━━━━━━━━━━━━━━━━━━━ 150.8/150.8 kB 118.7 MB/s eta 0:00:00
#10 83.29 Downloading greenlet-3.5.1-cp311-cp311-manylinux_2_24_x86_64.manylinux_2_28_x86_64.whl (614 kB)
#10 83.31    ━━━━━━━━━━━━━━━━━━━━━━━━━━━━━━━━━━━━━━━━ 614.8/614.8 kB 36.0 MB/s eta 0:00:00
#10 83.32 Downloading h11-0.16.0-py3-none-any.whl (37 kB)
#10 83.52 Downloading starlette-0.38.6-py3-none-any.whl (71 kB)
#10 83.52    ━━━━━━━━━━━━━━━━━━━━━━━━━━━━━━━━━━━━━━━━ 71.5/71.5 kB 125.5 MB/s eta 0:00:00
#10 83.54 Downloading anyio-4.13.0-py3-none-any.whl (114 kB)
#10 83.55    ━━━━━━━━━━━━━━━━━━━━━━━━━━━━━━━━━━━━━━━ 114.4/114.4 kB 155.1 MB/s eta 0:00:00
#10 83.56 Downloading idna-3.18-py3-none-any.whl (65 kB)
#10 83.57    ━━━━━━━━━━━━━━━━━━━━━━━━━━━━━━━━━━━━━━━━ 65.5/65.5 kB 203.0 MB/s eta 0:00:00
#10 83.77 Downloading typing_extensions-4.15.0-py3-none-any.whl (44 kB)
#10 83.81    ━━━━━━━━━━━━━━━━━━━━━━━━━━━━━━━━━━━━━━━━ 44.6/44.6 kB 93.6 MB/s eta 0:00:00
#10 83.81 Downloading websockets-16.0-cp311-cp311-manylinux1_x86_64.manylinux_2_28_x86_64.manylinux_2_5_x86_64.whl (184 kB)
#10 83.81    ━━━━━━━━━━━━━━━━━━━━━━━━━━━━━━━━━━━━━━━━ 184.6/184.6 kB 32.3 MB/s eta 0:00:00
#10 84.02 Downloading certifi-2026.5.20-py3-none-any.whl (134 kB)
#10 84.02    ━━━━━━━━━━━━━━━━━━━━━━━━━━━━━━━━━━━━━━━ 134.1/134.1 kB 205.7 MB/s eta 0:00:00
#10 84.02 Downloading pyasn1-0.6.3-py3-none-any.whl (83 kB)
#10 84.12    ━━━━━━━━━━━━━━━━━━━━━━━━━━━━━━━━━━━━━━━━ 84.0/84.0 kB 136.2 MB/s eta 0:00:00
#10 84.12 Downloading rsa-4.9.1-py3-none-any.whl (34 kB)
#10 84.12 Downloading sniffio-1.3.1-py3-none-any.whl (10 kB)
#10 84.12 Downloading six-1.17.0-py2.py3-none-any.whl (11 kB)
#10 84.12 Downloading pycparser-3.0-py3-none-any.whl (48 kB)
#10 84.12    ━━━━━━━━━━━━━━━━━━━━━━━━━━━━━━━━━━━━━━━━ 48.2/48.2 kB 137.0 MB/s eta 0:00:00
#10 87.78 Installing collected packages: websockets, typing-extensions, sniffio, six, python-multipart, python-dotenv, PyJWT, pycparser, pyasn1, psycopg2-binary, idna, h11, greenlet, click, certifi, async-timeout, annotated-types, uvicorn, sqlalchemy, rsa, pydantic-core, httpcore, ecdsa, cffi, asyncpg, anyio, starlette, python-jose, pydantic, httpx, cryptography, pydantic-settings, fastapi, deepgram-sdk
#10 135.3 Successfully installed PyJWT-2.9.0 annotated-types-0.7.0 anyio-4.13.0 async-timeout-5.0.1 asyncpg-0.29.0 certifi-2026.5.20 cffi-2.0.0 click-8.4.1 cryptography-42.0.8 deepgram-sdk-7.3.0 ecdsa-0.19.2 fastapi-0.115.0 greenlet-3.5.1 h11-0.16.0 httpcore-1.0.9 httpx-0.27.0 idna-3.18 psycopg2-binary-2.9.9 pyasn1-0.6.3 pycparser-3.0 pydantic-2.8.2 pydantic-core-2.20.1 pydantic-settings-2.4.0 python-dotenv-1.0.1 python-jose-3.3.0 python-multipart-0.0.9 rsa-4.9.1 six-1.17.0 sniffio-1.3.1 sqlalchemy-2.0.30 starlette-0.38.6 typing-extensions-4.15.0 uvicorn-0.30.1 websockets-16.0
#10 135.3 WARNING: Running pip as the 'root' user can result in broken permissions and conflicting behaviour with the system package manager. It is recommended to use a virtual environment instead: https://pip.pypa.io/warnings/venv
#10 136.5 
#10 136.5 [notice] A new release of pip is available: 24.0 -> 26.1.2
#10 136.5 [notice] To update, run: pip install --upgrade pip
#10 DONE 148.3s

#11 [6/8] COPY services/call_center/main.py .
#11 DONE 3.3s

#12 [7/8] COPY services/call_center/deepgram_service.py ./services/call_center/
#12 DONE 0.4s

#13 [8/8] COPY services/common/ ./services/common/
#13 DONE 0.5s

#14 exporting to image
#14 exporting layers
#14 exporting layers 62.3s done
#14 exporting manifest sha256:0c342441bc06c700c544381cd31cb010f78e1d566ec69d2a02f5d71ad50a3963
#14 exporting manifest sha256:0c342441bc06c700c544381cd31cb010f78e1d566ec69d2a02f5d71ad50a3963 0.1s done
#14 exporting config sha256:fc67262e9199c01b520ccaec4183db56b93ce29c81744ae77be1ee54c94a41d2 0.1s done
#14 exporting attestation manifest sha256:67725ced5a5d8b9750d0741891691084eea84aeda8750915f7997c4a1a8a5aaa
#14 exporting attestation manifest sha256:67725ced5a5d8b9750d0741891691084eea84aeda8750915f7997c4a1a8a5aaa 0.2s done
#14 exporting manifest list sha256:ad568fd729d9aae902356ac1df8293d8fee4ec950e873906157796e551d9fec1
#14 exporting manifest list sha256:ad568fd729d9aae902356ac1df8293d8fee4ec950e873906157796e551d9fec1 0.0s done
#14 naming to docker.io/library/omnidome-call_center:latest done
#14 unpacking to docker.io/library/omnidome-call_center:latest
#14 unpacking to docker.io/library/omnidome-call_center:latest 23.3s done
#14 DONE 88.7s

#15 resolving provenance for metadata file
#15 DONE 1.5s
 Image omnidome-call_center Built 
time="2026-06-03T12:39:11Z" level=warning msg="/home/Benedict/omnidome/docker-compose.yaml: the attribute `version` is obsolete, it will be ignored, please remove it to avoid potential confusion"
 Container omnidome-db-1 Running 
 Container omnidome-call_center-1 Creating 
 Container omnidome-call_center-1 Created 
 Container omnidome-call_center-1 Starting 
 Container omnidome-call_center-1 Started 
=========================================
Building and starting: retention
=========================================
time="2026-06-03T12:39:21Z" level=warning msg="/home/Benedict/omnidome/docker-compose.yaml: the attribute `version` is obsolete, it will be ignored, please remove it to avoid potential confusion"
 Image omnidome-retention Building 
#1 [internal] load local bake definitions
#1 reading from stdin 531B
#1 reading from stdin 531B done
#1 DONE 0.0s

#2 [internal] load build definition from Dockerfile
#2 DONE 0.0s

#2 [internal] load build definition from Dockerfile
#2 transferring dockerfile:
#2 transferring dockerfile: 682B 0.5s done
#2 DONE 1.5s

#3 [internal] load metadata for docker.io/library/python:3.11-slim
#3 DONE 6.5s

#4 [internal] load .dockerignore
#4 DONE 0.5s

#4 [internal] load .dockerignore
#4 transferring context:
#4 transferring context: 325B 0.5s done
#4 DONE 1.0s

#5 [internal] load build context
#5 transferring context: 36.16kB 0.5s done
#5 DONE 0.9s

#6 [1/7] FROM docker.io/library/python:3.11-slim@sha256:a3ab0b966bc4e91546a033e22093cb840908979487a9fc0e6e38295747e49ac0
#6 resolve docker.io/library/python:3.11-slim@sha256:a3ab0b966bc4e91546a033e22093cb840908979487a9fc0e6e38295747e49ac0
#6 resolve docker.io/library/python:3.11-slim@sha256:a3ab0b966bc4e91546a033e22093cb840908979487a9fc0e6e38295747e49ac0 0.9s done
#6 DONE 1.0s

#7 [3/7] COPY services/common/requirements.txt ./services/common/requirements.txt
#7 CACHED

#8 [2/7] WORKDIR /app
#8 CACHED

#9 [4/7] COPY services/retention/requirements.txt ./services/retention/requirements.txt
#9 CACHED

#10 [5/7] RUN pip install --no-cache-dir --trusted-host pypi.org --trusted-host pypi.python.org --trusted-host files.pythonhosted.org -r services/retention/requirements.txt
#10 47.92 Collecting fastapi==0.115.0 (from -r services/retention/../common/requirements.txt (line 1))
#10 47.96   Downloading fastapi-0.115.0-py3-none-any.whl.metadata (27 kB)
#10 48.68 Collecting uvicorn==0.30.1 (from -r services/retention/../common/requirements.txt (line 2))
#10 48.70   Downloading uvicorn-0.30.1-py3-none-any.whl.metadata (6.3 kB)
#10 51.67 Collecting pydantic==2.8.2 (from -r services/retention/../common/requirements.txt (line 3))
#10 51.68   Downloading pydantic-2.8.2-py3-none-any.whl.metadata (125 kB)
#10 51.74      ━━━━━━━━━━━━━━━━━━━━━━━━━━━━━━━━━━━━━ 125.2/125.2 kB 117.0 MB/s eta 0:00:00
#10 52.17 Collecting pydantic-settings==2.4.0 (from -r services/retention/../common/requirements.txt (line 4))
#10 52.19   Downloading pydantic_settings-2.4.0-py3-none-any.whl.metadata (3.5 kB)
#10 52.43 Collecting python-multipart==0.0.9 (from -r services/retention/../common/requirements.txt (line 5))
#10 52.46   Downloading python_multipart-0.0.9-py3-none-any.whl.metadata (2.5 kB)
#10 52.69 Collecting python-dotenv==1.0.1 (from -r services/retention/../common/requirements.txt (line 6))
#10 52.70   Downloading python_dotenv-1.0.1-py3-none-any.whl.metadata (23 kB)
#10 56.67 Collecting cryptography==42.0.8 (from -r services/retention/../common/requirements.txt (line 7))
#10 56.69   Downloading cryptography-42.0.8-cp39-abi3-manylinux_2_28_x86_64.whl.metadata (5.3 kB)
#10 61.42 Collecting sqlalchemy==2.0.30 (from -r services/retention/../common/requirements.txt (line 8))
#10 61.44   Downloading SQLAlchemy-2.0.30-cp311-cp311-manylinux_2_17_x86_64.manylinux2014_x86_64.whl.metadata (9.6 kB)
#10 62.18 Collecting asyncpg==0.29.0 (from -r services/retention/../common/requirements.txt (line 9))
#10 62.19   Downloading asyncpg-0.29.0-cp311-cp311-manylinux_2_17_x86_64.manylinux2014_x86_64.whl.metadata (4.4 kB)
#10 63.93 Collecting psycopg2-binary==2.9.9 (from -r services/retention/../common/requirements.txt (line 10))
#10 63.94   Downloading psycopg2_binary-2.9.9-cp311-cp311-manylinux_2_17_x86_64.manylinux2014_x86_64.whl.metadata (4.4 kB)
#10 64.19 Collecting python-jose==3.3.0 (from python-jose[cryptography]==3.3.0->-r services/retention/../common/requirements.txt (line 11))
#10 64.20   Downloading python_jose-3.3.0-py2.py3-none-any.whl.metadata (5.4 kB)
#10 64.67 Collecting PyJWT==2.9.0 (from -r services/retention/../common/requirements.txt (line 12))
#10 64.69   Downloading PyJWT-2.9.0-py3-none-any.whl.metadata (3.0 kB)
#10 65.17 Collecting httpx==0.27.0 (from -r services/retention/../common/requirements.txt (line 13))
#10 65.18   Downloading httpx-0.27.0-py3-none-any.whl.metadata (7.2 kB)
#10 66.43 Collecting scikit-learn==1.5.1 (from -r services/retention/requirements.txt (line 4))
#10 66.45   Downloading scikit_learn-1.5.1-cp311-cp311-manylinux_2_17_x86_64.manylinux2014_x86_64.whl.metadata (12 kB)
#10 69.68 Collecting numpy==1.26.4 (from -r services/retention/requirements.txt (line 5))
#10 69.70   Downloading numpy-1.26.4-cp311-cp311-manylinux_2_17_x86_64.manylinux2014_x86_64.whl.metadata (61 kB)
#10 69.70      ━━━━━━━━━━━━━━━━━━━━━━━━━━━━━━━━━━━━━━━━ 61.0/61.0 kB 18.3 MB/s eta 0:00:00
#10 71.44 Collecting starlette<0.39.0,>=0.37.2 (from fastapi==0.115.0->-r services/retention/../common/requirements.txt (line 1))
#10 71.67   Downloading starlette-0.38.6-py3-none-any.whl.metadata (6.0 kB)
#10 72.18 Collecting typing-extensions>=4.8.0 (from fastapi==0.115.0->-r services/retention/../common/requirements.txt (line 1))
#10 72.20   Downloading typing_extensions-4.15.0-py3-none-any.whl.metadata (3.3 kB)
#10 72.69 Collecting click>=7.0 (from uvicorn==0.30.1->-r services/retention/../common/requirements.txt (line 2))
#10 72.70   Downloading click-8.4.1-py3-none-any.whl.metadata (2.6 kB)
#10 72.94 Collecting h11>=0.8 (from uvicorn==0.30.1->-r services/retention/../common/requirements.txt (line 2))
#10 72.96   Downloading h11-0.16.0-py3-none-any.whl.metadata (8.3 kB)
#10 73.20 Collecting annotated-types>=0.4.0 (from pydantic==2.8.2->-r services/retention/../common/requirements.txt (line 3))
#10 73.22   Downloading annotated_types-0.7.0-py3-none-any.whl.metadata (15 kB)
#10 84.92 Collecting pydantic-core==2.20.1 (from pydantic==2.8.2->-r services/retention/../common/requirements.txt (line 3))
#10 84.93   Downloading pydantic_core-2.20.1-cp311-cp311-manylinux_2_17_x86_64.manylinux2014_x86_64.whl.metadata (6.6 kB)
#10 87.43 Collecting cffi>=1.12 (from cryptography==42.0.8->-r services/retention/../common/requirements.txt (line 7))
#10 87.45   Downloading cffi-2.0.0-cp311-cp311-manylinux2014_x86_64.manylinux_2_17_x86_64.whl.metadata (2.6 kB)
#10 91.42 Collecting greenlet!=0.4.17 (from sqlalchemy==2.0.30->-r services/retention/../common/requirements.txt (line 8))
#10 91.43   Downloading greenlet-3.5.1-cp311-cp311-manylinux_2_24_x86_64.manylinux_2_28_x86_64.whl.metadata (3.8 kB)
#10 91.68 Collecting async-timeout>=4.0.3 (from asyncpg==0.29.0->-r services/retention/../common/requirements.txt (line 9))
#10 91.70   Downloading async_timeout-5.0.1-py3-none-any.whl.metadata (5.1 kB)
#10 92.17 Collecting ecdsa!=0.15 (from python-jose==3.3.0->python-jose[cryptography]==3.3.0->-r services/retention/../common/requirements.txt (line 11))
#10 92.19   Downloading ecdsa-0.19.2-py2.py3-none-any.whl.metadata (29 kB)
#10 92.43 Collecting rsa (from python-jose==3.3.0->python-jose[cryptography]==3.3.0->-r services/retention/../common/requirements.txt (line 11))
#10 92.45   Downloading rsa-4.9.1-py3-none-any.whl.metadata (5.6 kB)
#10 92.92 Collecting pyasn1 (from python-jose==3.3.0->python-jose[cryptography]==3.3.0->-r services/retention/../common/requirements.txt (line 11))
#10 92.94   Downloading pyasn1-0.6.3-py3-none-any.whl.metadata (8.4 kB)
#10 93.44 Collecting anyio (from httpx==0.27.0->-r services/retention/../common/requirements.txt (line 13))
#10 93.46   Downloading anyio-4.13.0-py3-none-any.whl.metadata (4.5 kB)
#10 93.93 Collecting certifi (from httpx==0.27.0->-r services/retention/../common/requirements.txt (line 13))
#10 93.94   Downloading certifi-2026.5.20-py3-none-any.whl.metadata (2.5 kB)
#10 94.19 Collecting httpcore==1.* (from httpx==0.27.0->-r services/retention/../common/requirements.txt (line 13))
#10 94.43   Downloading httpcore-1.0.9-py3-none-any.whl.metadata (21 kB)
#10 94.67 Collecting idna (from httpx==0.27.0->-r services/retention/../common/requirements.txt (line 13))
#10 94.69   Downloading idna-3.18-py3-none-any.whl.metadata (6.1 kB)
#10 94.72 Collecting sniffio (from httpx==0.27.0->-r services/retention/../common/requirements.txt (line 13))
#10 94.93   Downloading sniffio-1.3.1-py3-none-any.whl.metadata (3.9 kB)
#10 97.94 Collecting scipy>=1.6.0 (from scikit-learn==1.5.1->-r services/retention/requirements.txt (line 4))
#10 97.96   Downloading scipy-1.17.1-cp311-cp311-manylinux_2_27_x86_64.manylinux_2_28_x86_64.whl.metadata (62 kB)
#10 98.17      ━━━━━━━━━━━━━━━━━━━━━━━━━━━━━━━━━━━━━━━━ 62.1/62.1 kB 77.6 MB/s eta 0:00:00
#10 98.67 Collecting joblib>=1.2.0 (from scikit-learn==1.5.1->-r services/retention/requirements.txt (line 4))
#10 98.69   Downloading joblib-1.5.3-py3-none-any.whl.metadata (5.5 kB)
#10 98.93 Collecting threadpoolctl>=3.1.0 (from scikit-learn==1.5.1->-r services/retention/requirements.txt (line 4))
#10 98.94   Downloading threadpoolctl-3.6.0-py3-none-any.whl.metadata (13 kB)
#10 100.2 Collecting pycparser (from cffi>=1.12->cryptography==42.0.8->-r services/retention/../common/requirements.txt (line 7))
#10 100.2   Downloading pycparser-3.0-py3-none-any.whl.metadata (8.2 kB)
#10 100.7 Collecting six>=1.9.0 (from ecdsa!=0.15->python-jose==3.3.0->python-jose[cryptography]==3.3.0->-r services/retention/../common/requirements.txt (line 11))
#10 100.9   Downloading six-1.17.0-py2.py3-none-any.whl.metadata (1.7 kB)
#10 103.0 Downloading fastapi-0.115.0-py3-none-any.whl (94 kB)
#10 103.2    ━━━━━━━━━━━━━━━━━━━━━━━━━━━━━━━━━━━━━━━━ 94.6/94.6 kB 126.9 MB/s eta 0:00:00
#10 103.2 Downloading uvicorn-0.30.1-py3-none-any.whl (62 kB)
#10 103.2    ━━━━━━━━━━━━━━━━━━━━━━━━━━━━━━━━━━━━━━━━ 62.4/62.4 kB 1.5 MB/s eta 0:00:00
#10 103.4 Downloading pydantic-2.8.2-py3-none-any.whl (423 kB)
#10 103.5    ━━━━━━━━━━━━━━━━━━━━━━━━━━━━━━━━━━━━━━━━ 423.9/423.9 kB 5.3 MB/s eta 0:00:00
#10 103.7 Downloading pydantic_settings-2.4.0-py3-none-any.whl (23 kB)
#10 103.7 Downloading python_multipart-0.0.9-py3-none-any.whl (22 kB)
#10 103.7 Downloading python_dotenv-1.0.1-py3-none-any.whl (19 kB)
#10 103.7 Downloading cryptography-42.0.8-cp39-abi3-manylinux_2_28_x86_64.whl (3.9 MB)
#10 104.7    ━━━━━━━━━━━━━━━━━━━━━━━━━━━━━━━━━━━━━━━━ 3.9/3.9 MB 4.0 MB/s eta 0:00:00
#10 104.7 Downloading SQLAlchemy-2.0.30-cp311-cp311-manylinux_2_17_x86_64.manylinux2014_x86_64.whl (3.2 MB)
#10 105.2    ━━━━━━━━━━━━━━━━━━━━━━━━━━━━━━━━━━━━━━━━ 3.2/3.2 MB 6.5 MB/s eta 0:00:00
#10 105.2 Downloading asyncpg-0.29.0-cp311-cp311-manylinux_2_17_x86_64.manylinux2014_x86_64.whl (2.8 MB)
#10 105.7    ━━━━━━━━━━━━━━━━━━━━━━━━━━━━━━━━━━━━━━━━ 2.8/2.8 MB 5.9 MB/s eta 0:00:00
#10 105.7 Downloading psycopg2_binary-2.9.9-cp311-cp311-manylinux_2_17_x86_64.manylinux2014_x86_64.whl (3.0 MB)
#10 106.5    ━━━━━━━━━━━━━━━━━━━━━━━━━━━━━━━━━━━━━━━━ 3.0/3.0 MB 4.0 MB/s eta 0:00:00
#10 106.5 Downloading python_jose-3.3.0-py2.py3-none-any.whl (33 kB)
#10 106.7 Downloading PyJWT-2.9.0-py3-none-any.whl (22 kB)
#10 106.7 Downloading httpx-0.27.0-py3-none-any.whl (75 kB)
#10 106.7    ━━━━━━━━━━━━━━━━━━━━━━━━━━━━━━━━━━━━━━━━ 75.6/75.6 kB 211.1 MB/s eta 0:00:00
#10 106.7 Downloading scikit_learn-1.5.1-cp311-cp311-manylinux_2_17_x86_64.manylinux2014_x86_64.whl (13.3 MB)
#10 108.7    ━━━━━━━━━━━━━━━━━━━━━━━━━━━━━━━━━━━━━━━━ 13.3/13.3 MB 6.8 MB/s eta 0:00:00
#10 108.7 Downloading numpy-1.26.4-cp311-cp311-manylinux_2_17_x86_64.manylinux2014_x86_64.whl (18.3 MB)
#10 109.9    ━━━━━━━━━━━━━━━━━━━━━━━━━━━━━━━━━━━━━━━━ 18.3/18.3 MB 14.0 MB/s eta 0:00:00
#10 109.9 Downloading httpcore-1.0.9-py3-none-any.whl (78 kB)
#10 110.0    ━━━━━━━━━━━━━━━━━━━━━━━━━━━━━━━━━━━━━━━━ 78.8/78.8 kB 207.9 MB/s eta 0:00:00
#10 110.2 Downloading pydantic_core-2.20.1-cp311-cp311-manylinux_2_17_x86_64.manylinux2014_x86_64.whl (2.1 MB)
#10 110.4    ━━━━━━━━━━━━━━━━━━━━━━━━━━━━━━━━━━━━━━━━ 2.1/2.1 MB 8.8 MB/s eta 0:00:00
#10 110.4 Downloading annotated_types-0.7.0-py3-none-any.whl (13 kB)
#10 110.5 Downloading async_timeout-5.0.1-py3-none-any.whl (6.2 kB)
#10 110.5 Downloading cffi-2.0.0-cp311-cp311-manylinux2014_x86_64.manylinux_2_17_x86_64.whl (215 kB)
#10 110.5    ━━━━━━━━━━━━━━━━━━━━━━━━━━━━━━━━━━━━━━━ 215.6/215.6 kB 183.1 MB/s eta 0:00:00
#10 110.7 Downloading click-8.4.1-py3-none-any.whl (116 kB)
#10 110.7    ━━━━━━━━━━━━━━━━━━━━━━━━━━━━━━━━━━━━━━━ 116.6/116.6 kB 138.9 MB/s eta 0:00:00
#10 110.7 Downloading ecdsa-0.19.2-py2.py3-none-any.whl (150 kB)
#10 110.7    ━━━━━━━━━━━━━━━━━━━━━━━━━━━━━━━━━━━━━━━━ 150.8/150.8 kB 89.5 MB/s eta 0:00:00
#10 110.9 Downloading greenlet-3.5.1-cp311-cp311-manylinux_2_24_x86_64.manylinux_2_28_x86_64.whl (614 kB)
#10 110.9    ━━━━━━━━━━━━━━━━━━━━━━━━━━━━━━━━━━━━━━━ 614.8/614.8 kB 275.3 MB/s eta 0:00:00
#10 110.9 Downloading h11-0.16.0-py3-none-any.whl (37 kB)
#10 111.0 Downloading joblib-1.5.3-py3-none-any.whl (309 kB)
#10 111.2    ━━━━━━━━━━━━━━━━━━━━━━━━━━━━━━━━━━━━━━━━ 309.1/309.1 kB 23.2 MB/s eta 0:00:00
#10 111.2 Downloading scipy-1.17.1-cp311-cp311-manylinux_2_27_x86_64.manylinux_2_28_x86_64.whl (35.3 MB)
#10 113.4    ━━━━━━━━━━━━━━━━━━━━━━━━━━━━━━━━━━━━━━━━ 35.3/35.3 MB 13.7 MB/s eta 0:00:00
#10 113.4 Downloading starlette-0.38.6-py3-none-any.whl (71 kB)
#10 113.7    ━━━━━━━━━━━━━━━━━━━━━━━━━━━━━━━━━━━━━━━━ 71.5/71.5 kB 170.2 MB/s eta 0:00:00
#10 113.7 Downloading anyio-4.13.0-py3-none-any.whl (114 kB)
#10 113.7    ━━━━━━━━━━━━━━━━━━━━━━━━━━━━━━━━━━━━━━━━ 114.4/114.4 kB 61.9 MB/s eta 0:00:00
#10 113.7 Downloading idna-3.18-py3-none-any.whl (65 kB)
#10 113.7    ━━━━━━━━━━━━━━━━━━━━━━━━━━━━━━━━━━━━━━━━ 65.5/65.5 kB 193.0 MB/s eta 0:00:00
#10 113.9 Downloading threadpoolctl-3.6.0-py3-none-any.whl (18 kB)
#10 113.9 Downloading typing_extensions-4.15.0-py3-none-any.whl (44 kB)
#10 113.9    ━━━━━━━━━━━━━━━━━━━━━━━━━━━━━━━━━━━━━━━━ 44.6/44.6 kB 176.9 MB/s eta 0:00:00
#10 114.0 Downloading certifi-2026.5.20-py3-none-any.whl (134 kB)
#10 114.0    ━━━━━━━━━━━━━━━━━━━━━━━━━━━━━━━━━━━━━━━ 134.1/134.1 kB 248.0 MB/s eta 0:00:00
#10 114.0 Downloading pyasn1-0.6.3-py3-none-any.whl (83 kB)
#10 114.2    ━━━━━━━━━━━━━━━━━━━━━━━━━━━━━━━━━━━━━━━━ 84.0/84.0 kB 165.0 MB/s eta 0:00:00
#10 114.2 Downloading rsa-4.9.1-py3-none-any.whl (34 kB)
#10 114.2 Downloading sniffio-1.3.1-py3-none-any.whl (10 kB)
#10 114.2 Downloading six-1.17.0-py2.py3-none-any.whl (11 kB)
#10 114.4 Downloading pycparser-3.0-py3-none-any.whl (48 kB)
#10 114.4    ━━━━━━━━━━━━━━━━━━━━━━━━━━━━━━━━━━━━━━━━ 48.2/48.2 kB 71.2 MB/s eta 0:00:00
#10 124.2 Installing collected packages: typing-extensions, threadpoolctl, sniffio, six, python-multipart, python-dotenv, PyJWT, pycparser, pyasn1, psycopg2-binary, numpy, joblib, idna, h11, greenlet, click, certifi, async-timeout, annotated-types, uvicorn, sqlalchemy, scipy, rsa, pydantic-core, httpcore, ecdsa, cffi, asyncpg, anyio, starlette, scikit-learn, python-jose, pydantic, httpx, cryptography, pydantic-settings, fastapi
#10 311.6 WARNING: Running pip as the 'root' user can result in broken permissions and conflicting behaviour with the system package manager. It is recommended to use a virtual environment instead: https://pip.pypa.io/warnings/venv
#10 311.7 Successfully installed PyJWT-2.9.0 annotated-types-0.7.0 anyio-4.13.0 async-timeout-5.0.1 asyncpg-0.29.0 certifi-2026.5.20 cffi-2.0.0 click-8.4.1 cryptography-42.0.8 ecdsa-0.19.2 fastapi-0.115.0 greenlet-3.5.1 h11-0.16.0 httpcore-1.0.9 httpx-0.27.0 idna-3.18 joblib-1.5.3 numpy-1.26.4 psycopg2-binary-2.9.9 pyasn1-0.6.3 pycparser-3.0 pydantic-2.8.2 pydantic-core-2.20.1 pydantic-settings-2.4.0 python-dotenv-1.0.1 python-jose-3.3.0 python-multipart-0.0.9 rsa-4.9.1 scikit-learn-1.5.1 scipy-1.17.1 six-1.17.0 sniffio-1.3.1 sqlalchemy-2.0.30 starlette-0.38.6 threadpoolctl-3.6.0 typing-extensions-4.15.0 uvicorn-0.30.1
#10 318.7 
#10 318.7 [notice] A new release of pip is available: 24.0 -> 26.1.2
#10 318.7 [notice] To update, run: pip install --upgrade pip
#10 DONE 331.4s

#11 [6/7] COPY services/retention/ ./services/retention/
#11 DONE 11.6s

#12 [7/7] COPY services/common/ ./services/common/
#12 DONE 0.8s

#13 exporting to image
#13 exporting layers
#13 exporting layers 272.8s done
#13 exporting manifest sha256:dc6b7265cb4e6f03217a4e8c208c6b3431591feb09b72219d4e8c4af213757f2
#13 exporting manifest sha256:dc6b7265cb4e6f03217a4e8c208c6b3431591feb09b72219d4e8c4af213757f2 0.2s done
#13 exporting config sha256:508a37da4d64d7848545d4d7d4fe708d3731164662c55a3f802efb0e3540277e 0.0s done
#13 exporting attestation manifest sha256:b9aa9915f938ea7728d8bb03f8a82bd03da6c0db1addac942af4d00d8ceffea2 0.1s done
#13 exporting manifest list sha256:ddcdad4731e6d4408d92d5256e6d05d6250962efe971d746a93d2597908a5b12 0.1s done
#13 naming to docker.io/library/omnidome-retention:latest 0.1s done
#13 unpacking to docker.io/library/omnidome-retention:latest
#13 unpacking to docker.io/library/omnidome-retention:latest 58.7s done
#13 DONE 333.9s

#14 resolving provenance for metadata file
#14 DONE 1.3s
 Image omnidome-retention Built 
time="2026-06-03T12:51:19Z" level=warning msg="/home/Benedict/omnidome/docker-compose.yaml: the attribute `version` is obsolete, it will be ignored, please remove it to avoid potential confusion"
 Container omnidome-db-1 Running 
 Container omnidome-retention-1 Creating 
 Container omnidome-retention-1 Created 
 Container omnidome-retention-1 Starting 
 Container omnidome-retention-1 Started 
=========================================
Building and starting: marketing
=========================================
time="2026-06-03T12:51:27Z" level=warning msg="/home/Benedict/omnidome/docker-compose.yaml: the attribute `version` is obsolete, it will be ignored, please remove it to avoid potential confusion"
 Image omnidome-marketing Building 
#1 [internal] load local bake definitions
#1 reading from stdin 531B done
#1 DONE 0.0s

#2 [internal] load build definition from Dockerfile
#2 DONE 0.1s

#2 [internal] load build definition from Dockerfile
#2 transferring dockerfile:
#2 transferring dockerfile: 682B 0.8s done
#2 DONE 2.1s

#3 [internal] load metadata for docker.io/library/python:3.11-slim
#3 DONE 4.6s

#4 [internal] load .dockerignore
#4 transferring context:
#4 transferring context: 325B 0.1s done
#4 DONE 0.2s

#5 [1/7] FROM docker.io/library/python:3.11-slim@sha256:a3ab0b966bc4e91546a033e22093cb840908979487a9fc0e6e38295747e49ac0
#5 ...

#6 [internal] load build context
#6 DONE 0.0s

#6 [internal] load build context
#6 transferring context: 31.67kB 0.4s done
#6 DONE 0.8s

#5 [1/7] FROM docker.io/library/python:3.11-slim@sha256:a3ab0b966bc4e91546a033e22093cb840908979487a9fc0e6e38295747e49ac0
#5 resolve docker.io/library/python:3.11-slim@sha256:a3ab0b966bc4e91546a033e22093cb840908979487a9fc0e6e38295747e49ac0
#5 resolve docker.io/library/python:3.11-slim@sha256:a3ab0b966bc4e91546a033e22093cb840908979487a9fc0e6e38295747e49ac0 0.8s done
#5 DONE 1.3s

#7 [2/7] WORKDIR /app
#7 CACHED

#8 [3/7] COPY services/common/requirements.txt ./services/common/requirements.txt
#8 CACHED

#9 [4/7] COPY services/marketing/requirements.txt ./services/marketing/requirements.txt
#9 CACHED

#10 [5/7] RUN pip install --no-cache-dir --trusted-host pypi.org --trusted-host pypi.python.org --trusted-host files.pythonhosted.org -r services/marketing/requirements.txt
#10 74.14 Collecting fastapi==0.115.0 (from -r services/marketing/../common/requirements.txt (line 1))
#10 74.39   Downloading fastapi-0.115.0-py3-none-any.whl.metadata (27 kB)
#10 75.63 Collecting uvicorn==0.30.1 (from -r services/marketing/../common/requirements.txt (line 2))
#10 75.87   Downloading uvicorn-0.30.1-py3-none-any.whl.metadata (6.3 kB)
#10 80.13 Collecting pydantic==2.8.2 (from -r services/marketing/../common/requirements.txt (line 3))
#10 80.15   Downloading pydantic-2.8.2-py3-none-any.whl.metadata (125 kB)
#10 80.88      ━━━━━━━━━━━━━━━━━━━━━━━━━━━━━━━━━━━━━ 125.2/125.2 kB 470.3 kB/s eta 0:00:00
#10 81.65 Collecting pydantic-settings==2.4.0 (from -r services/marketing/../common/requirements.txt (line 4))
#10 81.89   Downloading pydantic_settings-2.4.0-py3-none-any.whl.metadata (3.5 kB)
#10 82.38 Collecting python-multipart==0.0.9 (from -r services/marketing/../common/requirements.txt (line 5))
#10 82.39   Downloading python_multipart-0.0.9-py3-none-any.whl.metadata (2.5 kB)
#10 83.13 Collecting python-dotenv==1.0.1 (from -r services/marketing/../common/requirements.txt (line 6))
#10 83.15   Downloading python_dotenv-1.0.1-py3-none-any.whl.metadata (23 kB)
#10 90.14 Collecting cryptography==42.0.8 (from -r services/marketing/../common/requirements.txt (line 7))
#10 90.37   Downloading cryptography-42.0.8-cp39-abi3-manylinux_2_28_x86_64.whl.metadata (5.3 kB)
#10 99.89 Collecting sqlalchemy==2.0.30 (from -r services/marketing/../common/requirements.txt (line 8))
#10 100.1   Downloading SQLAlchemy-2.0.30-cp311-cp311-manylinux_2_17_x86_64.manylinux2014_x86_64.whl.metadata (9.6 kB)
#10 101.6 Collecting asyncpg==0.29.0 (from -r services/marketing/../common/requirements.txt (line 9))
#10 101.9   Downloading asyncpg-0.29.0-cp311-cp311-manylinux_2_17_x86_64.manylinux2014_x86_64.whl.metadata (4.4 kB)
#10 105.6 Collecting psycopg2-binary==2.9.9 (from -r services/marketing/../common/requirements.txt (line 10))
#10 105.6   Downloading psycopg2_binary-2.9.9-cp311-cp311-manylinux_2_17_x86_64.manylinux2014_x86_64.whl.metadata (4.4 kB)
#10 106.1 Collecting python-jose==3.3.0 (from python-jose[cryptography]==3.3.0->-r services/marketing/../common/requirements.txt (line 11))
#10 106.1   Downloading python_jose-3.3.0-py2.py3-none-any.whl.metadata (5.4 kB)
#10 107.1 Collecting PyJWT==2.9.0 (from -r services/marketing/../common/requirements.txt (line 12))
#10 107.1   Downloading PyJWT-2.9.0-py3-none-any.whl.metadata (3.0 kB)
#10 108.4 Collecting httpx==0.27.0 (from -r services/marketing/../common/requirements.txt (line 13))
#10 108.4   Downloading httpx-0.27.0-py3-none-any.whl.metadata (7.2 kB)
#10 110.1 Collecting starlette<0.39.0,>=0.37.2 (from fastapi==0.115.0->-r services/marketing/../common/requirements.txt (line 1))
#10 110.4   Downloading starlette-0.38.6-py3-none-any.whl.metadata (6.0 kB)
#10 111.9 Collecting typing-extensions>=4.8.0 (from fastapi==0.115.0->-r services/marketing/../common/requirements.txt (line 1))
#10 112.1   Downloading typing_extensions-4.15.0-py3-none-any.whl.metadata (3.3 kB)
#10 112.9 Collecting click>=7.0 (from uvicorn==0.30.1->-r services/marketing/../common/requirements.txt (line 2))
#10 113.1   Downloading click-8.4.1-py3-none-any.whl.metadata (2.6 kB)
#10 113.4 Collecting h11>=0.8 (from uvicorn==0.30.1->-r services/marketing/../common/requirements.txt (line 2))
#10 113.6   Downloading h11-0.16.0-py3-none-any.whl.metadata (8.3 kB)
#10 113.9 Collecting annotated-types>=0.4.0 (from pydantic==2.8.2->-r services/marketing/../common/requirements.txt (line 3))
#10 114.1   Downloading annotated_types-0.7.0-py3-none-any.whl.metadata (15 kB)
#10 135.1 Collecting pydantic-core==2.20.1 (from pydantic==2.8.2->-r services/marketing/../common/requirements.txt (line 3))
#10 135.4   Downloading pydantic_core-2.20.1-cp311-cp311-manylinux_2_17_x86_64.manylinux2014_x86_64.whl.metadata (6.6 kB)
#10 139.6 Collecting cffi>=1.12 (from cryptography==42.0.8->-r services/marketing/../common/requirements.txt (line 7))
#10 139.9   Downloading cffi-2.0.0-cp311-cp311-manylinux2014_x86_64.manylinux_2_17_x86_64.whl.metadata (2.6 kB)
#10 144.9 Collecting greenlet!=0.4.17 (from sqlalchemy==2.0.30->-r services/marketing/../common/requirements.txt (line 8))
#10 145.1   Downloading greenlet-3.5.1-cp311-cp311-manylinux_2_24_x86_64.manylinux_2_28_x86_64.whl.metadata (3.8 kB)
#10 145.9 Collecting async-timeout>=4.0.3 (from asyncpg==0.29.0->-r services/marketing/../common/requirements.txt (line 9))
#10 145.9   Downloading async_timeout-5.0.1-py3-none-any.whl.metadata (5.1 kB)
#10 146.6 Collecting ecdsa!=0.15 (from python-jose==3.3.0->python-jose[cryptography]==3.3.0->-r services/marketing/../common/requirements.txt (line 11))
#10 146.6   Downloading ecdsa-0.19.2-py2.py3-none-any.whl.metadata (29 kB)
#10 147.4 Collecting rsa (from python-jose==3.3.0->python-jose[cryptography]==3.3.0->-r services/marketing/../common/requirements.txt (line 11))
#10 147.4   Downloading rsa-4.9.1-py3-none-any.whl.metadata (5.6 kB)
#10 148.1 Collecting pyasn1 (from python-jose==3.3.0->python-jose[cryptography]==3.3.0->-r services/marketing/../common/requirements.txt (line 11))
#10 148.4   Downloading pyasn1-0.6.3-py3-none-any.whl.metadata (8.4 kB)
#10 149.9 Collecting anyio (from httpx==0.27.0->-r services/marketing/../common/requirements.txt (line 13))
#10 150.1   Downloading anyio-4.13.0-py3-none-any.whl.metadata (4.5 kB)
#10 150.6 Collecting certifi (from httpx==0.27.0->-r services/marketing/../common/requirements.txt (line 13))
#10 150.9   Downloading certifi-2026.5.20-py3-none-any.whl.metadata (2.5 kB)
#10 151.6 Collecting httpcore==1.* (from httpx==0.27.0->-r services/marketing/../common/requirements.txt (line 13))
#10 151.6   Downloading httpcore-1.0.9-py3-none-any.whl.metadata (21 kB)
#10 152.4 Collecting idna (from httpx==0.27.0->-r services/marketing/../common/requirements.txt (line 13))
#10 152.6   Downloading idna-3.18-py3-none-any.whl.metadata (6.1 kB)
#10 152.9 Collecting sniffio (from httpx==0.27.0->-r services/marketing/../common/requirements.txt (line 13))
#10 153.1   Downloading sniffio-1.3.1-py3-none-any.whl.metadata (3.9 kB)
#10 154.4 Collecting pycparser (from cffi>=1.12->cryptography==42.0.8->-r services/marketing/../common/requirements.txt (line 7))
#10 154.4   Downloading pycparser-3.0-py3-none-any.whl.metadata (8.2 kB)
#10 154.9 Collecting six>=1.9.0 (from ecdsa!=0.15->python-jose==3.3.0->python-jose[cryptography]==3.3.0->-r services/marketing/../common/requirements.txt (line 11))
#10 155.1   Downloading six-1.17.0-py2.py3-none-any.whl.metadata (1.7 kB)
#10 157.1 Downloading fastapi-0.115.0-py3-none-any.whl (94 kB)
#10 157.6    ━━━━━━━━━━━━━━━━━━━━━━━━━━━━━━━━━━━━━━━━ 94.6/94.6 kB 350.8 kB/s eta 0:00:00
#10 157.6 Downloading uvicorn-0.30.1-py3-none-any.whl (62 kB)
#10 157.9    ━━━━━━━━━━━━━━━━━━━━━━━━━━━━━━━━━━━━━━━━ 62.4/62.4 kB 101.9 MB/s eta 0:00:00
#10 157.9 Downloading pydantic-2.8.2-py3-none-any.whl (423 kB)
#10 159.1    ━━━━━━━━━━━━━━━━━━━━━━━━━━━━━━━━━━━━━━━ 423.9/423.9 kB 416.2 kB/s eta 0:00:00
#10 159.1 Downloading pydantic_settings-2.4.0-py3-none-any.whl (23 kB)
#10 159.4 Downloading python_multipart-0.0.9-py3-none-any.whl (22 kB)
#10 159.6 Downloading python_dotenv-1.0.1-py3-none-any.whl (19 kB)
#10 159.9 Downloading cryptography-42.0.8-cp39-abi3-manylinux_2_28_x86_64.whl (3.9 MB)
#10 164.4    ━━━━━━━━━━━━━━━━━━━━━━━━━━━━━━━━━━━━━━━━ 3.9/3.9 MB 903.7 kB/s eta 0:00:00
#10 164.9 Downloading SQLAlchemy-2.0.30-cp311-cp311-manylinux_2_17_x86_64.manylinux2014_x86_64.whl (3.2 MB)
#10 166.1    ━━━━━━━━━━━━━━━━━━━━━━━━━━━━━━━━━━━━━━━━ 3.2/3.2 MB 1.8 MB/s eta 0:00:00
#10 166.1 Downloading asyncpg-0.29.0-cp311-cp311-manylinux_2_17_x86_64.manylinux2014_x86_64.whl (2.8 MB)
#10 167.4    ━━━━━━━━━━━━━━━━━━━━━━━━━━━━━━━━━━━━━━━━ 2.8/2.8 MB 2.3 MB/s eta 0:00:00
#10 167.6 Downloading psycopg2_binary-2.9.9-cp311-cp311-manylinux_2_17_x86_64.manylinux2014_x86_64.whl (3.0 MB)
#10 168.6    ━━━━━━━━━━━━━━━━━━━━━━━━━━━━━━━━━━━━━━━━ 3.0/3.0 MB 3.0 MB/s eta 0:00:00
#10 168.9 Downloading python_jose-3.3.0-py2.py3-none-any.whl (33 kB)
#10 169.1 Downloading PyJWT-2.9.0-py3-none-any.whl (22 kB)
#10 169.1 Downloading httpx-0.27.0-py3-none-any.whl (75 kB)
#10 169.4    ━━━━━━━━━━━━━━━━━━━━━━━━━━━━━━━━━━━━━━━━ 75.6/75.6 kB 290.0 kB/s eta 0:00:00
#10 169.4 Downloading httpcore-1.0.9-py3-none-any.whl (78 kB)
#10 169.6    ━━━━━━━━━━━━━━━━━━━━━━━━━━━━━━━━━━━━━━━━ 78.8/78.8 kB 53.6 MB/s eta 0:00:00
#10 169.6 Downloading pydantic_core-2.20.1-cp311-cp311-manylinux_2_17_x86_64.manylinux2014_x86_64.whl (2.1 MB)
#10 170.4    ━━━━━━━━━━━━━━━━━━━━━━━━━━━━━━━━━━━━━━━━ 2.1/2.1 MB 2.8 MB/s eta 0:00:00
#10 170.6 Downloading annotated_types-0.7.0-py3-none-any.whl (13 kB)
#10 170.6 Downloading async_timeout-5.0.1-py3-none-any.whl (6.2 kB)
#10 170.9 Downloading cffi-2.0.0-cp311-cp311-manylinux2014_x86_64.manylinux_2_17_x86_64.whl (215 kB)
#10 170.9    ━━━━━━━━━━━━━━━━━━━━━━━━━━━━━━━━━━━━━━━━ 215.6/215.6 kB 82.7 MB/s eta 0:00:00
#10 171.1 Downloading click-8.4.1-py3-none-any.whl (116 kB)
#10 171.1    ━━━━━━━━━━━━━━━━━━━━━━━━━━━━━━━━━━━━━━━ 116.6/116.6 kB 146.3 MB/s eta 0:00:00
#10 171.4 Downloading ecdsa-0.19.2-py2.py3-none-any.whl (150 kB)
#10 171.4    ━━━━━━━━━━━━━━━━━━━━━━━━━━━━━━━━━━━━━━━ 150.8/150.8 kB 162.2 MB/s eta 0:00:00
#10 171.6 Downloading greenlet-3.5.1-cp311-cp311-manylinux_2_24_x86_64.manylinux_2_28_x86_64.whl (614 kB)
#10 171.6    ━━━━━━━━━━━━━━━━━━━━━━━━━━━━━━━━━━━━━━━ 614.8/614.8 kB 181.5 MB/s eta 0:00:00
#10 171.6 Downloading h11-0.16.0-py3-none-any.whl (37 kB)
#10 171.7 Downloading starlette-0.38.6-py3-none-any.whl (71 kB)
#10 171.9    ━━━━━━━━━━━━━━━━━━━━━━━━━━━━━━━━━━━━━━━━ 71.5/71.5 kB 102.6 MB/s eta 0:00:00
#10 171.9 Downloading anyio-4.13.0-py3-none-any.whl (114 kB)
#10 171.9    ━━━━━━━━━━━━━━━━━━━━━━━━━━━━━━━━━━━━━━━ 114.4/114.4 kB 122.8 MB/s eta 0:00:00
#10 171.9 Downloading idna-3.18-py3-none-any.whl (65 kB)
#10 171.9    ━━━━━━━━━━━━━━━━━━━━━━━━━━━━━━━━━━━━━━━━ 65.5/65.5 kB 209.4 MB/s eta 0:00:00
#10 171.9 Downloading typing_extensions-4.15.0-py3-none-any.whl (44 kB)
#10 172.1    ━━━━━━━━━━━━━━━━━━━━━━━━━━━━━━━━━━━━━━━━ 44.6/44.6 kB 116.9 MB/s eta 0:00:00
#10 172.1 Downloading certifi-2026.5.20-py3-none-any.whl (134 kB)
#10 172.1    ━━━━━━━━━━━━━━━━━━━━━━━━━━━━━━━━━━━━━━━ 134.1/134.1 kB 230.8 MB/s eta 0:00:00
#10 172.2 Downloading pyasn1-0.6.3-py3-none-any.whl (83 kB)
#10 172.2    ━━━━━━━━━━━━━━━━━━━━━━━━━━━━━━━━━━━━━━━━ 84.0/84.0 kB 184.4 MB/s eta 0:00:00
#10 172.2 Downloading rsa-4.9.1-py3-none-any.whl (34 kB)
#10 172.4 Downloading sniffio-1.3.1-py3-none-any.whl (10 kB)
#10 172.4 Downloading six-1.17.0-py2.py3-none-any.whl (11 kB)
#10 172.4 Downloading pycparser-3.0-py3-none-any.whl (48 kB)
#10 172.4    ━━━━━━━━━━━━━━━━━━━━━━━━━━━━━━━━━━━━━━━━ 48.2/48.2 kB 82.5 MB/s eta 0:00:00
#10 176.6 Installing collected packages: typing-extensions, sniffio, six, python-multipart, python-dotenv, PyJWT, pycparser, pyasn1, psycopg2-binary, idna, h11, greenlet, click, certifi, async-timeout, annotated-types, uvicorn, sqlalchemy, rsa, pydantic-core, httpcore, ecdsa, cffi, asyncpg, anyio, starlette, python-jose, pydantic, httpx, cryptography, pydantic-settings, fastapi
#10 228.1 Successfully installed PyJWT-2.9.0 annotated-types-0.7.0 anyio-4.13.0 async-timeout-5.0.1 asyncpg-0.29.0 certifi-2026.5.20 cffi-2.0.0 click-8.4.1 cryptography-42.0.8 ecdsa-0.19.2 fastapi-0.115.0 greenlet-3.5.1 h11-0.16.0 httpcore-1.0.9 httpx-0.27.0 idna-3.18 psycopg2-binary-2.9.9 pyasn1-0.6.3 pycparser-3.0 pydantic-2.8.2 pydantic-core-2.20.1 pydantic-settings-2.4.0 python-dotenv-1.0.1 python-jose-3.3.0 python-multipart-0.0.9 rsa-4.9.1 six-1.17.0 sniffio-1.3.1 sqlalchemy-2.0.30 starlette-0.38.6 typing-extensions-4.15.0 uvicorn-0.30.1
#10 228.6 WARNING: Running pip as the 'root' user can result in broken permissions and conflicting behaviour with the system package manager. It is recommended to use a virtual environment instead: https://pip.pypa.io/warnings/venv
#10 233.1 
#10 233.1 [notice] A new release of pip is available: 24.0 -> 26.1.2
#10 233.1 [notice] To update, run: pip install --upgrade pip
#10 DONE 250.1s

#11 [6/7] COPY services/marketing/ ./services/marketing/
#11 DONE 9.4s

#12 [7/7] COPY services/common/ ./services/common/
#12 DONE 0.4s

#13 exporting to image
#13 exporting layers
#13 exporting layers 86.5s done
#13 exporting manifest sha256:21148c51f3c5cc4e383d910991c64f9622489629b2e9097f77e33d077e5e411c
#13 exporting manifest sha256:21148c51f3c5cc4e383d910991c64f9622489629b2e9097f77e33d077e5e411c 0.1s done
#13 exporting config sha256:af2609917cc9e90cbd675514b6f434d6cc8a117eb60b8050017373f301772bfe
#13 exporting config sha256:af2609917cc9e90cbd675514b6f434d6cc8a117eb60b8050017373f301772bfe 0.0s done
#13 exporting attestation manifest sha256:b1ece2cafc8971752d055f5009a54fe7ae8e8610b943779df3c06f8ada41c375 0.2s done
#13 exporting manifest list sha256:798bb4f87af6a06e8fc93ac677e7df079ed2208204a46d0895c41dd0ae0eeb3e 0.0s done
#13 naming to docker.io/library/omnidome-marketing:latest
#13 naming to docker.io/library/omnidome-marketing:latest 0.3s done
#13 unpacking to docker.io/library/omnidome-marketing:latest
#13 unpacking to docker.io/library/omnidome-marketing:latest 6.5s done
#13 DONE 96.5s

#14 resolving provenance for metadata file
#14 DONE 0.9s
 Image omnidome-marketing Built 
time="2026-06-03T12:57:55Z" level=warning msg="/home/Benedict/omnidome/docker-compose.yaml: the attribute `version` is obsolete, it will be ignored, please remove it to avoid potential confusion"
 Container omnidome-db-1 Running 
 Container omnidome-marketing-1 Creating 
 Container omnidome-marketing-1 Created 
 Container omnidome-marketing-1 Starting 
 Container omnidome-marketing-1 Started 
=========================================
Building and starting: admin
=========================================
time="2026-06-03T12:58:03Z" level=warning msg="/home/Benedict/omnidome/docker-compose.yaml: the attribute `version` is obsolete, it will be ignored, please remove it to avoid potential confusion"
 Image omnidome-admin Building 
#1 [internal] load local bake definitions
#1 reading from stdin 511B done
#1 DONE 0.0s

#2 [internal] load build definition from Dockerfile
#2 transferring dockerfile:
#2 transferring dockerfile: 673B 0.7s done
#2 DONE 1.6s

#3 [internal] load metadata for docker.io/library/python:3.11-slim
#3 DONE 3.0s

#4 [internal] load .dockerignore
#4 transferring context: 323B 0.1s
#4 transferring context: 325B 0.1s done
#4 DONE 0.2s

#5 [internal] load build context
#5 transferring context: 36.39kB 0.1s done
#5 DONE 0.2s

#6 [1/7] FROM docker.io/library/python:3.11-slim@sha256:a3ab0b966bc4e91546a033e22093cb840908979487a9fc0e6e38295747e49ac0
#6 resolve docker.io/library/python:3.11-slim@sha256:a3ab0b966bc4e91546a033e22093cb840908979487a9fc0e6e38295747e49ac0
#6 resolve docker.io/library/python:3.11-slim@sha256:a3ab0b966bc4e91546a033e22093cb840908979487a9fc0e6e38295747e49ac0 0.2s done
#6 DONE 0.4s

#7 [2/7] WORKDIR /app
#7 CACHED

#8 [3/7] COPY services/common/requirements.txt ./services/common/requirements.txt
#8 CACHED

#9 [4/7] COPY services/admin/requirements.txt ./services/admin/requirements.txt
#9 CACHED

#10 [5/7] RUN pip install --no-cache-dir --trusted-host pypi.org --trusted-host pypi.python.org --trusted-host files.pythonhosted.org -r services/admin/requirements.txt
#10 22.91 Collecting fastapi==0.115.0 (from -r services/admin/../common/requirements.txt (line 1))
#10 23.18   Downloading fastapi-0.115.0-py3-none-any.whl.metadata (27 kB)
#10 23.66 Collecting uvicorn==0.30.1 (from -r services/admin/../common/requirements.txt (line 2))
#10 23.68   Downloading uvicorn-0.30.1-py3-none-any.whl.metadata (6.3 kB)
#10 25.90 Collecting pydantic==2.8.2 (from -r services/admin/../common/requirements.txt (line 3))
#10 25.92   Downloading pydantic-2.8.2-py3-none-any.whl.metadata (125 kB)
#10 25.96      ━━━━━━━━━━━━━━━━━━━━━━━━━━━━━━━━━━━━━━━ 125.2/125.2 kB 3.9 MB/s eta 0:00:00
#10 26.41 Collecting pydantic-settings==2.4.0 (from -r services/admin/../common/requirements.txt (line 4))
#10 26.42   Downloading pydantic_settings-2.4.0-py3-none-any.whl.metadata (3.5 kB)
#10 26.66 Collecting python-multipart==0.0.9 (from -r services/admin/../common/requirements.txt (line 5))
#10 26.68   Downloading python_multipart-0.0.9-py3-none-any.whl.metadata (2.5 kB)
#10 26.91 Collecting python-dotenv==1.0.1 (from -r services/admin/../common/requirements.txt (line 6))
#10 26.93   Downloading python_dotenv-1.0.1-py3-none-any.whl.metadata (23 kB)
#10 30.43 Collecting cryptography==42.0.8 (from -r services/admin/../common/requirements.txt (line 7))
#10 30.66   Downloading cryptography-42.0.8-cp39-abi3-manylinux_2_28_x86_64.whl.metadata (5.3 kB)
#10 34.92 Collecting sqlalchemy==2.0.30 (from -r services/admin/../common/requirements.txt (line 8))
#10 34.93   Downloading SQLAlchemy-2.0.30-cp311-cp311-manylinux_2_17_x86_64.manylinux2014_x86_64.whl.metadata (9.6 kB)
#10 35.66 Collecting asyncpg==0.29.0 (from -r services/admin/../common/requirements.txt (line 9))
#10 35.68   Downloading asyncpg-0.29.0-cp311-cp311-manylinux_2_17_x86_64.manylinux2014_x86_64.whl.metadata (4.4 kB)
#10 37.41 Collecting psycopg2-binary==2.9.9 (from -r services/admin/../common/requirements.txt (line 10))
#10 37.45   Downloading psycopg2_binary-2.9.9-cp311-cp311-manylinux_2_17_x86_64.manylinux2014_x86_64.whl.metadata (4.4 kB)
#10 37.66 Collecting python-jose==3.3.0 (from python-jose[cryptography]==3.3.0->-r services/admin/../common/requirements.txt (line 11))
#10 37.68   Downloading python_jose-3.3.0-py2.py3-none-any.whl.metadata (5.4 kB)
#10 38.15 Collecting PyJWT==2.9.0 (from -r services/admin/../common/requirements.txt (line 12))
#10 38.16   Downloading PyJWT-2.9.0-py3-none-any.whl.metadata (3.0 kB)
#10 38.42 Collecting httpx==0.27.0 (from -r services/admin/../common/requirements.txt (line 13))
#10 38.65   Downloading httpx-0.27.0-py3-none-any.whl.metadata (7.2 kB)
#10 39.41 Collecting starlette<0.39.0,>=0.37.2 (from fastapi==0.115.0->-r services/admin/../common/requirements.txt (line 1))
#10 39.42   Downloading starlette-0.38.6-py3-none-any.whl.metadata (6.0 kB)
#10 40.15 Collecting typing-extensions>=4.8.0 (from fastapi==0.115.0->-r services/admin/../common/requirements.txt (line 1))
#10 40.16   Downloading typing_extensions-4.15.0-py3-none-any.whl.metadata (3.3 kB)
#10 40.65 Collecting click>=7.0 (from uvicorn==0.30.1->-r services/admin/../common/requirements.txt (line 2))
#10 40.67   Downloading click-8.4.1-py3-none-any.whl.metadata (2.6 kB)
#10 40.91 Collecting h11>=0.8 (from uvicorn==0.30.1->-r services/admin/../common/requirements.txt (line 2))
#10 40.93   Downloading h11-0.16.0-py3-none-any.whl.metadata (8.3 kB)
#10 41.19 Collecting annotated-types>=0.4.0 (from pydantic==2.8.2->-r services/admin/../common/requirements.txt (line 3))
#10 41.40   Downloading annotated_types-0.7.0-py3-none-any.whl.metadata (15 kB)
#10 55.17 Collecting pydantic-core==2.20.1 (from pydantic==2.8.2->-r services/admin/../common/requirements.txt (line 3))
#10 55.40   Downloading pydantic_core-2.20.1-cp311-cp311-manylinux_2_17_x86_64.manylinux2014_x86_64.whl.metadata (6.6 kB)
#10 57.43 Collecting cffi>=1.12 (from cryptography==42.0.8->-r services/admin/../common/requirements.txt (line 7))
#10 57.66   Downloading cffi-2.0.0-cp311-cp311-manylinux2014_x86_64.manylinux_2_17_x86_64.whl.metadata (2.6 kB)
#10 60.18 Collecting greenlet!=0.4.17 (from sqlalchemy==2.0.30->-r services/admin/../common/requirements.txt (line 8))
#10 60.41   Downloading greenlet-3.5.1-cp311-cp311-manylinux_2_24_x86_64.manylinux_2_28_x86_64.whl.metadata (3.8 kB)
#10 60.67 Collecting async-timeout>=4.0.3 (from asyncpg==0.29.0->-r services/admin/../common/requirements.txt (line 9))
#10 60.68   Downloading async_timeout-5.0.1-py3-none-any.whl.metadata (5.1 kB)
#10 61.16 Collecting ecdsa!=0.15 (from python-jose==3.3.0->python-jose[cryptography]==3.3.0->-r services/admin/../common/requirements.txt (line 11))
#10 61.18   Downloading ecdsa-0.19.2-py2.py3-none-any.whl.metadata (29 kB)
#10 61.65 Collecting rsa (from python-jose==3.3.0->python-jose[cryptography]==3.3.0->-r services/admin/../common/requirements.txt (line 11))
#10 61.66   Downloading rsa-4.9.1-py3-none-any.whl.metadata (5.6 kB)
#10 62.15 Collecting pyasn1 (from python-jose==3.3.0->python-jose[cryptography]==3.3.0->-r services/admin/../common/requirements.txt (line 11))
#10 62.16   Downloading pyasn1-0.6.3-py3-none-any.whl.metadata (8.4 kB)
#10 62.67 Collecting anyio (from httpx==0.27.0->-r services/admin/../common/requirements.txt (line 13))
#10 62.91   Downloading anyio-4.13.0-py3-none-any.whl.metadata (4.5 kB)
#10 63.18 Collecting certifi (from httpx==0.27.0->-r services/admin/../common/requirements.txt (line 13))
#10 63.18   Downloading certifi-2026.5.20-py3-none-any.whl.metadata (2.5 kB)
#10 63.66 Collecting httpcore==1.* (from httpx==0.27.0->-r services/admin/../common/requirements.txt (line 13))
#10 63.67   Downloading httpcore-1.0.9-py3-none-any.whl.metadata (21 kB)
#10 63.92 Collecting idna (from httpx==0.27.0->-r services/admin/../common/requirements.txt (line 13))
#10 64.15   Downloading idna-3.18-py3-none-any.whl.metadata (6.1 kB)
#10 64.19 Collecting sniffio (from httpx==0.27.0->-r services/admin/../common/requirements.txt (line 13))
#10 64.41   Downloading sniffio-1.3.1-py3-none-any.whl.metadata (3.9 kB)
#10 66.67 Collecting pycparser (from cffi>=1.12->cryptography==42.0.8->-r services/admin/../common/requirements.txt (line 7))
#10 66.67   Downloading pycparser-3.0-py3-none-any.whl.metadata (8.2 kB)
#10 66.67 Collecting six>=1.9.0 (from ecdsa!=0.15->python-jose==3.3.0->python-jose[cryptography]==3.3.0->-r services/admin/../common/requirements.txt (line 11))
#10 66.67   Downloading six-1.17.0-py2.py3-none-any.whl.metadata (1.7 kB)
#10 66.90 Downloading fastapi-0.115.0-py3-none-any.whl (94 kB)
#10 66.90    ━━━━━━━━━━━━━━━━━━━━━━━━━━━━━━━━━━━━━━━━ 94.6/94.6 kB 4.3 MB/s eta 0:00:00
#10 66.94 Downloading uvicorn-0.30.1-py3-none-any.whl (62 kB)
#10 66.94    ━━━━━━━━━━━━━━━━━━━━━━━━━━━━━━━━━━━━━━━━ 62.4/62.4 kB 11.8 MB/s eta 0:00:00
#10 66.94 Downloading pydantic-2.8.2-py3-none-any.whl (423 kB)
#10 67.20    ━━━━━━━━━━━━━━━━━━━━━━━━━━━━━━━━━━━━━━━━ 423.9/423.9 kB 1.7 MB/s eta 0:00:00
#10 67.40 Downloading pydantic_settings-2.4.0-py3-none-any.whl (23 kB)
#10 67.44 Downloading python_multipart-0.0.9-py3-none-any.whl (22 kB)
#10 67.44 Downloading python_dotenv-1.0.1-py3-none-any.whl (19 kB)
#10 67.46 Downloading cryptography-42.0.8-cp39-abi3-manylinux_2_28_x86_64.whl (3.9 MB)
#10 68.67    ━━━━━━━━━━━━━━━━━━━━━━━━━━━━━━━━━━━━━━━━ 3.9/3.9 MB 3.1 MB/s eta 0:00:00
#10 68.69 Downloading SQLAlchemy-2.0.30-cp311-cp311-manylinux_2_17_x86_64.manylinux2014_x86_64.whl (3.2 MB)
#10 70.21    ━━━━━━━━━━━━━━━━━━━━━━━━━━━━━━━━━━━━━━━━ 3.2/3.2 MB 2.1 MB/s eta 0:00:00
#10 70.23 Downloading asyncpg-0.29.0-cp311-cp311-manylinux_2_17_x86_64.manylinux2014_x86_64.whl (2.8 MB)
#10 70.65    ━━━━━━━━━━━━━━━━━━━━━━━━━━━━━━━━━━━━━━━━ 2.8/2.8 MB 6.6 MB/s eta 0:00:00
#10 70.67 Downloading psycopg2_binary-2.9.9-cp311-cp311-manylinux_2_17_x86_64.manylinux2014_x86_64.whl (3.0 MB)
#10 71.15    ━━━━━━━━━━━━━━━━━━━━━━━━━━━━━━━━━━━━━━━━ 3.0/3.0 MB 6.3 MB/s eta 0:00:00
#10 71.17 Downloading python_jose-3.3.0-py2.py3-none-any.whl (33 kB)
#10 71.18 Downloading PyJWT-2.9.0-py3-none-any.whl (22 kB)
#10 71.20 Downloading httpx-0.27.0-py3-none-any.whl (75 kB)
#10 71.20    ━━━━━━━━━━━━━━━━━━━━━━━━━━━━━━━━━━━━━━━━ 75.6/75.6 kB 45.2 MB/s eta 0:00:00
#10 71.40 Downloading httpcore-1.0.9-py3-none-any.whl (78 kB)
#10 71.40    ━━━━━━━━━━━━━━━━━━━━━━━━━━━━━━━━━━━━━━━━ 78.8/78.8 kB 139.2 MB/s eta 0:00:00
#10 71.42 Downloading pydantic_core-2.20.1-cp311-cp311-manylinux_2_17_x86_64.manylinux2014_x86_64.whl (2.1 MB)
#10 71.66    ━━━━━━━━━━━━━━━━━━━━━━━━━━━━━━━━━━━━━━━━ 2.1/2.1 MB 8.6 MB/s eta 0:00:00
#10 71.68 Downloading annotated_types-0.7.0-py3-none-any.whl (13 kB)
#10 71.69 Downloading async_timeout-5.0.1-py3-none-any.whl (6.2 kB)
#10 71.71 Downloading cffi-2.0.0-cp311-cp311-manylinux2014_x86_64.manylinux_2_17_x86_64.whl (215 kB)
#10 71.90    ━━━━━━━━━━━━━━━━━━━━━━━━━━━━━━━━━━━━━━━ 215.6/215.6 kB 220.5 MB/s eta 0:00:00
#10 71.92 Downloading click-8.4.1-py3-none-any.whl (116 kB)
#10 71.92    ━━━━━━━━━━━━━━━━━━━━━━━━━━━━━━━━━━━━━━━━ 116.6/116.6 kB 35.2 MB/s eta 0:00:00
#10 71.94 Downloading ecdsa-0.19.2-py2.py3-none-any.whl (150 kB)
#10 71.95    ━━━━━━━━━━━━━━━━━━━━━━━━━━━━━━━━━━━━━━━ 150.8/150.8 kB 132.1 MB/s eta 0:00:00
#10 72.16 Downloading greenlet-3.5.1-cp311-cp311-manylinux_2_24_x86_64.manylinux_2_28_x86_64.whl (614 kB)
#10 72.18    ━━━━━━━━━━━━━━━━━━━━━━━━━━━━━━━━━━━━━━━━ 614.8/614.8 kB 55.0 MB/s eta 0:00:00
#10 72.19 Downloading h11-0.16.0-py3-none-any.whl (37 kB)
#10 72.21 Downloading starlette-0.38.6-py3-none-any.whl (71 kB)
#10 72.40    ━━━━━━━━━━━━━━━━━━━━━━━━━━━━━━━━━━━━━━━━ 71.5/71.5 kB 86.1 MB/s eta 0:00:00
#10 72.41 Downloading anyio-4.13.0-py3-none-any.whl (114 kB)
#10 72.42    ━━━━━━━━━━━━━━━━━━━━━━━━━━━━━━━━━━━━━━━ 114.4/114.4 kB 151.7 MB/s eta 0:00:00
#10 72.44 Downloading idna-3.18-py3-none-any.whl (65 kB)
#10 72.44    ━━━━━━━━━━━━━━━━━━━━━━━━━━━━━━━━━━━━━━━━ 65.5/65.5 kB 42.9 MB/s eta 0:00:00
#10 72.65 Downloading typing_extensions-4.15.0-py3-none-any.whl (44 kB)
#10 72.65    ━━━━━━━━━━━━━━━━━━━━━━━━━━━━━━━━━━━━━━━━ 44.6/44.6 kB 193.2 MB/s eta 0:00:00
#10 72.67 Downloading certifi-2026.5.20-py3-none-any.whl (134 kB)
#10 72.68    ━━━━━━━━━━━━━━━━━━━━━━━━━━━━━━━━━━━━━━━━ 134.1/134.1 kB 36.2 MB/s eta 0:00:00
#10 72.69 Downloading pyasn1-0.6.3-py3-none-any.whl (83 kB)
#10 72.90    ━━━━━━━━━━━━━━━━━━━━━━━━━━━━━━━━━━━━━━━━ 84.0/84.0 kB 149.4 MB/s eta 0:00:00
#10 72.91 Downloading rsa-4.9.1-py3-none-any.whl (34 kB)
#10 72.93 Downloading sniffio-1.3.1-py3-none-any.whl (10 kB)
#10 72.94 Downloading six-1.17.0-py2.py3-none-any.whl (11 kB)
#10 72.96 Downloading pycparser-3.0-py3-none-any.whl (48 kB)
#10 73.15    ━━━━━━━━━━━━━━━━━━━━━━━━━━━━━━━━━━━━━━━━ 48.2/48.2 kB 70.4 MB/s eta 0:00:00
#10 76.91 Installing collected packages: typing-extensions, sniffio, six, python-multipart, python-dotenv, PyJWT, pycparser, pyasn1, psycopg2-binary, idna, h11, greenlet, click, certifi, async-timeout, annotated-types, uvicorn, sqlalchemy, rsa, pydantic-core, httpcore, ecdsa, cffi, asyncpg, anyio, starlette, python-jose, pydantic, httpx, cryptography, pydantic-settings, fastapi
#10 121.4 Successfully installed PyJWT-2.9.0 annotated-types-0.7.0 anyio-4.13.0 async-timeout-5.0.1 asyncpg-0.29.0 certifi-2026.5.20 cffi-2.0.0 click-8.4.1 cryptography-42.0.8 ecdsa-0.19.2 fastapi-0.115.0 greenlet-3.5.1 h11-0.16.0 httpcore-1.0.9 httpx-0.27.0 idna-3.18 psycopg2-binary-2.9.9 pyasn1-0.6.3 pycparser-3.0 pydantic-2.8.2 pydantic-core-2.20.1 pydantic-settings-2.4.0 python-dotenv-1.0.1 python-jose-3.3.0 python-multipart-0.0.9 rsa-4.9.1 six-1.17.0 sniffio-1.3.1 sqlalchemy-2.0.30 starlette-0.38.6 typing-extensions-4.15.0 uvicorn-0.30.1
#10 121.4 WARNING: Running pip as the 'root' user can result in broken permissions and conflicting behaviour with the system package manager. It is recommended to use a virtual environment instead: https://pip.pypa.io/warnings/venv
#10 124.4 
#10 124.4 [notice] A new release of pip is available: 24.0 -> 26.1.2
#10 124.4 [notice] To update, run: pip install --upgrade pip
#10 DONE 136.3s

#11 [6/7] COPY services/admin/ ./services/admin/
#11 DONE 4.7s

#12 [7/7] COPY services/common/ ./services/common/
#12 DONE 0.5s

#13 exporting to image
#13 exporting layers
#13 exporting layers 63.3s done
#13 exporting manifest sha256:68349e5a784ceaea43aeb0e7b7f982d09e59998f9ec0f1fcbfb47bfc3ce4f51b
#13 exporting manifest sha256:68349e5a784ceaea43aeb0e7b7f982d09e59998f9ec0f1fcbfb47bfc3ce4f51b 0.2s done
#13 exporting config sha256:fa5ac9d05a40d76e4a839a981e8921eddcddbb274aed4311885df1a34a2fb125
#13 exporting config sha256:fa5ac9d05a40d76e4a839a981e8921eddcddbb274aed4311885df1a34a2fb125 0.0s done
#13 exporting attestation manifest sha256:d5071b79fea117edc03d0d2c77ab5fc339c17b003881054ef199e46ec5af80c1
#13 exporting attestation manifest sha256:d5071b79fea117edc03d0d2c77ab5fc339c17b003881054ef199e46ec5af80c1 0.3s done
#13 exporting manifest list sha256:55d344c054ee4f1eb57589d4a5de7dd99374151cac007859a7829efd11b4c1f0
#13 exporting manifest list sha256:55d344c054ee4f1eb57589d4a5de7dd99374151cac007859a7829efd11b4c1f0 0.0s done
#13 naming to docker.io/library/omnidome-admin:latest
#13 naming to docker.io/library/omnidome-admin:latest 0.2s done
#13 unpacking to docker.io/library/omnidome-admin:latest
#13 unpacking to docker.io/library/omnidome-admin:latest 17.5s done
#13 DONE 84.8s

#14 resolving provenance for metadata file
#14 DONE 2.3s
 Image omnidome-admin Built 
time="2026-06-03T13:02:26Z" level=warning msg="/home/Benedict/omnidome/docker-compose.yaml: the attribute `version` is obsolete, it will be ignored, please remove it to avoid potential confusion"
 Container omnidome-db-1 Running 
 Container omnidome-admin-1 Creating 
 Container omnidome-admin-1 Created 
 Container omnidome-admin-1 Starting 
 Container omnidome-admin-1 Started 
=========================================
Building and starting: gateway
=========================================
time="2026-06-03T13:02:50Z" level=warning msg="/home/Benedict/omnidome/docker-compose.yaml: the attribute `version` is obsolete, it will be ignored, please remove it to avoid potential confusion"
 Image omnidome-gateway Building 
#1 [internal] load local bake definitions
#1 reading from stdin 521B done
#1 DONE 0.0s

#2 [internal] load build definition from Dockerfile
#2 DONE 0.0s

#2 [internal] load build definition from Dockerfile
#2 transferring dockerfile:
#2 transferring dockerfile: 685B 0.8s done
#2 DONE 2.6s

#3 [internal] load metadata for docker.io/library/python:3.11-slim
#3 DONE 6.2s

#4 [internal] load .dockerignore
#4 transferring context:
#4 transferring context: 325B 0.3s done
#4 DONE 0.5s

#5 [internal] load build context
#5 DONE 0.0s

#6 [1/7] FROM docker.io/library/python:3.11-slim@sha256:a3ab0b966bc4e91546a033e22093cb840908979487a9fc0e6e38295747e49ac0
#6 resolve docker.io/library/python:3.11-slim@sha256:a3ab0b966bc4e91546a033e22093cb840908979487a9fc0e6e38295747e49ac0
#6 ...

#5 [internal] load build context
#5 transferring context: 11.15kB 0.4s done
#5 DONE 0.7s

#6 [1/7] FROM docker.io/library/python:3.11-slim@sha256:a3ab0b966bc4e91546a033e22093cb840908979487a9fc0e6e38295747e49ac0
#6 resolve docker.io/library/python:3.11-slim@sha256:a3ab0b966bc4e91546a033e22093cb840908979487a9fc0e6e38295747e49ac0 0.8s done
#6 DONE 1.1s

#7 [2/7] WORKDIR /app
#7 CACHED

#8 [3/7] COPY services/common/requirements.txt ./services/common/requirements.txt
#8 CACHED

#9 [4/7] COPY services/gateway/requirements.txt ./services/gateway/requirements.txt
#9 CACHED

#10 [5/7] RUN pip install --no-cache-dir --trusted-host pypi.org --trusted-host pypi.python.org --trusted-host files.pythonhosted.org -r services/gateway/requirements.txt
#10 53.50 Collecting fastapi==0.115.0 (from -r services/gateway/../common/requirements.txt (line 1))
#10 53.77   Downloading fastapi-0.115.0-py3-none-any.whl.metadata (27 kB)
#10 54.50 Collecting uvicorn==0.30.1 (from -r services/gateway/../common/requirements.txt (line 2))
#10 54.51   Downloading uvicorn-0.30.1-py3-none-any.whl.metadata (6.3 kB)
#10 56.99 Collecting pydantic==2.8.2 (from -r services/gateway/../common/requirements.txt (line 3))
#10 57.01   Downloading pydantic-2.8.2-py3-none-any.whl.metadata (125 kB)
#10 57.24      ━━━━━━━━━━━━━━━━━━━━━━━━━━━━━━━━━━━━━ 125.2/125.2 kB 537.3 kB/s eta 0:00:00
#10 57.51 Collecting pydantic-settings==2.4.0 (from -r services/gateway/../common/requirements.txt (line 4))
#10 57.74   Downloading pydantic_settings-2.4.0-py3-none-any.whl.metadata (3.5 kB)
#10 57.78 Collecting python-multipart==0.0.9 (from -r services/gateway/../common/requirements.txt (line 5))
#10 58.00   Downloading python_multipart-0.0.9-py3-none-any.whl.metadata (2.5 kB)
#10 58.25 Collecting python-dotenv==1.0.1 (from -r services/gateway/../common/requirements.txt (line 6))
#10 58.26   Downloading python_dotenv-1.0.1-py3-none-any.whl.metadata (23 kB)
#10 62.74 Collecting cryptography==42.0.8 (from -r services/gateway/../common/requirements.txt (line 7))
#10 62.76   Downloading cryptography-42.0.8-cp39-abi3-manylinux_2_28_x86_64.whl.metadata (5.3 kB)
#10 67.74 Collecting sqlalchemy==2.0.30 (from -r services/gateway/../common/requirements.txt (line 8))
#10 67.76   Downloading SQLAlchemy-2.0.30-cp311-cp311-manylinux_2_17_x86_64.manylinux2014_x86_64.whl.metadata (9.6 kB)
#10 69.00 Collecting asyncpg==0.29.0 (from -r services/gateway/../common/requirements.txt (line 9))
#10 69.24   Downloading asyncpg-0.29.0-cp311-cp311-manylinux_2_17_x86_64.manylinux2014_x86_64.whl.metadata (4.4 kB)
#10 71.25 Collecting psycopg2-binary==2.9.9 (from -r services/gateway/../common/requirements.txt (line 10))
#10 71.26   Downloading psycopg2_binary-2.9.9-cp311-cp311-manylinux_2_17_x86_64.manylinux2014_x86_64.whl.metadata (4.4 kB)
#10 71.50 Collecting python-jose==3.3.0 (from python-jose[cryptography]==3.3.0->-r services/gateway/../common/requirements.txt (line 11))
#10 71.52   Downloading python_jose-3.3.0-py2.py3-none-any.whl.metadata (5.4 kB)
#10 71.76 Collecting PyJWT==2.9.0 (from -r services/gateway/../common/requirements.txt (line 12))
#10 71.99   Downloading PyJWT-2.9.0-py3-none-any.whl.metadata (3.0 kB)
#10 72.26 Collecting httpx==0.27.0 (from -r services/gateway/../common/requirements.txt (line 13))
#10 72.27   Downloading httpx-0.27.0-py3-none-any.whl.metadata (7.2 kB)
#10 73.24 Collecting starlette<0.39.0,>=0.37.2 (from fastapi==0.115.0->-r services/gateway/../common/requirements.txt (line 1))
#10 73.25   Downloading starlette-0.38.6-py3-none-any.whl.metadata (6.0 kB)
#10 73.99 Collecting typing-extensions>=4.8.0 (from fastapi==0.115.0->-r services/gateway/../common/requirements.txt (line 1))
#10 74.00   Downloading typing_extensions-4.15.0-py3-none-any.whl.metadata (3.3 kB)
#10 74.51 Collecting click>=7.0 (from uvicorn==0.30.1->-r services/gateway/../common/requirements.txt (line 2))
#10 74.52   Downloading click-8.4.1-py3-none-any.whl.metadata (2.6 kB)
#10 74.77 Collecting h11>=0.8 (from uvicorn==0.30.1->-r services/gateway/../common/requirements.txt (line 2))
#10 74.99   Downloading h11-0.16.0-py3-none-any.whl.metadata (8.3 kB)
#10 75.25 Collecting annotated-types>=0.4.0 (from pydantic==2.8.2->-r services/gateway/../common/requirements.txt (line 3))
#10 75.26   Downloading annotated_types-0.7.0-py3-none-any.whl.metadata (15 kB)
#10 89.00 Collecting pydantic-core==2.20.1 (from pydantic==2.8.2->-r services/gateway/../common/requirements.txt (line 3))
#10 89.02   Downloading pydantic_core-2.20.1-cp311-cp311-manylinux_2_17_x86_64.manylinux2014_x86_64.whl.metadata (6.6 kB)
#10 91.76 Collecting cffi>=1.12 (from cryptography==42.0.8->-r services/gateway/../common/requirements.txt (line 7))
#10 91.99   Downloading cffi-2.0.0-cp311-cp311-manylinux2014_x86_64.manylinux_2_17_x86_64.whl.metadata (2.6 kB)
#10 95.24 Collecting greenlet!=0.4.17 (from sqlalchemy==2.0.30->-r services/gateway/../common/requirements.txt (line 8))
#10 95.26   Downloading greenlet-3.5.1-cp311-cp311-manylinux_2_24_x86_64.manylinux_2_28_x86_64.whl.metadata (3.8 kB)
#10 95.74 Collecting async-timeout>=4.0.3 (from asyncpg==0.29.0->-r services/gateway/../common/requirements.txt (line 9))
#10 95.75   Downloading async_timeout-5.0.1-py3-none-any.whl.metadata (5.1 kB)
#10 96.24 Collecting ecdsa!=0.15 (from python-jose==3.3.0->python-jose[cryptography]==3.3.0->-r services/gateway/../common/requirements.txt (line 11))
#10 96.25   Downloading ecdsa-0.19.2-py2.py3-none-any.whl.metadata (29 kB)
#10 96.50 Collecting rsa (from python-jose==3.3.0->python-jose[cryptography]==3.3.0->-r services/gateway/../common/requirements.txt (line 11))
#10 96.51   Downloading rsa-4.9.1-py3-none-any.whl.metadata (5.6 kB)
#10 96.99 Collecting pyasn1 (from python-jose==3.3.0->python-jose[cryptography]==3.3.0->-r services/gateway/../common/requirements.txt (line 11))
#10 97.01   Downloading pyasn1-0.6.3-py3-none-any.whl.metadata (8.4 kB)
#10 97.77 Collecting anyio (from httpx==0.27.0->-r services/gateway/../common/requirements.txt (line 13))
#10 97.99   Downloading anyio-4.13.0-py3-none-any.whl.metadata (4.5 kB)
#10 98.49 Collecting certifi (from httpx==0.27.0->-r services/gateway/../common/requirements.txt (line 13))
#10 98.50   Downloading certifi-2026.5.20-py3-none-any.whl.metadata (2.5 kB)
#10 99.00 Collecting httpcore==1.* (from httpx==0.27.0->-r services/gateway/../common/requirements.txt (line 13))
#10 99.01   Downloading httpcore-1.0.9-py3-none-any.whl.metadata (21 kB)
#10 99.50 Collecting idna (from httpx==0.27.0->-r services/gateway/../common/requirements.txt (line 13))
#10 99.52   Downloading idna-3.18-py3-none-any.whl.metadata (6.1 kB)
#10 99.76 Collecting sniffio (from httpx==0.27.0->-r services/gateway/../common/requirements.txt (line 13))
#10 99.77   Downloading sniffio-1.3.1-py3-none-any.whl.metadata (3.9 kB)
#10 100.7 Collecting pycparser (from cffi>=1.12->cryptography==42.0.8->-r services/gateway/../common/requirements.txt (line 7))
#10 100.8   Downloading pycparser-3.0-py3-none-any.whl.metadata (8.2 kB)
#10 101.0 Collecting six>=1.9.0 (from ecdsa!=0.15->python-jose==3.3.0->python-jose[cryptography]==3.3.0->-r services/gateway/../common/requirements.txt (line 11))
#10 101.2   Downloading six-1.17.0-py2.py3-none-any.whl.metadata (1.7 kB)
#10 102.5 Downloading fastapi-0.115.0-py3-none-any.whl (94 kB)
#10 102.5    ━━━━━━━━━━━━━━━━━━━━━━━━━━━━━━━━━━━━━━━━ 94.6/94.6 kB 47.3 MB/s eta 0:00:00
#10 102.7 Downloading uvicorn-0.30.1-py3-none-any.whl (62 kB)
#10 102.8    ━━━━━━━━━━━━━━━━━━━━━━━━━━━━━━━━━━━━━━━━ 62.4/62.4 kB 153.5 MB/s eta 0:00:00
#10 102.8 Downloading pydantic-2.8.2-py3-none-any.whl (423 kB)
#10 103.0    ━━━━━━━━━━━━━━━━━━━━━━━━━━━━━━━━━━━━━━━━ 423.9/423.9 kB 31.9 MB/s eta 0:00:00
#10 103.0 Downloading pydantic_settings-2.4.0-py3-none-any.whl (23 kB)
#10 103.0 Downloading python_multipart-0.0.9-py3-none-any.whl (22 kB)
#10 103.0 Downloading python_dotenv-1.0.1-py3-none-any.whl (19 kB)
#10 103.0 Downloading cryptography-42.0.8-cp39-abi3-manylinux_2_28_x86_64.whl (3.9 MB)
#10 104.6    ━━━━━━━━━━━━━━━━━━━━━━━━━━━━━━━━━━━━━━━━ 3.9/3.9 MB 2.6 MB/s eta 0:00:00
#10 104.6 Downloading SQLAlchemy-2.0.30-cp311-cp311-manylinux_2_17_x86_64.manylinux2014_x86_64.whl (3.2 MB)
#10 105.0    ━━━━━━━━━━━━━━━━━━━━━━━━━━━━━━━━━━━━━━━━ 3.2/3.2 MB 11.7 MB/s eta 0:00:00
#10 105.0 Downloading asyncpg-0.29.0-cp311-cp311-manylinux_2_17_x86_64.manylinux2014_x86_64.whl (2.8 MB)
#10 105.5    ━━━━━━━━━━━━━━━━━━━━━━━━━━━━━━━━━━━━━━━━ 2.8/2.8 MB 11.0 MB/s eta 0:00:00
#10 105.5 Downloading psycopg2_binary-2.9.9-cp311-cp311-manylinux_2_17_x86_64.manylinux2014_x86_64.whl (3.0 MB)
#10 106.0    ━━━━━━━━━━━━━━━━━━━━━━━━━━━━━━━━━━━━━━━━ 3.0/3.0 MB 6.3 MB/s eta 0:00:00
#10 106.0 Downloading python_jose-3.3.0-py2.py3-none-any.whl (33 kB)
#10 106.0 Downloading PyJWT-2.9.0-py3-none-any.whl (22 kB)
#10 106.0 Downloading httpx-0.27.0-py3-none-any.whl (75 kB)
#10 106.2    ━━━━━━━━━━━━━━━━━━━━━━━━━━━━━━━━━━━━━━━━ 75.6/75.6 kB 195.6 MB/s eta 0:00:00
#10 106.3 Downloading httpcore-1.0.9-py3-none-any.whl (78 kB)
#10 106.3    ━━━━━━━━━━━━━━━━━━━━━━━━━━━━━━━━━━━━━━━━ 78.8/78.8 kB 163.7 MB/s eta 0:00:00
#10 106.3 Downloading pydantic_core-2.20.1-cp311-cp311-manylinux_2_17_x86_64.manylinux2014_x86_64.whl (2.1 MB)
#10 106.7    ━━━━━━━━━━━━━━━━━━━━━━━━━━━━━━━━━━━━━━━━ 2.1/2.1 MB 8.8 MB/s eta 0:00:00
#10 106.8 Downloading annotated_types-0.7.0-py3-none-any.whl (13 kB)
#10 106.8 Downloading async_timeout-5.0.1-py3-none-any.whl (6.2 kB)
#10 106.8 Downloading cffi-2.0.0-cp311-cp311-manylinux2014_x86_64.manylinux_2_17_x86_64.whl (215 kB)
#10 106.8    ━━━━━━━━━━━━━━━━━━━━━━━━━━━━━━━━━━━━━━━ 215.6/215.6 kB 115.8 MB/s eta 0:00:00
#10 107.0 Downloading click-8.4.1-py3-none-any.whl (116 kB)
#10 107.0    ━━━━━━━━━━━━━━━━━━━━━━━━━━━━━━━━━━━━━━━ 116.6/116.6 kB 118.9 MB/s eta 0:00:00
#10 107.0 Downloading ecdsa-0.19.2-py2.py3-none-any.whl (150 kB)
#10 107.0    ━━━━━━━━━━━━━━━━━━━━━━━━━━━━━━━━━━━━━━━━ 150.8/150.8 kB 77.9 MB/s eta 0:00:00
#10 107.2 Downloading greenlet-3.5.1-cp311-cp311-manylinux_2_24_x86_64.manylinux_2_28_x86_64.whl (614 kB)
#10 107.2    ━━━━━━━━━━━━━━━━━━━━━━━━━━━━━━━━━━━━━━━ 614.8/614.8 kB 150.7 MB/s eta 0:00:00
#10 107.3 Downloading h11-0.16.0-py3-none-any.whl (37 kB)
#10 107.5 Downloading starlette-0.38.6-py3-none-any.whl (71 kB)
#10 107.5    ━━━━━━━━━━━━━━━━━━━━━━━━━━━━━━━━━━━━━━━━ 71.5/71.5 kB 143.9 MB/s eta 0:00:00
#10 107.5 Downloading anyio-4.13.0-py3-none-any.whl (114 kB)
#10 107.7    ━━━━━━━━━━━━━━━━━━━━━━━━━━━━━━━━━━━━━━━ 114.4/114.4 kB 466.8 kB/s eta 0:00:00
#10 107.8 Downloading idna-3.18-py3-none-any.whl (65 kB)
#10 107.8    ━━━━━━━━━━━━━━━━━━━━━━━━━━━━━━━━━━━━━━━━ 65.5/65.5 kB 156.6 MB/s eta 0:00:00
#10 107.8 Downloading typing_extensions-4.15.0-py3-none-any.whl (44 kB)
#10 107.8    ━━━━━━━━━━━━━━━━━━━━━━━━━━━━━━━━━━━━━━━━ 44.6/44.6 kB 91.2 MB/s eta 0:00:00
#10 108.0 Downloading certifi-2026.5.20-py3-none-any.whl (134 kB)
#10 108.0    ━━━━━━━━━━━━━━━━━━━━━━━━━━━━━━━━━━━━━━━━ 134.1/134.1 kB 56.8 MB/s eta 0:00:00
#10 108.0 Downloading pyasn1-0.6.3-py3-none-any.whl (83 kB)
#10 108.2    ━━━━━━━━━━━━━━━━━━━━━━━━━━━━━━━━━━━━━━━━ 84.0/84.0 kB 395.8 kB/s eta 0:00:00
#10 108.3 Downloading rsa-4.9.1-py3-none-any.whl (34 kB)
#10 108.3 Downloading sniffio-1.3.1-py3-none-any.whl (10 kB)
#10 108.3 Downloading six-1.17.0-py2.py3-none-any.whl (11 kB)
#10 108.3 Downloading pycparser-3.0-py3-none-any.whl (48 kB)
#10 108.3    ━━━━━━━━━━━━━━━━━━━━━━━━━━━━━━━━━━━━━━━━ 48.2/48.2 kB 162.5 MB/s eta 0:00:00
#10 112.2 Installing collected packages: typing-extensions, sniffio, six, python-multipart, python-dotenv, PyJWT, pycparser, pyasn1, psycopg2-binary, idna, h11, greenlet, click, certifi, async-timeout, annotated-types, uvicorn, sqlalchemy, rsa, pydantic-core, httpcore, ecdsa, cffi, asyncpg, anyio, starlette, python-jose, pydantic, httpx, cryptography, pydantic-settings, fastapi
#10 157.6 Successfully installed PyJWT-2.9.0 annotated-types-0.7.0 anyio-4.13.0 async-timeout-5.0.1 asyncpg-0.29.0 certifi-2026.5.20 cffi-2.0.0 click-8.4.1 cryptography-42.0.8 ecdsa-0.19.2 fastapi-0.115.0 greenlet-3.5.1 h11-0.16.0 httpcore-1.0.9 httpx-0.27.0 idna-3.18 psycopg2-binary-2.9.9 pyasn1-0.6.3 pycparser-3.0 pydantic-2.8.2 pydantic-core-2.20.1 pydantic-settings-2.4.0 python-dotenv-1.0.1 python-jose-3.3.0 python-multipart-0.0.9 rsa-4.9.1 six-1.17.0 sniffio-1.3.1 sqlalchemy-2.0.30 starlette-0.38.6 typing-extensions-4.15.0 uvicorn-0.30.1
#10 158.1 WARNING: Running pip as the 'root' user can result in broken permissions and conflicting behaviour with the system package manager. It is recommended to use a virtual environment instead: https://pip.pypa.io/warnings/venv
#10 165.3 
#10 165.3 [notice] A new release of pip is available: 24.0 -> 26.1.2
#10 165.3 [notice] To update, run: pip install --upgrade pip
#10 DONE 183.3s

#11 [6/7] COPY services/gateway/ ./services/gateway/
#11 DONE 7.6s

#12 [7/7] COPY services/common/ ./services/common/
#12 DONE 1.2s

#13 exporting to image
#13 exporting layers 0.0s
#13 exporting layers 84.0s done
#13 exporting manifest sha256:d8b673767099d4745eb6d0494a6baf70c1d470332fee9f8532e25583fe3d0527
#13 exporting manifest sha256:d8b673767099d4745eb6d0494a6baf70c1d470332fee9f8532e25583fe3d0527 0.1s done
#13 exporting config sha256:35e3798da35d47ad98413102754c4f1aaae6b52152f7e0055905f98c67423042 0.0s done
#13 exporting attestation manifest sha256:901e1b82a8fa75eea9ecd8ea3050e13b49298b009c920c732f2f603e393526e9
#13 exporting attestation manifest sha256:901e1b82a8fa75eea9ecd8ea3050e13b49298b009c920c732f2f603e393526e9 0.0s done
#13 exporting manifest list sha256:69802b1a896ae00b16daafdbf62f193d9de0e1ec3f0c8892eec386452b7f3b6f 0.1s done
#13 naming to docker.io/library/omnidome-gateway:latest
#13 naming to docker.io/library/omnidome-gateway:latest 0.1s done
#13 unpacking to docker.io/library/omnidome-gateway:latest
#13 unpacking to docker.io/library/omnidome-gateway:latest 9.8s done
#13 DONE 97.6s

#14 resolving provenance for metadata file
#14 DONE 1.2s
 Image omnidome-gateway Built 
time="2026-06-03T13:08:31Z" level=warning msg="/home/Benedict/omnidome/docker-compose.yaml: the attribute `version` is obsolete, it will be ignored, please remove it to avoid potential confusion"
 Container omnidome-gateway-1 Creating 
 Container omnidome-gateway-1 Created 
 Container omnidome-gateway-1 Starting 
 Container omnidome-gateway-1 Started 
=========================================
Building and starting: journey_engine
=========================================
time="2026-06-03T13:08:45Z" level=warning msg="/home/Benedict/omnidome/docker-compose.yaml: the attribute `version` is obsolete, it will be ignored, please remove it to avoid potential confusion"
 Image omnidome-journey_engine Building 
#1 [internal] load local bake definitions
#1 reading from stdin 556B done
#1 reading from stdin 556B done
#1 DONE 0.1s

#2 [internal] load build definition from Dockerfile
#2 DONE 0.6s

#2 [internal] load build definition from Dockerfile
#2 transferring dockerfile:
#2 transferring dockerfile: 623B 5.6s
#2 transferring dockerfile: 627B 6.6s done
#2 DONE 17.6s

#3 [internal] load metadata for docker.io/library/python:3.12-slim
#3 DONE 67.5s

#4 [internal] load .dockerignore
#4 DONE 0.0s

#4 [internal] load .dockerignore
#4 transferring context:
#4 transferring context: 325B 0.7s done
#4 DONE 2.2s

#5 [internal] load build context
#5 DONE 0.0s

#6 [1/8] FROM docker.io/library/python:3.12-slim@sha256:090ba77e2958f6af52a5341f788b50b032dd4ca28377d2893dcf1ecbdfdfe203
#6 ...

#5 [internal] load build context
#5 transferring context: 89.96kB 2.0s done
#5 DONE 3.0s

#6 [1/8] FROM docker.io/library/python:3.12-slim@sha256:090ba77e2958f6af52a5341f788b50b032dd4ca28377d2893dcf1ecbdfdfe203
#6 resolve docker.io/library/python:3.12-slim@sha256:090ba77e2958f6af52a5341f788b50b032dd4ca28377d2893dcf1ecbdfdfe203
#6 resolve docker.io/library/python:3.12-slim@sha256:090ba77e2958f6af52a5341f788b50b032dd4ca28377d2893dcf1ecbdfdfe203 0.7s done
#6 DONE 23.1s

#7 [2/8] WORKDIR /app
#7 CACHED

#8 [3/8] COPY services/common/requirements.txt /tmp/common-requirements.txt
#8 CACHED

#9 [4/8] RUN pip install --no-cache-dir -r /tmp/common-requirements.txt
#9 95.79 Collecting fastapi==0.115.0 (from -r /tmp/common-requirements.txt (line 1))
#9 95.88   Downloading fastapi-0.115.0-py3-none-any.whl.metadata (27 kB)
#9 95.92 Collecting uvicorn==0.30.1 (from -r /tmp/common-requirements.txt (line 2))
#9 95.94   Downloading uvicorn-0.30.1-py3-none-any.whl.metadata (6.3 kB)
#9 96.10 Collecting pydantic==2.8.2 (from -r /tmp/common-requirements.txt (line 3))
#9 96.12   Downloading pydantic-2.8.2-py3-none-any.whl.metadata (125 kB)
#9 96.17 Collecting pydantic-settings==2.4.0 (from -r /tmp/common-requirements.txt (line 4))
#9 96.19   Downloading pydantic_settings-2.4.0-py3-none-any.whl.metadata (3.5 kB)
#9 96.22 Collecting python-multipart==0.0.9 (from -r /tmp/common-requirements.txt (line 5))
#9 96.23   Downloading python_multipart-0.0.9-py3-none-any.whl.metadata (2.5 kB)
#9 96.26 Collecting python-dotenv==1.0.1 (from -r /tmp/common-requirements.txt (line 6))
#9 96.28   Downloading python_dotenv-1.0.1-py3-none-any.whl.metadata (23 kB)
#9 96.57 Collecting cryptography==42.0.8 (from -r /tmp/common-requirements.txt (line 7))
#9 96.58   Downloading cryptography-42.0.8-cp39-abi3-manylinux_2_28_x86_64.whl.metadata (5.3 kB)
#9 96.95 Collecting sqlalchemy==2.0.30 (from -r /tmp/common-requirements.txt (line 8))
#9 96.97   Downloading SQLAlchemy-2.0.30-cp312-cp312-manylinux_2_17_x86_64.manylinux2014_x86_64.whl.metadata (9.6 kB)
#9 97.03 Collecting asyncpg==0.29.0 (from -r /tmp/common-requirements.txt (line 9))
#9 97.05   Downloading asyncpg-0.29.0-cp312-cp312-manylinux_2_17_x86_64.manylinux2014_x86_64.whl.metadata (4.4 kB)
#9 97.13 Collecting psycopg2-binary==2.9.9 (from -r /tmp/common-requirements.txt (line 10))
#9 97.15   Downloading psycopg2_binary-2.9.9-cp312-cp312-manylinux_2_17_x86_64.manylinux2014_x86_64.whl.metadata (4.4 kB)
#9 97.17 Collecting python-jose==3.3.0 (from python-jose[cryptography]==3.3.0->-r /tmp/common-requirements.txt (line 11))
#9 97.18   Downloading python_jose-3.3.0-py2.py3-none-any.whl.metadata (5.4 kB)
#9 97.22 Collecting PyJWT==2.9.0 (from -r /tmp/common-requirements.txt (line 12))
#9 97.23   Downloading PyJWT-2.9.0-py3-none-any.whl.metadata (3.0 kB)
#9 97.27 Collecting httpx==0.27.0 (from -r /tmp/common-requirements.txt (line 13))
#9 97.28   Downloading httpx-0.27.0-py3-none-any.whl.metadata (7.2 kB)
#9 97.34 Collecting starlette<0.39.0,>=0.37.2 (from fastapi==0.115.0->-r /tmp/common-requirements.txt (line 1))
#9 97.35   Downloading starlette-0.38.6-py3-none-any.whl.metadata (6.0 kB)
#9 97.43 Collecting typing-extensions>=4.8.0 (from fastapi==0.115.0->-r /tmp/common-requirements.txt (line 1))
#9 97.45   Downloading typing_extensions-4.15.0-py3-none-any.whl.metadata (3.3 kB)
#9 97.48 Collecting click>=7.0 (from uvicorn==0.30.1->-r /tmp/common-requirements.txt (line 2))
#9 97.50   Downloading click-8.4.1-py3-none-any.whl.metadata (2.6 kB)
#9 97.52 Collecting h11>=0.8 (from uvicorn==0.30.1->-r /tmp/common-requirements.txt (line 2))
#9 97.54   Downloading h11-0.16.0-py3-none-any.whl.metadata (8.3 kB)
#9 97.56 Collecting annotated-types>=0.4.0 (from pydantic==2.8.2->-r /tmp/common-requirements.txt (line 3))
#9 97.57   Downloading annotated_types-0.7.0-py3-none-any.whl.metadata (15 kB)
#9 98.51 Collecting pydantic-core==2.20.1 (from pydantic==2.8.2->-r /tmp/common-requirements.txt (line 3))
#9 98.71   Downloading pydantic_core-2.20.1-cp312-cp312-manylinux_2_17_x86_64.manylinux2014_x86_64.whl.metadata (6.6 kB)
#9 98.72 Collecting cffi>=1.12 (from cryptography==42.0.8->-r /tmp/common-requirements.txt (line 7))
#9 98.74   Downloading cffi-2.0.0-cp312-cp312-manylinux2014_x86_64.manylinux_2_17_x86_64.whl.metadata (2.6 kB)
#9 98.99 Collecting greenlet!=0.4.17 (from sqlalchemy==2.0.30->-r /tmp/common-requirements.txt (line 8))
#9 99.00   Downloading greenlet-3.5.1-cp312-cp312-manylinux_2_24_x86_64.manylinux_2_28_x86_64.whl.metadata (3.8 kB)
#9 99.04 Collecting ecdsa!=0.15 (from python-jose==3.3.0->python-jose[cryptography]==3.3.0->-r /tmp/common-requirements.txt (line 11))
#9 99.05   Downloading ecdsa-0.19.2-py2.py3-none-any.whl.metadata (29 kB)
#9 99.08 Collecting rsa (from python-jose==3.3.0->python-jose[cryptography]==3.3.0->-r /tmp/common-requirements.txt (line 11))
#9 99.10   Downloading rsa-4.9.1-py3-none-any.whl.metadata (5.6 kB)
#9 99.13 Collecting pyasn1 (from python-jose==3.3.0->python-jose[cryptography]==3.3.0->-r /tmp/common-requirements.txt (line 11))
#9 99.15   Downloading pyasn1-0.6.3-py3-none-any.whl.metadata (8.4 kB)
#9 99.18 Collecting anyio (from httpx==0.27.0->-r /tmp/common-requirements.txt (line 13))
#9 99.20   Downloading anyio-4.13.0-py3-none-any.whl.metadata (4.5 kB)
#9 99.23 Collecting certifi (from httpx==0.27.0->-r /tmp/common-requirements.txt (line 13))
#9 99.25   Downloading certifi-2026.5.20-py3-none-any.whl.metadata (2.5 kB)
#9 99.28 Collecting httpcore==1.* (from httpx==0.27.0->-r /tmp/common-requirements.txt (line 13))
#9 99.30   Downloading httpcore-1.0.9-py3-none-any.whl.metadata (21 kB)
#9 99.33 Collecting idna (from httpx==0.27.0->-r /tmp/common-requirements.txt (line 13))
#9 99.34   Downloading idna-3.18-py3-none-any.whl.metadata (6.1 kB)
#9 99.36 Collecting sniffio (from httpx==0.27.0->-r /tmp/common-requirements.txt (line 13))
#9 99.38   Downloading sniffio-1.3.1-py3-none-any.whl.metadata (3.9 kB)
#9 99.43 Collecting pycparser (from cffi>=1.12->cryptography==42.0.8->-r /tmp/common-requirements.txt (line 7))
#9 99.45   Downloading pycparser-3.0-py3-none-any.whl.metadata (8.2 kB)
#9 99.48 Collecting six>=1.9.0 (from ecdsa!=0.15->python-jose==3.3.0->python-jose[cryptography]==3.3.0->-r /tmp/common-requirements.txt (line 11))
#9 99.49   Downloading six-1.17.0-py2.py3-none-any.whl.metadata (1.7 kB)
#9 99.56 Downloading fastapi-0.115.0-py3-none-any.whl (94 kB)
#9 99.58 Downloading uvicorn-0.30.1-py3-none-any.whl (62 kB)
#9 99.59 Downloading pydantic-2.8.2-py3-none-any.whl (423 kB)
#9 99.62 Downloading pydantic_settings-2.4.0-py3-none-any.whl (23 kB)
#9 99.64 Downloading python_multipart-0.0.9-py3-none-any.whl (22 kB)
#9 99.65 Downloading python_dotenv-1.0.1-py3-none-any.whl (19 kB)
#9 99.67 Downloading cryptography-42.0.8-cp39-abi3-manylinux_2_28_x86_64.whl (3.9 MB)
#9 99.70    ━━━━━━━━━━━━━━━━━━━━━━━━━━━━━━━━━━━━━━━━ 3.9/3.9 MB 150.4 MB/s eta 0:00:00
#9 99.72 Downloading SQLAlchemy-2.0.30-cp312-cp312-manylinux_2_17_x86_64.manylinux2014_x86_64.whl (3.2 MB)
#9 99.73    ━━━━━━━━━━━━━━━━━━━━━━━━━━━━━━━━━━━━━━━━ 3.2/3.2 MB 256.7 MB/s eta 0:00:00
#9 99.75 Downloading asyncpg-0.29.0-cp312-cp312-manylinux_2_17_x86_64.manylinux2014_x86_64.whl (3.3 MB)
#9 99.78    ━━━━━━━━━━━━━━━━━━━━━━━━━━━━━━━━━━━━━━━━ 3.3/3.3 MB 141.5 MB/s eta 0:00:00
#9 99.79 Downloading psycopg2_binary-2.9.9-cp312-cp312-manylinux_2_17_x86_64.manylinux2014_x86_64.whl (3.0 MB)
#9 99.82    ━━━━━━━━━━━━━━━━━━━━━━━━━━━━━━━━━━━━━━━━ 3.0/3.0 MB 147.4 MB/s eta 0:00:00
#9 99.83 Downloading python_jose-3.3.0-py2.py3-none-any.whl (33 kB)
#9 99.85 Downloading PyJWT-2.9.0-py3-none-any.whl (22 kB)
#9 99.86 Downloading httpx-0.27.0-py3-none-any.whl (75 kB)
#9 99.88 Downloading httpcore-1.0.9-py3-none-any.whl (78 kB)
#9 99.90 Downloading pydantic_core-2.20.1-cp312-cp312-manylinux_2_17_x86_64.manylinux2014_x86_64.whl (2.1 MB)
#9 99.91    ━━━━━━━━━━━━━━━━━━━━━━━━━━━━━━━━━━━━━━━━ 2.1/2.1 MB 402.8 MB/s eta 0:00:00
#9 100.5 Downloading annotated_types-0.7.0-py3-none-any.whl (13 kB)
#9 100.5 Downloading cffi-2.0.0-cp312-cp312-manylinux2014_x86_64.manylinux_2_17_x86_64.whl (219 kB)
#9 100.5 Downloading click-8.4.1-py3-none-any.whl (116 kB)
#9 100.5 Downloading ecdsa-0.19.2-py2.py3-none-any.whl (150 kB)
#9 100.5 Downloading greenlet-3.5.1-cp312-cp312-manylinux_2_24_x86_64.manylinux_2_28_x86_64.whl (611 kB)
#9 100.5    ━━━━━━━━━━━━━━━━━━━━━━━━━━━━━━━━━━━━━━━ 611.4/611.4 kB 382.8 MB/s eta 0:00:00
#9 100.5 Downloading h11-0.16.0-py3-none-any.whl (37 kB)
#9 100.5 Downloading starlette-0.38.6-py3-none-any.whl (71 kB)
#9 100.5 Downloading anyio-4.13.0-py3-none-any.whl (114 kB)
#9 100.5 Downloading idna-3.18-py3-none-any.whl (65 kB)
#9 100.5 Downloading typing_extensions-4.15.0-py3-none-any.whl (44 kB)
#9 100.5 Downloading certifi-2026.5.20-py3-none-any.whl (134 kB)
#9 100.5 Downloading pyasn1-0.6.3-py3-none-any.whl (83 kB)
#9 100.5 Downloading rsa-4.9.1-py3-none-any.whl (34 kB)
#9 100.5 Downloading sniffio-1.3.1-py3-none-any.whl (10 kB)
#9 100.5 Downloading six-1.17.0-py2.py3-none-any.whl (11 kB)
#9 100.5 Downloading pycparser-3.0-py3-none-any.whl (48 kB)
#9 101.0 Installing collected packages: typing-extensions, sniffio, six, python-multipart, python-dotenv, PyJWT, pycparser, pyasn1, psycopg2-binary, idna, h11, greenlet, click, certifi, asyncpg, annotated-types, uvicorn, sqlalchemy, rsa, pydantic-core, httpcore, ecdsa, cffi, anyio, starlette, python-jose, pydantic, httpx, cryptography, pydantic-settings, fastapi
#9 133.0 Successfully installed PyJWT-2.9.0 annotated-types-0.7.0 anyio-4.13.0 asyncpg-0.29.0 certifi-2026.5.20 cffi-2.0.0 click-8.4.1 cryptography-42.0.8 ecdsa-0.19.2 fastapi-0.115.0 greenlet-3.5.1 h11-0.16.0 httpcore-1.0.9 httpx-0.27.0 idna-3.18 psycopg2-binary-2.9.9 pyasn1-0.6.3 pycparser-3.0 pydantic-2.8.2 pydantic-core-2.20.1 pydantic-settings-2.4.0 python-dotenv-1.0.1 python-jose-3.3.0 python-multipart-0.0.9 rsa-4.9.1 six-1.17.0 sniffio-1.3.1 sqlalchemy-2.0.30 starlette-0.38.6 typing-extensions-4.15.0 uvicorn-0.30.1
#9 133.4 WARNING: Running pip as the 'root' user can result in broken permissions and conflicting behaviour with the system package manager, possibly rendering your system unusable. It is recommended to use a virtual environment instead: https://pip.pypa.io/warnings/venv. Use the --root-user-action option if you know what you are doing and want to suppress this warning.
#9 137.2 
#9 137.2 [notice] A new release of pip is available: 25.0.1 -> 26.1.2
#9 137.2 [notice] To update, run: pip install --upgrade pip
#9 DONE 156.6s

#10 [5/8] COPY services/journey_engine/requirements.txt /tmp/journey-engine-requirements.txt
#10 DONE 21.2s

#11 [6/8] RUN pip install --no-cache-dir -r /tmp/journey-engine-requirements.txt
#11 60.92 
#11 60.92 [notice] A new release of pip is available: 25.0.1 -> 26.1.2
#11 60.92 [notice] To update, run: pip install --upgrade pip
#11 60.92 ERROR: Could not open requirements file: [Errno 2] No such file or directory: '/common/requirements.txt'
#11 ERROR: process "/bin/sh -c pip install --no-cache-dir -r /tmp/journey-engine-requirements.txt" did not complete successfully: exit code: 1
------
 > [6/8] RUN pip install --no-cache-dir -r /tmp/journey-engine-requirements.txt:
60.92 
60.92 [notice] A new release of pip is available: 25.0.1 -> 26.1.2
60.92 [notice] To update, run: pip install --upgrade pip
60.92 ERROR: Could not open requirements file: [Errno 2] No such file or directory: '/common/requirements.txt'
------
Dockerfile:9

--------------------

   7 |     

   8 |     COPY services/journey_engine/requirements.txt /tmp/journey-engine-requirements.txt

   9 | >>> RUN pip install --no-cache-dir -r /tmp/journey-engine-requirements.txt

  10 |     

  11 |     COPY services/common /app/services/common

--------------------

failed to solve: process "/bin/sh -c pip install --no-cache-dir -r /tmp/journey-engine-requirements.txt" did not complete successfully: exit code: 1

time="2026-06-03T13:16:39Z" level=warning msg="/home/Benedict/omnidome/docker-compose.yaml: the attribute `version` is obsolete, it will be ignored, please remove it to avoid potential confusion"
 Image omnidome-journey_engine Building 
#1 [internal] load local bake definitions
#1 reading from stdin 556B 0.0s done
#1 DONE 0.1s

#2 [internal] load build definition from Dockerfile
#2 DONE 0.0s

#2 [internal] load build definition from Dockerfile
#2 transferring dockerfile:
#2 transferring dockerfile: 627B 0.5s done
#2 DONE 1.3s

#3 [internal] load metadata for docker.io/library/python:3.12-slim
#3 DONE 2.9s

#4 [internal] load .dockerignore
#4 transferring context: 321B 0.1s
#4 transferring context: 325B 0.1s done
#4 DONE 0.3s

#5 [internal] load build context
#5 DONE 0.0s

#6 [1/8] FROM docker.io/library/python:3.12-slim@sha256:090ba77e2958f6af52a5341f788b50b032dd4ca28377d2893dcf1ecbdfdfe203
#6 resolve docker.io/library/python:3.12-slim@sha256:090ba77e2958f6af52a5341f788b50b032dd4ca28377d2893dcf1ecbdfdfe203
#6 ...

#5 [internal] load build context
#5 transferring context: 3.23kB 0.3s done
#5 DONE 0.6s

#6 [1/8] FROM docker.io/library/python:3.12-slim@sha256:090ba77e2958f6af52a5341f788b50b032dd4ca28377d2893dcf1ecbdfdfe203
#6 resolve docker.io/library/python:3.12-slim@sha256:090ba77e2958f6af52a5341f788b50b032dd4ca28377d2893dcf1ecbdfdfe203 0.7s done
#6 DONE 0.9s

#7 [2/8] WORKDIR /app
#7 CACHED

#8 [3/8] COPY services/common/requirements.txt /tmp/common-requirements.txt
#8 CACHED

#9 [4/8] RUN pip install --no-cache-dir -r /tmp/common-requirements.txt
#9 CACHED

#10 [5/8] COPY services/journey_engine/requirements.txt /tmp/journey-engine-requirements.txt
#10 CACHED

#11 [6/8] RUN pip install --no-cache-dir -r /tmp/journey-engine-requirements.txt
#11 76.51 
#11 76.51 [notice] A new release of pip is available: 25.0.1 -> 26.1.2
#11 76.51 [notice] To update, run: pip install --upgrade pip
#11 76.59 ERROR: Could not open requirements file: [Errno 2] No such file or directory: '/common/requirements.txt'
#11 ERROR: process "/bin/sh -c pip install --no-cache-dir -r /tmp/journey-engine-requirements.txt" did not complete successfully: exit code: 1
------
 > [6/8] RUN pip install --no-cache-dir -r /tmp/journey-engine-requirements.txt:
76.51 
76.51 [notice] A new release of pip is available: 25.0.1 -> 26.1.2
76.51 [notice] To update, run: pip install --upgrade pip
76.59 ERROR: Could not open requirements file: [Errno 2] No such file or directory: '/common/requirements.txt'
------
Dockerfile:9

--------------------

   7 |     

   8 |     COPY services/journey_engine/requirements.txt /tmp/journey-engine-requirements.txt

   9 | >>> RUN pip install --no-cache-dir -r /tmp/journey-engine-requirements.txt

  10 |     

  11 |     COPY services/common /app/services/common

--------------------

failed to solve: process "/bin/sh -c pip install --no-cache-dir -r /tmp/journey-engine-requirements.txt" did not complete successfully: exit code: 1

=========================================
Building and starting: web_analytics
=========================================
time="2026-06-03T13:19:02Z" level=warning msg="/home/Benedict/omnidome/docker-compose.yaml: the attribute `version` is obsolete, it will be ignored, please remove it to avoid potential confusion"
 Image omnidome-web_analytics Building 
#1 [internal] load local bake definitions
#1 reading from stdin 551B done
#1 DONE 0.0s

#2 [internal] load build definition from Dockerfile
#2 DONE 0.1s

#2 [internal] load build definition from Dockerfile
#2 transferring dockerfile:
#2 transferring dockerfile: 621B 2.3s done
#2 DONE 4.7s

#3 [internal] load metadata for docker.io/library/python:3.12-slim
#3 DONE 1.7s

#4 [internal] load .dockerignore
#4 transferring context: 106B 0.1s
#4 transferring context: 325B 0.2s done
#4 DONE 0.3s

#5 [internal] load build context
#5 DONE 0.0s

#6 [1/8] FROM docker.io/library/python:3.12-slim@sha256:090ba77e2958f6af52a5341f788b50b032dd4ca28377d2893dcf1ecbdfdfe203
#6 resolve docker.io/library/python:3.12-slim@sha256:090ba77e2958f6af52a5341f788b50b032dd4ca28377d2893dcf1ecbdfdfe203
#6 resolve docker.io/library/python:3.12-slim@sha256:090ba77e2958f6af52a5341f788b50b032dd4ca28377d2893dcf1ecbdfdfe203 0.7s done
#6 DONE 1.1s

#5 [internal] load build context
#5 transferring context: 37.58kB 0.6s done
#5 DONE 0.8s

#7 [3/8] COPY services/common/requirements.txt /tmp/common-requirements.txt
#7 CACHED

#8 [2/8] WORKDIR /app
#8 CACHED

#9 [4/8] RUN pip install --no-cache-dir -r /tmp/common-requirements.txt
#9 CACHED

#10 [5/8] COPY services/web_analytics/requirements.txt /tmp/web-analytics-requirements.txt
#10 DONE 3.0s

#11 [6/8] RUN pip install --no-cache-dir -r /tmp/web-analytics-requirements.txt
#11 42.51 
#11 42.51 [notice] A new release of pip is available: 25.0.1 -> 26.1.2
#11 42.51 [notice] To update, run: pip install --upgrade pip
#11 42.51 ERROR: Could not open requirements file: [Errno 2] No such file or directory: '/common/requirements.txt'
#11 ERROR: process "/bin/sh -c pip install --no-cache-dir -r /tmp/web-analytics-requirements.txt" did not complete successfully: exit code: 1
------
 > [6/8] RUN pip install --no-cache-dir -r /tmp/web-analytics-requirements.txt:
42.51 
42.51 [notice] A new release of pip is available: 25.0.1 -> 26.1.2
42.51 [notice] To update, run: pip install --upgrade pip
42.51 ERROR: Could not open requirements file: [Errno 2] No such file or directory: '/common/requirements.txt'
------
Dockerfile:9

--------------------

   7 |     

   8 |     COPY services/web_analytics/requirements.txt /tmp/web-analytics-requirements.txt

   9 | >>> RUN pip install --no-cache-dir -r /tmp/web-analytics-requirements.txt

  10 |     

  11 |     COPY services/common /app/services/common

--------------------

failed to solve: process "/bin/sh -c pip install --no-cache-dir -r /tmp/web-analytics-requirements.txt" did not complete successfully: exit code: 1

time="2026-06-03T13:20:27Z" level=warning msg="/home/Benedict/omnidome/docker-compose.yaml: the attribute `version` is obsolete, it will be ignored, please remove it to avoid potential confusion"
 Image omnidome-web_analytics Building 
#1 [internal] load local bake definitions
#1 reading from stdin 551B done
#1 DONE 0.0s

#2 [internal] load build definition from Dockerfile
#2 transferring dockerfile:
#2 transferring dockerfile: 621B 0.0s done
#2 DONE 0.1s

#3 [internal] load metadata for docker.io/library/python:3.12-slim
#3 DONE 0.3s

#4 [internal] load .dockerignore
#4 transferring context: 325B 0.0s done
#4 DONE 0.1s

#5 [internal] load build context
#5 transferring context: 2.69kB done
#5 DONE 0.0s

#6 [1/8] FROM docker.io/library/python:3.12-slim@sha256:090ba77e2958f6af52a5341f788b50b032dd4ca28377d2893dcf1ecbdfdfe203
#6 resolve docker.io/library/python:3.12-slim@sha256:090ba77e2958f6af52a5341f788b50b032dd4ca28377d2893dcf1ecbdfdfe203 0.0s done
#6 DONE 0.0s

#7 [2/8] WORKDIR /app
#7 CACHED

#8 [3/8] COPY services/common/requirements.txt /tmp/common-requirements.txt
#8 CACHED

#9 [4/8] RUN pip install --no-cache-dir -r /tmp/common-requirements.txt
#9 CACHED

#10 [5/8] COPY services/web_analytics/requirements.txt /tmp/web-analytics-requirements.txt
#10 CACHED

#11 [6/8] RUN pip install --no-cache-dir -r /tmp/web-analytics-requirements.txt
#11 18.65 
#11 18.65 [notice] A new release of pip is available: 25.0.1 -> 26.1.2
#11 18.65 [notice] To update, run: pip install --upgrade pip
#11 18.65 ERROR: Could not open requirements file: [Errno 2] No such file or directory: '/common/requirements.txt'
#11 ERROR: process "/bin/sh -c pip install --no-cache-dir -r /tmp/web-analytics-requirements.txt" did not complete successfully: exit code: 1
------
 > [6/8] RUN pip install --no-cache-dir -r /tmp/web-analytics-requirements.txt:
18.65 
18.65 [notice] A new release of pip is available: 25.0.1 -> 26.1.2
18.65 [notice] To update, run: pip install --upgrade pip
18.65 ERROR: Could not open requirements file: [Errno 2] No such file or directory: '/common/requirements.txt'
------
Dockerfile:9

--------------------

   7 |     

   8 |     COPY services/web_analytics/requirements.txt /tmp/web-analytics-requirements.txt

   9 | >>> RUN pip install --no-cache-dir -r /tmp/web-analytics-requirements.txt

  10 |     

  11 |     COPY services/common /app/services/common

--------------------

failed to solve: process "/bin/sh -c pip install --no-cache-dir -r /tmp/web-analytics-requirements.txt" did not complete successfully: exit code: 1

=========================================
Building and starting: lifecycle
=========================================
time="2026-06-03T13:20:57Z" level=warning msg="/home/Benedict/omnidome/docker-compose.yaml: the attribute `version` is obsolete, it will be ignored, please remove it to avoid potential confusion"
 Image omnidome-lifecycle Building 
#1 [internal] load local bake definitions
#1 reading from stdin 531B done
#1 DONE 0.0s

#2 [internal] load build definition from Dockerfile
#2 transferring dockerfile: 597B 0.1s done
#2 DONE 0.2s

#3 [internal] load metadata for docker.io/library/python:3.12-slim
#3 DONE 0.2s

#4 [internal] load .dockerignore
#4 transferring context: 325B 0.1s done
#4 DONE 0.1s

#5 [internal] load build context
#5 transferring context: 44.00kB 0.4s done
#5 DONE 0.5s

#6 [1/8] FROM docker.io/library/python:3.12-slim@sha256:090ba77e2958f6af52a5341f788b50b032dd4ca28377d2893dcf1ecbdfdfe203
#6 resolve docker.io/library/python:3.12-slim@sha256:090ba77e2958f6af52a5341f788b50b032dd4ca28377d2893dcf1ecbdfdfe203 0.5s done
#6 DONE 0.6s

#7 [2/8] WORKDIR /app
#7 CACHED

#8 [3/8] COPY services/common/requirements.txt /tmp/common-requirements.txt
#8 CACHED

#9 [4/8] RUN pip install --no-cache-dir -r /tmp/common-requirements.txt
#9 CACHED

#10 [5/8] COPY services/lifecycle/requirements.txt /tmp/lifecycle-requirements.txt
#10 DONE 0.7s

#11 [6/8] RUN pip install --no-cache-dir -r /tmp/lifecycle-requirements.txt
#11 6.368 Requirement already satisfied: fastapi>=0.110 in /usr/local/lib/python3.12/site-packages (from -r /tmp/lifecycle-requirements.txt (line 1)) (0.115.0)
#11 6.370 Requirement already satisfied: uvicorn>=0.29 in /usr/local/lib/python3.12/site-packages (from uvicorn[standard]>=0.29->-r /tmp/lifecycle-requirements.txt (line 2)) (0.30.1)
#11 6.371 Requirement already satisfied: sqlalchemy>=2.0 in /usr/local/lib/python3.12/site-packages (from -r /tmp/lifecycle-requirements.txt (line 3)) (2.0.30)
#11 6.372 Requirement already satisfied: asyncpg>=0.29 in /usr/local/lib/python3.12/site-packages (from -r /tmp/lifecycle-requirements.txt (line 4)) (0.29.0)
#11 6.374 Requirement already satisfied: httpx>=0.27 in /usr/local/lib/python3.12/site-packages (from -r /tmp/lifecycle-requirements.txt (line 5)) (0.27.0)
#11 6.375 Requirement already satisfied: pydantic>=2.0 in /usr/local/lib/python3.12/site-packages (from -r /tmp/lifecycle-requirements.txt (line 6)) (2.8.2)
#11 6.397 Requirement already satisfied: starlette<0.39.0,>=0.37.2 in /usr/local/lib/python3.12/site-packages (from fastapi>=0.110->-r /tmp/lifecycle-requirements.txt (line 1)) (0.38.6)
#11 6.398 Requirement already satisfied: typing-extensions>=4.8.0 in /usr/local/lib/python3.12/site-packages (from fastapi>=0.110->-r /tmp/lifecycle-requirements.txt (line 1)) (4.15.0)
#11 6.446 Requirement already satisfied: click>=7.0 in /usr/local/lib/python3.12/site-packages (from uvicorn>=0.29->uvicorn[standard]>=0.29->-r /tmp/lifecycle-requirements.txt (line 2)) (8.4.1)
#11 6.448 Requirement already satisfied: h11>=0.8 in /usr/local/lib/python3.12/site-packages (from uvicorn>=0.29->uvicorn[standard]>=0.29->-r /tmp/lifecycle-requirements.txt (line 2)) (0.16.0)
#11 6.527 Requirement already satisfied: greenlet!=0.4.17 in /usr/local/lib/python3.12/site-packages (from sqlalchemy>=2.0->-r /tmp/lifecycle-requirements.txt (line 3)) (3.5.1)
#11 6.554 Requirement already satisfied: anyio in /usr/local/lib/python3.12/site-packages (from httpx>=0.27->-r /tmp/lifecycle-requirements.txt (line 5)) (4.13.0)
#11 6.555 Requirement already satisfied: certifi in /usr/local/lib/python3.12/site-packages (from httpx>=0.27->-r /tmp/lifecycle-requirements.txt (line 5)) (2026.5.20)
#11 6.557 Requirement already satisfied: httpcore==1.* in /usr/local/lib/python3.12/site-packages (from httpx>=0.27->-r /tmp/lifecycle-requirements.txt (line 5)) (1.0.9)
#11 6.558 Requirement already satisfied: idna in /usr/local/lib/python3.12/site-packages (from httpx>=0.27->-r /tmp/lifecycle-requirements.txt (line 5)) (3.18)
#11 6.559 Requirement already satisfied: sniffio in /usr/local/lib/python3.12/site-packages (from httpx>=0.27->-r /tmp/lifecycle-requirements.txt (line 5)) (1.3.1)
#11 6.592 Requirement already satisfied: annotated-types>=0.4.0 in /usr/local/lib/python3.12/site-packages (from pydantic>=2.0->-r /tmp/lifecycle-requirements.txt (line 6)) (0.7.0)
#11 6.593 Requirement already satisfied: pydantic-core==2.20.1 in /usr/local/lib/python3.12/site-packages (from pydantic>=2.0->-r /tmp/lifecycle-requirements.txt (line 6)) (2.20.1)
#11 6.757 Collecting httptools>=0.5.0 (from uvicorn[standard]>=0.29->-r /tmp/lifecycle-requirements.txt (line 2))
#11 6.831   Downloading httptools-0.8.0-cp312-cp312-manylinux1_x86_64.manylinux_2_28_x86_64.manylinux_2_5_x86_64.whl.metadata (3.5 kB)
#11 6.842 Requirement already satisfied: python-dotenv>=0.13 in /usr/local/lib/python3.12/site-packages (from uvicorn[standard]>=0.29->-r /tmp/lifecycle-requirements.txt (line 2)) (1.0.1)
#11 6.906 Collecting pyyaml>=5.1 (from uvicorn[standard]>=0.29->-r /tmp/lifecycle-requirements.txt (line 2))
#11 6.922   Downloading pyyaml-6.0.3-cp312-cp312-manylinux2014_x86_64.manylinux_2_17_x86_64.manylinux_2_28_x86_64.whl.metadata (2.4 kB)
#11 6.985 Collecting uvloop!=0.15.0,!=0.15.1,>=0.14.0 (from uvicorn[standard]>=0.29->-r /tmp/lifecycle-requirements.txt (line 2))
#11 7.001   Downloading uvloop-0.22.1-cp312-cp312-manylinux2014_x86_64.manylinux_2_17_x86_64.manylinux_2_28_x86_64.whl.metadata (4.9 kB)
#11 7.181 Collecting watchfiles>=0.13 (from uvicorn[standard]>=0.29->-r /tmp/lifecycle-requirements.txt (line 2))
#11 7.196   Downloading watchfiles-1.2.0-cp312-cp312-manylinux_2_17_x86_64.manylinux2014_x86_64.whl.metadata (4.9 kB)
#11 7.652 Collecting websockets>=10.4 (from uvicorn[standard]>=0.29->-r /tmp/lifecycle-requirements.txt (line 2))
#11 7.667   Downloading websockets-16.0-cp312-cp312-manylinux1_x86_64.manylinux_2_28_x86_64.manylinux_2_5_x86_64.whl.metadata (6.8 kB)
#11 8.011 Downloading httptools-0.8.0-cp312-cp312-manylinux1_x86_64.manylinux_2_28_x86_64.manylinux_2_5_x86_64.whl (523 kB)
#11 8.068 Downloading pyyaml-6.0.3-cp312-cp312-manylinux2014_x86_64.manylinux_2_17_x86_64.manylinux_2_28_x86_64.whl (807 kB)
#11 8.132    ━━━━━━━━━━━━━━━━━━━━━━━━━━━━━━━━━━━━━━━ 807.9/807.9 kB 410.2 MB/s eta 0:00:00
#11 8.149 Downloading uvloop-0.22.1-cp312-cp312-manylinux2014_x86_64.manylinux_2_17_x86_64.manylinux_2_28_x86_64.whl (4.4 MB)
#11 8.179    ━━━━━━━━━━━━━━━━━━━━━━━━━━━━━━━━━━━━━━━━ 4.4/4.4 MB 177.2 MB/s eta 0:00:00
#11 8.197 Downloading watchfiles-1.2.0-cp312-cp312-manylinux_2_17_x86_64.manylinux2014_x86_64.whl (456 kB)
#11 8.215 Downloading websockets-16.0-cp312-cp312-manylinux1_x86_64.manylinux_2_28_x86_64.manylinux_2_5_x86_64.whl (184 kB)
#11 11.05 Installing collected packages: websockets, uvloop, pyyaml, httptools, watchfiles
#11 18.54 Successfully installed httptools-0.8.0 pyyaml-6.0.3 uvloop-0.22.1 watchfiles-1.2.0 websockets-16.0
#11 18.54 WARNING: Running pip as the 'root' user can result in broken permissions and conflicting behaviour with the system package manager, possibly rendering your system unusable. It is recommended to use a virtual environment instead: https://pip.pypa.io/warnings/venv. Use the --root-user-action option if you know what you are doing and want to suppress this warning.
#11 18.88 
#11 18.88 [notice] A new release of pip is available: 25.0.1 -> 26.1.2
#11 18.88 [notice] To update, run: pip install --upgrade pip
#11 DONE 21.5s

#12 [7/8] COPY services/common /app/services/common
#12 DONE 4.5s

#13 [8/8] COPY services/lifecycle /app/services/lifecycle
#13 DONE 2.6s

#14 exporting to image
#14 exporting layers
#14 exporting layers 29.9s done
#14 exporting manifest sha256:c8fbd5debdbcf490e3cf8ebf575c40d602eed98e0b87bade6a32c615ed778740
#14 exporting manifest sha256:c8fbd5debdbcf490e3cf8ebf575c40d602eed98e0b87bade6a32c615ed778740 0.1s done
#14 exporting config sha256:3b4994c097a0bb841c8fb0ca91034bf5c6028cad45f723d7a31e87365d888c5c 0.0s done
#14 exporting attestation manifest sha256:07285141197fd9cda662e04f21092a3e5e0e233720a98c848fef8d3833030d9e
#14 exporting attestation manifest sha256:07285141197fd9cda662e04f21092a3e5e0e233720a98c848fef8d3833030d9e 0.0s done
#14 exporting manifest list sha256:0e71daa5dcea293d473f779c8b7f70e15a9cfc24a39f44e95358f169cb10473d 0.0s done
#14 naming to docker.io/library/omnidome-lifecycle:latest 0.1s done
#14 unpacking to docker.io/library/omnidome-lifecycle:latest
#14 unpacking to docker.io/library/omnidome-lifecycle:latest 18.9s done
#14 DONE 53.3s

#15 resolving provenance for metadata file
#15 DONE 1.8s
 Image omnidome-lifecycle Built 
time="2026-06-03T13:22:53Z" level=warning msg="/home/Benedict/omnidome/docker-compose.yaml: the attribute `version` is obsolete, it will be ignored, please remove it to avoid potential confusion"
 Container omnidome-db-1 Running 
 Container omnidome-lifecycle-1 Creating 
 Container omnidome-lifecycle-1 Created 
 Container omnidome-db-1 Waiting 
 Container omnidome-db-1 Error dependency db failed to start
dependency failed to start: container omnidome-db-1 has no healthcheck configured
=========================================
Building and starting: web
=========================================
time="2026-06-03T13:23:01Z" level=warning msg="/home/Benedict/omnidome/docker-compose.yaml: the attribute `version` is obsolete, it will be ignored, please remove it to avoid potential confusion"
 Image omnidome-rica Building 
 Image omnidome-sales Building 
 Image omnidome-network Building 
 Image omnidome-web Building 
 Image omnidome-billing Building 
 Image omnidome-gateway Building 
 Image omnidome-finance Building 
 Image omnidome-crm Building 
#1 [internal] load local bake definitions
#1 reading from stdin 3.37kB done
#1 DONE 0.0s

#2 [internal] load build definition from Dockerfile
#2 transferring dockerfile:
#2 transferring dockerfile: 506B 0.1s done
#2 DONE 0.2s

#3 [internal] load metadata for docker.io/library/node:20-alpine
#3 DONE 1.4s

#4 [internal] load .dockerignore
#4 transferring context: 325B 0.1s done
#4 DONE 0.1s

#5 [1/6] FROM docker.io/library/node:20-alpine@sha256:fb4cd12c85ee03686f6af5362a0b0d56d50c58a04632e6c0fb8363f609372293
#5 resolve docker.io/library/node:20-alpine@sha256:fb4cd12c85ee03686f6af5362a0b0d56d50c58a04632e6c0fb8363f609372293 0.0s done
#5 DONE 0.1s

#6 [internal] load build context
#6 transferring context: 13.15MB 3.8s done
#6 DONE 3.9s

#7 [2/6] WORKDIR /app
#7 CACHED

#8 [3/6] COPY apps/web/package.json apps/web/package-lock.json ./
#8 CACHED

#9 [4/6] RUN npm config set strict-ssl false && npm ci --legacy-peer-deps
#9 42.43 (node:6) Warning: Setting the NODE_TLS_REJECT_UNAUTHORIZED environment variable to '0' makes TLS connections and HTTPS requests insecure by disabling certificate verification.
#9 42.43 (Use `node --trace-warnings ...` to show where the warning was created)
#9 45.42 (node:1) Warning: Setting the NODE_TLS_REJECT_UNAUTHORIZED environment variable to '0' makes TLS connections and HTTPS requests insecure by disabling certificate verification.
#9 45.42 (Use `node --trace-warnings ...` to show where the warning was created)
#9 3693.5 
#9 3693.5 added 714 packages, and audited 715 packages in 1h
#9 3693.5 
#9 3693.5 272 packages are looking for funding
#9 3693.5   run `npm fund` for details
#9 3693.5 
#9 3693.5 9 vulnerabilities (4 moderate, 5 high)
#9 3693.5 
#9 3693.5 To address issues that do not require attention, run:
#9 3693.5   npm audit fix
#9 3693.5 
#9 3693.5 To address all issues, run:
#9 3693.5   npm audit fix --force
#9 3693.5 
#9 3693.5 Run `npm audit` for details.
#9 DONE 3714.4s

#10 [5/6] COPY apps/web/ ./
#10 DONE 62.9s

#11 [6/6] RUN npm run build
#11 27.21 
#11 27.21 > omni-dome-dashboard@0.1.0 build
#11 27.21 > next build
#11 27.21 
#11 39.81 [baseline-browser-mapping] The data in this module is over two months old.  To ensure accurate Baseline data, please update: `npm i baseline-browser-mapping@latest -D`
#11 56.29    Downloading swc package @next/swc-wasm-nodejs... to /root/.cache/next-swc
#11 61.09 (node:16) Warning: Setting the NODE_TLS_REJECT_UNAUTHORIZED environment variable to '0' makes TLS connections and HTTPS requests insecure by disabling certificate verification.
#11 61.09 (Use `node --trace-warnings ...` to show where the warning was created)
#11 64.15  ⚠ Attempted to load @next/swc-linux-x64-gnu, but an error occurred: Error loading shared library ld-linux-x86-64.so.2: No such file or directory (needed by /app/node_modules/@next/swc-linux-x64-gnu/next-swc.linux-x64-gnu.node)
#11 64.15  ⚠ Attempted to load @next/swc-linux-x64-musl, but it was not installed
#11 64.15    Skipping creating a lockfile at /app/.next/lock because we're using WASM bindings
#11 64.15    ▲ Next.js 16.0.10 (Turbopack)
#11 64.15    - Experiments (use with caution):
#11 64.15      ✓ turbopackUseSystemTlsCerts
#11 64.15 
#11 67.99    Creating an optimized production build ...
#11 71.64 [baseline-browser-mapping] The data in this module is over two months old.  To ensure accurate Baseline data, please update: `npm i baseline-browser-mapping@latest -D`
#11 75.17  ⚠ Attempted to load @next/swc-linux-x64-gnu, but an error occurred: Error loading shared library ld-linux-x86-64.so.2: No such file or directory (needed by /app/node_modules/@next/swc-linux-x64-gnu/next-swc.linux-x64-gnu.node)
#11 75.18  ⚠ Attempted to load @next/swc-linux-x64-musl, but it was not installed
#11 75.19 
#11 75.19 > Build error occurred
#11 75.28 Error: `turbo.createProject` is not supported by the wasm bindings.
#11 75.28     at ignore-listed frames
#11 ERROR: process "/bin/sh -c npm run build" did not complete successfully: exit code: 1
------
 > [6/6] RUN npm run build:
64.15      ✓ turbopackUseSystemTlsCerts
64.15 
67.99    Creating an optimized production build ...
71.64 [baseline-browser-mapping] The data in this module is over two months old.  To ensure accurate Baseline data, please update: `npm i baseline-browser-mapping@latest -D`
75.17  ⚠ Attempted to load @next/swc-linux-x64-gnu, but an error occurred: Error loading shared library ld-linux-x86-64.so.2: No such file or directory (needed by /app/node_modules/@next/swc-linux-x64-gnu/next-swc.linux-x64-gnu.node)
75.18  ⚠ Attempted to load @next/swc-linux-x64-musl, but it was not installed
75.19 
75.19 > Build error occurred
75.28 Error: `turbo.createProject` is not supported by the wasm bindings.
75.28     at ignore-listed frames
------
Dockerfile:16

--------------------

  14 |     ENV NEXT_TELEMETRY_DISABLED=1

  15 |     

  16 | >>> RUN npm run build

  17 |     

  18 |     EXPOSE 3000

--------------------

failed to solve: process "/bin/sh -c npm run build" did not complete successfully: exit code: 1

time="2026-06-03T14:28:09Z" level=warning msg="/home/Benedict/omnidome/docker-compose.yaml: the attribute `version` is obsolete, it will be ignored, please remove it to avoid potential confusion"
 Image omnidome-crm Building 
 Image omnidome-finance Building 
 Image omnidome-web Building 
 Image omnidome-network Building 
 Image omnidome-gateway Building 
 Image omnidome-billing Building 
 Image omnidome-rica Building 
 Image omnidome-sales Building 
#1 [internal] load local bake definitions
#1 reading from stdin 3.37kB done
#1 DONE 0.0s

#2 [internal] load build definition from Dockerfile
#2 DONE 0.0s

#2 [internal] load build definition from Dockerfile
#2 transferring dockerfile:
#2 transferring dockerfile: 506B 0.8s done
#2 DONE 1.3s

#3 [internal] load metadata for docker.io/library/node:20-alpine
#3 DONE 2.6s

#4 [internal] load .dockerignore
#4 transferring context: 325B 0.0s done
#4 DONE 0.1s

#5 [1/6] FROM docker.io/library/node:20-alpine@sha256:fb4cd12c85ee03686f6af5362a0b0d56d50c58a04632e6c0fb8363f609372293
#5 ...

#6 [internal] load build context
#6 DONE 0.0s

#5 [1/6] FROM docker.io/library/node:20-alpine@sha256:fb4cd12c85ee03686f6af5362a0b0d56d50c58a04632e6c0fb8363f609372293
#5 resolve docker.io/library/node:20-alpine@sha256:fb4cd12c85ee03686f6af5362a0b0d56d50c58a04632e6c0fb8363f609372293
#5 resolve docker.io/library/node:20-alpine@sha256:fb4cd12c85ee03686f6af5362a0b0d56d50c58a04632e6c0fb8363f609372293 0.6s done
#5 DONE 1.1s

#6 [internal] load build context
#6 transferring context: 35.07kB 1.7s done
#6 DONE 2.0s

#7 [2/6] WORKDIR /app
#7 CACHED

#8 [3/6] COPY apps/web/package.json apps/web/package-lock.json ./
#8 CACHED

#9 [4/6] RUN npm config set strict-ssl false && npm ci --legacy-peer-deps
#9 CACHED

#10 [5/6] COPY apps/web/ ./
#10 CACHED

#11 [6/6] RUN npm run build
#11 30.29 
#11 30.29 > omni-dome-dashboard@0.1.0 build
#11 30.29 > next build
#11 30.29 
#11 37.02 [baseline-browser-mapping] The data in this module is over two months old.  To ensure accurate Baseline data, please update: `npm i baseline-browser-mapping@latest -D`
#11 69.40    Downloading swc package @next/swc-wasm-nodejs... to /root/.cache/next-swc
#11 71.89 (node:16) Warning: Setting the NODE_TLS_REJECT_UNAUTHORIZED environment variable to '0' makes TLS connections and HTTPS requests insecure by disabling certificate verification.
#11 71.89 (Use `node --trace-warnings ...` to show where the warning was created)
#11 81.08  ⚠ Attempted to load @next/swc-linux-x64-gnu, but an error occurred: Error loading shared library ld-linux-x86-64.so.2: No such file or directory (needed by /app/node_modules/@next/swc-linux-x64-gnu/next-swc.linux-x64-gnu.node)
#11 81.08  ⚠ Attempted to load @next/swc-linux-x64-musl, but it was not installed
#11 83.54    Skipping creating a lockfile at /app/.next/lock because we're using WASM bindings
#11 88.83    ▲ Next.js 16.0.10 (Turbopack)
#11 89.07    - Experiments (use with caution):
#11 89.07      ✓ turbopackUseSystemTlsCerts
#11 89.07 
#11 119.3    Creating an optimized production build ...
#11 180.1 [baseline-browser-mapping] The data in this module is over two months old.  To ensure accurate Baseline data, please update: `npm i baseline-browser-mapping@latest -D`
#11 226.4  ⚠ Attempted to load @next/swc-linux-x64-gnu, but an error occurred: Error loading shared library ld-linux-x86-64.so.2: No such file or directory (needed by /app/node_modules/@next/swc-linux-x64-gnu/next-swc.linux-x64-gnu.node)
#11 228.3  ⚠ Attempted to load @next/swc-linux-x64-musl, but it was not installed
#11 230.5 
#11 230.5 > Build error occurred
#11 233.5 Error: `turbo.createProject` is not supported by the wasm bindings.
#11 233.5     at ignore-listed frames
#11 ERROR: process "/bin/sh -c npm run build" did not complete successfully: exit code: 1
------
 > [6/6] RUN npm run build:
89.07      ✓ turbopackUseSystemTlsCerts
89.07 
119.3    Creating an optimized production build ...
180.1 [baseline-browser-mapping] The data in this module is over two months old.  To ensure accurate Baseline data, please update: `npm i baseline-browser-mapping@latest -D`
226.4  ⚠ Attempted to load @next/swc-linux-x64-gnu, but an error occurred: Error loading shared library ld-linux-x86-64.so.2: No such file or directory (needed by /app/node_modules/@next/swc-linux-x64-gnu/next-swc.linux-x64-gnu.node)
228.3  ⚠ Attempted to load @next/swc-linux-x64-musl, but it was not installed
230.5 
230.5 > Build error occurred
233.5 Error: `turbo.createProject` is not supported by the wasm bindings.
233.5     at ignore-listed frames
------
Dockerfile:16

--------------------

  14 |     ENV NEXT_TELEMETRY_DISABLED=1

  15 |     

  16 | >>> RUN npm run build

  17 |     

  18 |     EXPOSE 3000

--------------------

failed to solve: process "/bin/sh -c npm run build" did not complete successfully: exit code: 1

=========================================
Building and starting: portal
=========================================
time="2026-06-03T14:33:20Z" level=warning msg="/home/Benedict/omnidome/docker-compose.yaml: the attribute `version` is obsolete, it will be ignored, please remove it to avoid potential confusion"
time="2026-06-03T14:33:20Z" level=warning msg="No services to build"
time="2026-06-03T14:33:20Z" level=warning msg="/home/Benedict/omnidome/docker-compose.yaml: the attribute `version` is obsolete, it will be ignored, please remove it to avoid potential confusion"
 Container omnidome-portal-1 Creating 
 Container omnidome-portal-1 Created 
 Container omnidome-portal-1 Starting 
 Container omnidome-portal-1 Started 
=========================================
All services built and started successfully!
=========================================
