0 verbose cli /usr/local/bin/node /usr/local/bin/npm
1 info using npm@10.9.8
2 info using node@v22.22.3
3 silly config load:file:/usr/local/lib/node_modules/npm/npmrc
4 silly config load:file:/opt/data/home/omnidome-web/.npmrc
5 silly config load:file:/opt/data/home/.npmrc
6 silly config load:file:/usr/local/etc/npmrc
7 verbose title npm install
8 verbose argv "install" "--no-audit" "--no-fund" "--legacy-peer-deps" "--prefer-offline"
9 verbose logfile logs-max:10 dir:/opt/data/home/.npm/_logs/2026-06-01T09_03_12_573Z-
10 verbose logfile /opt/data/home/.npm/_logs/2026-06-01T09_03_12_573Z-debug-0.log
11 silly logfile start cleaning logs, removing 1 files
12 silly logfile done cleaning log files
13 silly packumentCache heap:521142272 maxSize:130285568 maxEntrySize:65142784
14 silly idealTree buildDeps
15 silly reify mark retired [ '/opt/data/home/omnidome-web/node_modules/ajv' ]
16 silly reify mark retired [ '/opt/data/home/omnidome-web/node_modules/acorn' ]
17 silly reify mark retired [ '/opt/data/home/omnidome-web/node_modules/aria-query' ]
18 silly reify mark retired [ '/opt/data/home/omnidome-web/node_modules/array-includes' ]
19 silly reify mark retired [ '/opt/data/home/omnidome-web/node_modules/array.prototype.findlast' ]
20 silly reify mark retired [
20 silly reify   '/opt/data/home/omnidome-web/node_modules/array.prototype.findlastindex'
20 silly reify ]
21 silly reify mark retired [ '/opt/data/home/omnidome-web/node_modules/array.prototype.flat' ]
22 silly reify mark retired [ '/opt/data/home/omnidome-web/node_modules/array.prototype.flatmap' ]
23 silly reify mark retired [ '/opt/data/home/omnidome-web/node_modules/array.prototype.tosorted' ]
24 silly reify mark retired [
24 silly reify   '/opt/data/home/omnidome-web/node_modules/arraybuffer.prototype.slice'
24 silly reify ]
25 silly reify mark retired [ '/opt/data/home/omnidome-web/node_modules/autoprefixer' ]
26 silly reify mark retired [ '/opt/data/home/omnidome-web/node_modules/axe-core' ]
27 silly reify mark retired [ '/opt/data/home/omnidome-web/node_modules/axobject-query' ]
28 silly reify mark retired [ '/opt/data/home/omnidome-web/node_modules/baseline-browser-mapping' ]
29 silly reify mark retired [ '/opt/data/home/omnidome-web/node_modules/braces' ]
30 silly reify mark retired [ '/opt/data/home/omnidome-web/node_modules/caniuse-lite' ]
31 silly reify mark retired [ '/opt/data/home/omnidome-web/node_modules/chokidar' ]
32 silly reify mark retired [ '/opt/data/home/omnidome-web/node_modules/csstype' ]
33 silly reify mark retired [ '/opt/data/home/omnidome-web/node_modules/cross-spawn' ]
34 silly reify mark retired [ '/opt/data/home/omnidome-web/node_modules/d3-array' ]
35 silly reify mark retired [ '/opt/data/home/omnidome-web/node_modules/d3-color' ]
36 silly reify mark retired [ '/opt/data/home/omnidome-web/node_modules/d3-ease' ]
37 silly reify mark retired [ '/opt/data/home/omnidome-web/node_modules/d3-format' ]
38 silly reify mark retired [ '/opt/data/home/omnidome-web/node_modules/d3-interpolate' ]
39 silly reify mark retired [ '/opt/data/home/omnidome-web/node_modules/d3-scale' ]
40 silly reify mark retired [ '/opt/data/home/omnidome-web/node_modules/d3-shape' ]
41 silly reify mark retired [ '/opt/data/home/omnidome-web/node_modules/d3-time-format' ]
42 silly reify mark retired [ '/opt/data/home/omnidome-web/node_modules/d3-time' ]
43 silly reify mark retired [ '/opt/data/home/omnidome-web/node_modules/date-fns-jalali' ]
44 silly reify mark retired [ '/opt/data/home/omnidome-web/node_modules/date-fns' ]
45 silly reify mark retired [ '/opt/data/home/omnidome-web/node_modules/electron-to-chromium' ]
46 silly reify mark retired [
46 silly reify   '/opt/data/home/omnidome-web/node_modules/embla-carousel-reactive-utils'
46 silly reify ]
47 silly reify mark retired [ '/opt/data/home/omnidome-web/node_modules/embla-carousel-react' ]
48 silly reify mark retired [ '/opt/data/home/omnidome-web/node_modules/emoji-regex' ]
49 silly reify mark retired [ '/opt/data/home/omnidome-web/node_modules/embla-carousel' ]
50 silly reify mark retired [ '/opt/data/home/omnidome-web/node_modules/es-abstract' ]
51 silly reify mark retired [ '/opt/data/home/omnidome-web/node_modules/es-iterator-helpers' ]
52 silly reify mark retired [ '/opt/data/home/omnidome-web/node_modules/es-to-primitive' ]
53 silly reify mark retired [ '/opt/data/home/omnidome-web/node_modules/enhanced-resolve' ]
54 silly reify mark retired [ '/opt/data/home/omnidome-web/node_modules/eslint' ]
55 silly reify mark retired [ '/opt/data/home/omnidome-web/node_modules/dom-helpers' ]
56 silly reify mark retired [ '/opt/data/home/omnidome-web/node_modules/eslint-plugin-import' ]
57 silly reify mark retired [ '/opt/data/home/omnidome-web/node_modules/eslint-plugin-jsx-a11y' ]
58 silly reify mark retired [ '/opt/data/home/omnidome-web/node_modules/eslint-plugin-react' ]
59 silly reify mark retired [
59 silly reify   '/opt/data/home/omnidome-web/node_modules/eslint-plugin-react-hooks'
59 silly reify ]
60 silly reify mark retired [ '/opt/data/home/omnidome-web/node_modules/eslint-scope' ]
61 silly reify mark retired [ '/opt/data/home/omnidome-web/node_modules/espree' ]
62 silly reify mark retired [ '/opt/data/home/omnidome-web/node_modules/esquery' ]
63 silly reify mark retired [ '/opt/data/home/omnidome-web/node_modules/fast-glob' ]
64 silly reify mark retired [ '/opt/data/home/omnidome-web/node_modules/fast-equals' ]
65 silly reify mark retired [
65 silly reify   '/opt/data/home/omnidome-web/node_modules/fast-json-stable-stringify'
65 silly reify ]
66 silly reify mark retired [ '/opt/data/home/omnidome-web/node_modules/fraction.js' ]
67 silly reify mark retired [ '/opt/data/home/omnidome-web/node_modules/framer-motion' ]
68 silly reify mark retired [ '/opt/data/home/omnidome-web/node_modules/fumadocs-core' ]
69 silly reify mark retired [ '/opt/data/home/omnidome-web/node_modules/fumadocs-ui' ]
70 silly reify mark retired [ '/opt/data/home/omnidome-web/node_modules/fumadocs-mdx' ]
71 silly reify mark retired [ '/opt/data/home/omnidome-web/node_modules/function.prototype.name' ]
72 silly reify mark retired [ '/opt/data/home/omnidome-web/node_modules/globalthis' ]
73 silly reify mark retired [ '/opt/data/home/omnidome-web/node_modules/has-tostringtag' ]
74 silly reify mark retired [ '/opt/data/home/omnidome-web/node_modules/has-symbols' ]
75 silly reify mark retired [ '/opt/data/home/omnidome-web/node_modules/hast-util-to-estree' ]
76 silly reify mark retired [ '/opt/data/home/omnidome-web/node_modules/hast-util-to-html' ]
77 silly reify mark retired [ '/opt/data/home/omnidome-web/node_modules/image-size' ]
78 silly reify mark retired [ '/opt/data/home/omnidome-web/node_modules/jiti' ]
79 silly reify mark retired [ '/opt/data/home/omnidome-web/node_modules/js-yaml' ]
80 silly reify mark retired [ '/opt/data/home/omnidome-web/node_modules/json5' ]
81 silly reify mark retired [ '/opt/data/home/omnidome-web/node_modules/jsx-ast-utils' ]
82 silly reify mark retired [ '/opt/data/home/omnidome-web/node_modules/language-subtag-registry' ]
83 silly reify mark retired [ '/opt/data/home/omnidome-web/node_modules/lightningcss' ]
84 silly reify mark retired [
84 silly reify   '/opt/data/home/omnidome-web/node_modules/lightningcss-android-arm64'
84 silly reify ]
85 silly reify mark retired [
85 silly reify   '/opt/data/home/omnidome-web/node_modules/lightningcss-darwin-arm64'
85 silly reify ]
86 silly reify mark retired [ '/opt/data/home/omnidome-web/node_modules/lightningcss-darwin-x64' ]
87 silly reify mark retired [ '/opt/data/home/omnidome-web/node_modules/lightningcss-freebsd-x64' ]
88 silly reify mark retired [
88 silly reify   '/opt/data/home/omnidome-web/node_modules/lightningcss-linux-arm-gnueabihf'
88 silly reify ]
89 silly reify mark retired [
89 silly reify   '/opt/data/home/omnidome-web/node_modules/lightningcss-linux-arm64-gnu'
89 silly reify ]
90 silly reify mark retired [
90 silly reify   '/opt/data/home/omnidome-web/node_modules/lightningcss-linux-arm64-musl'
90 silly reify ]
91 silly reify mark retired [
91 silly reify   '/opt/data/home/omnidome-web/node_modules/lightningcss-win32-arm64-msvc'
91 silly reify ]
92 silly reify mark retired [ '/opt/data/home/omnidome-web/node_modules/lodash' ]
93 silly reify mark retired [
93 silly reify   '/opt/data/home/omnidome-web/node_modules/lightningcss-win32-x64-msvc'
93 silly reify ]
94 silly reify mark retired [ '/opt/data/home/omnidome-web/node_modules/lru-cache' ]
95 silly reify mark retired [ '/opt/data/home/omnidome-web/node_modules/lucide-react' ]
96 silly reify mark retired [ '/opt/data/home/omnidome-web/node_modules/magic-string' ]
97 silly reify mark retired [ '/opt/data/home/omnidome-web/node_modules/mdast-util-from-markdown' ]
98 silly reify mark retired [ '/opt/data/home/omnidome-web/node_modules/mdast-util-to-hast' ]
99 silly reify mark retired [ '/opt/data/home/omnidome-web/node_modules/mdast-util-to-markdown' ]
100 silly reify mark retired [
100 silly reify   '/opt/data/home/omnidome-web/node_modules/micromark-core-commonmark'
100 silly reify ]
101 silly reify mark retired [ '/opt/data/home/omnidome-web/node_modules/micromark' ]
102 silly reify mark retired [
102 silly reify   '/opt/data/home/omnidome-web/node_modules/micromark-extension-gfm-footnote'
102 silly reify ]
103 silly reify mark retired [
103 silly reify   '/opt/data/home/omnidome-web/node_modules/micromark-extension-gfm-autolink-literal'
103 silly reify ]
104 silly reify mark retired [
104 silly reify   '/opt/data/home/omnidome-web/node_modules/micromark-extension-gfm-strikethrough'
104 silly reify ]
105 silly reify mark retired [
105 silly reify   '/opt/data/home/omnidome-web/node_modules/micromark-extension-gfm-table'
105 silly reify ]
106 silly reify mark retired [
106 silly reify   '/opt/data/home/omnidome-web/node_modules/micromark-extension-mdx-jsx'
106 silly reify ]
107 silly reify mark retired [ '/opt/data/home/omnidome-web/node_modules/minimist' ]
108 silly reify mark retired [ '/opt/data/home/omnidome-web/node_modules/motion-dom' ]
109 silly reify mark retired [ '/opt/data/home/omnidome-web/node_modules/nanoid' ]
110 silly reify mark retired [ '/opt/data/home/omnidome-web/node_modules/napi-postinstall' ]
111 silly reify mark retired [ '/opt/data/home/omnidome-web/node_modules/object-inspect' ]
112 silly reify mark retired [ '/opt/data/home/omnidome-web/node_modules/next' ]
113 silly reify mark retired [ '/opt/data/home/omnidome-web/node_modules/object.assign' ]
114 silly reify mark retired [ '/opt/data/home/omnidome-web/node_modules/object.entries' ]
115 silly reify mark retired [ '/opt/data/home/omnidome-web/node_modules/object.groupby' ]
116 silly reify mark retired [ '/opt/data/home/omnidome-web/node_modules/object.fromentries' ]
117 silly reify mark retired [ '/opt/data/home/omnidome-web/node_modules/oniguruma-parser' ]
118 silly reify mark retired [ '/opt/data/home/omnidome-web/node_modules/oniguruma-to-es' ]
119 silly reify mark retired [ '/opt/data/home/omnidome-web/node_modules/object.values' ]
120 silly reify mark retired [ '/opt/data/home/omnidome-web/node_modules/picomatch' ]
121 silly reify mark retired [ '/opt/data/home/omnidome-web/node_modules/postcss-selector-parser' ]
122 silly reify mark retired [ '/opt/data/home/omnidome-web/node_modules/prelude-ls' ]
123 silly reify mark retired [ '/opt/data/home/omnidome-web/node_modules/prop-types' ]
124 silly reify mark retired [ '/opt/data/home/omnidome-web/node_modules/property-information' ]
125 silly reify mark retired [ '/opt/data/home/omnidome-web/node_modules/postcss' ]
126 silly reify mark retired [ '/opt/data/home/omnidome-web/node_modules/react' ]
127 silly reify mark retired [ '/opt/data/home/omnidome-web/node_modules/react-dom' ]
128 silly reify mark retired [ '/opt/data/home/omnidome-web/node_modules/react-day-picker' ]
129 silly reify mark retired [ '/opt/data/home/omnidome-web/node_modules/react-hook-form' ]
130 silly reify mark retired [ '/opt/data/home/omnidome-web/node_modules/react-remove-scroll' ]
131 silly reify mark retired [ '/opt/data/home/omnidome-web/node_modules/react-remove-scroll-bar' ]
132 silly reify mark retired [ '/opt/data/home/omnidome-web/node_modules/react-resizable-panels' ]
133 silly reify mark retired [ '/opt/data/home/omnidome-web/node_modules/react-smooth' ]
134 silly reify mark retired [ '/opt/data/home/omnidome-web/node_modules/react-style-singleton' ]
135 silly reify mark retired [ '/opt/data/home/omnidome-web/node_modules/react-transition-group' ]
136 silly reify mark retired [ '/opt/data/home/omnidome-web/node_modules/recharts' ]
137 silly reify mark retired [ '/opt/data/home/omnidome-web/node_modules/recharts-scale' ]
138 silly reify mark retired [ '/opt/data/home/omnidome-web/node_modules/reflect.getprototypeof' ]
139 silly reify mark retired [ '/opt/data/home/omnidome-web/node_modules/regex' ]
140 silly reify mark retired [ '/opt/data/home/omnidome-web/node_modules/regexp.prototype.flags' ]
141 silly reify mark retired [ '/opt/data/home/omnidome-web/node_modules/resolve' ]
142 silly reify mark retired [ '/opt/data/home/omnidome-web/node_modules/scheduler' ]
143 silly reify mark retired [ '/opt/data/home/omnidome-web/node_modules/semver' ]
144 silly reify mark retired [ '/opt/data/home/omnidome-web/node_modules/sharp' ]
145 silly reify mark retired [ '/opt/data/home/omnidome-web/node_modules/math-intrinsics' ]
146 silly reify mark retired [ '/opt/data/home/omnidome-web/node_modules/source-map' ]
147 silly reify mark retired [ '/opt/data/home/omnidome-web/node_modules/source-map-js' ]
148 silly reify mark retired [
148 silly reify   '/opt/data/home/omnidome-web/node_modules/string.prototype.includes'
148 silly reify ]
149 silly reify mark retired [
149 silly reify   '/opt/data/home/omnidome-web/node_modules/string.prototype.matchall'
149 silly reify ]
150 silly reify mark retired [ '/opt/data/home/omnidome-web/node_modules/stringify-entities' ]
151 silly reify mark retired [
151 silly reify   '/opt/data/home/omnidome-web/node_modules/string.prototype.trimstart'
151 silly reify ]
152 silly reify mark retired [ '/opt/data/home/omnidome-web/node_modules/string.prototype.trim' ]
153 silly reify mark retired [ '/opt/data/home/omnidome-web/node_modules/string.prototype.trimend' ]
154 silly reify mark retired [ '/opt/data/home/omnidome-web/node_modules/styled-jsx' ]
155 silly reify mark retired [ '/opt/data/home/omnidome-web/node_modules/tailwind-merge' ]
156 silly reify mark retired [ '/opt/data/home/omnidome-web/node_modules/tailwindcss' ]
157 silly reify mark retired [ '/opt/data/home/omnidome-web/node_modules/tiny-invariant' ]
158 silly reify mark retired [ '/opt/data/home/omnidome-web/node_modules/tapable' ]
159 silly reify mark retired [ '/opt/data/home/omnidome-web/node_modules/ts-api-utils' ]
160 silly reify mark retired [ '/opt/data/home/omnidome-web/node_modules/typescript' ]
161 silly reify mark retired [ '/opt/data/home/omnidome-web/node_modules/uri-js' ]
162 silly reify mark retired [ '/opt/data/home/omnidome-web/node_modules/use-callback-ref' ]
163 silly reify mark retired [ '/opt/data/home/omnidome-web/node_modules/use-sidecar' ]
164 silly reify mark retired [ '/opt/data/home/omnidome-web/node_modules/use-sync-external-store' ]
165 silly reify mark retired [ '/opt/data/home/omnidome-web/node_modules/vfile' ]
166 silly reify mark retired [ '/opt/data/home/omnidome-web/node_modules/victory-vendor' ]
167 silly reify mark retired [ '/opt/data/home/omnidome-web/node_modules/ws' ]
168 silly reify mark retired [ '/opt/data/home/omnidome-web/node_modules/zod' ]
169 silly reify mark retired [ '/opt/data/home/omnidome-web/node_modules/@babel/compat-data' ]
170 silly reify mark retired [ '/opt/data/home/omnidome-web/node_modules/@babel/core' ]
171 silly reify mark retired [ '/opt/data/home/omnidome-web/node_modules/@babel/generator' ]
172 silly reify mark retired [
172 silly reify   '/opt/data/home/omnidome-web/node_modules/@babel/helper-module-transforms'
172 silly reify ]
173 silly reify mark retired [
173 silly reify   '/opt/data/home/omnidome-web/node_modules/@babel/helper-module-imports'
173 silly reify ]
174 silly reify mark retired [
174 silly reify   '/opt/data/home/omnidome-web/node_modules/@babel/helper-validator-identifier'
174 silly reify ]
175 silly reify mark retired [
175 silly reify   '/opt/data/home/omnidome-web/node_modules/@babel/helper-compilation-targets'
175 silly reify ]
176 silly reify mark retired [
176 silly reify   '/opt/data/home/omnidome-web/node_modules/@babel/helper-validator-option'
176 silly reify ]
177 silly reify mark retired [ '/opt/data/home/omnidome-web/node_modules/@babel/helpers' ]
178 silly reify mark retired [ '/opt/data/home/omnidome-web/node_modules/@babel/parser' ]
179 silly reify mark retired [ '/opt/data/home/omnidome-web/node_modules/@babel/runtime' ]
180 silly reify mark retired [ '/opt/data/home/omnidome-web/node_modules/@babel/template' ]
181 silly reify mark retired [ '/opt/data/home/omnidome-web/node_modules/@babel/traverse' ]
182 silly reify mark retired [ '/opt/data/home/omnidome-web/node_modules/@babel/types' ]
183 silly reify mark retired [ '/opt/data/home/omnidome-web/node_modules/@emnapi/runtime' ]
184 silly reify mark retired [ '/opt/data/home/omnidome-web/node_modules/@emnapi/wasi-threads' ]
185 silly reify mark retired [ '/opt/data/home/omnidome-web/node_modules/@beeper/desktop-api' ]
186 silly reify mark retired [ '/opt/data/home/omnidome-web/node_modules/@emnapi/core' ]
187 silly reify mark retired [ '/opt/data/home/omnidome-web/node_modules/@esbuild/android-arm' ]
188 silly reify mark retired [ '/opt/data/home/omnidome-web/node_modules/@date-fns/tz' ]
189 silly reify mark retired [ '/opt/data/home/omnidome-web/node_modules/@esbuild/android-arm64' ]
190 silly reify mark retired [ '/opt/data/home/omnidome-web/node_modules/@esbuild/android-x64' ]
191 silly reify mark retired [ '/opt/data/home/omnidome-web/node_modules/@esbuild/aix-ppc64' ]
192 silly reify mark retired [ '/opt/data/home/omnidome-web/node_modules/@esbuild/darwin-arm64' ]
193 silly reify mark retired [ '/opt/data/home/omnidome-web/node_modules/@esbuild/freebsd-arm64' ]
194 silly reify mark retired [ '/opt/data/home/omnidome-web/node_modules/@esbuild/darwin-x64' ]
195 silly reify mark retired [ '/opt/data/home/omnidome-web/node_modules/@esbuild/freebsd-x64' ]
196 silly reify mark retired [ '/opt/data/home/omnidome-web/node_modules/@esbuild/linux-arm' ]
197 silly reify mark retired [ '/opt/data/home/omnidome-web/node_modules/@esbuild/linux-arm64' ]
198 silly reify mark retired [ '/opt/data/home/omnidome-web/node_modules/@esbuild/linux-loong64' ]
199 silly reify mark retired [ '/opt/data/home/omnidome-web/node_modules/@esbuild/linux-ia32' ]
200 silly reify mark retired [ '/opt/data/home/omnidome-web/node_modules/@esbuild/linux-riscv64' ]
201 silly reify mark retired [ '/opt/data/home/omnidome-web/node_modules/@esbuild/linux-ppc64' ]
202 silly reify mark retired [ '/opt/data/home/omnidome-web/node_modules/@esbuild/linux-mips64el' ]
203 silly reify mark retired [ '/opt/data/home/omnidome-web/node_modules/@esbuild/linux-s390x' ]
204 silly reify mark retired [ '/opt/data/home/omnidome-web/node_modules/@esbuild/linux-x64' ]
205 silly reify mark retired [ '/opt/data/home/omnidome-web/node_modules/@esbuild/netbsd-arm64' ]
206 silly reify mark retired [ '/opt/data/home/omnidome-web/node_modules/@esbuild/netbsd-x64' ]
207 silly reify mark retired [ '/opt/data/home/omnidome-web/node_modules/@esbuild/openbsd-x64' ]
208 silly reify mark retired [ '/opt/data/home/omnidome-web/node_modules/@esbuild/openbsd-arm64' ]
209 silly reify mark retired [
209 silly reify   '/opt/data/home/omnidome-web/node_modules/@esbuild/openharmony-arm64'
209 silly reify ]
210 silly reify mark retired [ '/opt/data/home/omnidome-web/node_modules/@esbuild/sunos-x64' ]
211 silly reify mark retired [ '/opt/data/home/omnidome-web/node_modules/@esbuild/win32-arm64' ]
212 silly reify mark retired [ '/opt/data/home/omnidome-web/node_modules/@esbuild/win32-ia32' ]
213 silly reify mark retired [ '/opt/data/home/omnidome-web/node_modules/@esbuild/win32-x64' ]
214 silly reify mark retired [ '/opt/data/home/omnidome-web/node_modules/@eslint/config-helpers' ]
215 silly reify mark retired [ '/opt/data/home/omnidome-web/node_modules/@eslint/eslintrc' ]
216 silly reify mark retired [ '/opt/data/home/omnidome-web/node_modules/@eslint/object-schema' ]
217 silly reify mark retired [ '/opt/data/home/omnidome-web/node_modules/@eslint/plugin-kit' ]
218 silly reify mark retired [
218 silly reify   '/opt/data/home/omnidome-web/node_modules/@eslint-community/eslint-utils'
218 silly reify ]
219 silly reify mark retired [ '/opt/data/home/omnidome-web/node_modules/@floating-ui/utils' ]
220 silly reify mark retired [
220 silly reify   '/opt/data/home/omnidome-web/node_modules/@eslint-community/regexpp'
220 silly reify ]
221 silly reify mark retired [
221 silly reify   '/opt/data/home/omnidome-web/node_modules/@formatjs/intl-localematcher'
221 silly reify ]
222 silly reify mark retired [ '/opt/data/home/omnidome-web/node_modules/@eslint/config-array' ]
223 silly reify mark retired [ '/opt/data/home/omnidome-web/node_modules/@img/sharp-darwin-arm64' ]
224 silly reify mark retired [ '/opt/data/home/omnidome-web/node_modules/@img/sharp-darwin-x64' ]
225 silly reify mark retired [
225 silly reify   '/opt/data/home/omnidome-web/node_modules/@img/sharp-libvips-darwin-arm64'
225 silly reify ]
226 silly reify mark retired [
226 silly reify   '/opt/data/home/omnidome-web/node_modules/@img/sharp-libvips-darwin-x64'
226 silly reify ]
227 silly reify mark retired [
227 silly reify   '/opt/data/home/omnidome-web/node_modules/@img/sharp-libvips-linux-arm'
227 silly reify ]
228 silly reify mark retired [
228 silly reify   '/opt/data/home/omnidome-web/node_modules/@img/sharp-libvips-linux-ppc64'
228 silly reify ]
229 silly reify mark retired [
229 silly reify   '/opt/data/home/omnidome-web/node_modules/@img/sharp-libvips-linux-arm64'
229 silly reify ]
230 silly reify mark retired [ '/opt/data/home/omnidome-web/node_modules/@hookform/resolvers' ]
231 silly reify mark retired [
231 silly reify   '/opt/data/home/omnidome-web/node_modules/@img/sharp-libvips-linux-riscv64'
231 silly reify ]
232 silly reify mark retired [
232 silly reify   '/opt/data/home/omnidome-web/node_modules/@img/sharp-libvips-linuxmusl-arm64'
232 silly reify ]
233 silly reify mark retired [
233 silly reify   '/opt/data/home/omnidome-web/node_modules/@img/sharp-libvips-linux-s390x'
233 silly reify ]
234 silly reify mark retired [
234 silly reify   '/opt/data/home/omnidome-web/node_modules/@img/sharp-libvips-linuxmusl-x64'
234 silly reify ]
235 silly reify mark retired [
235 silly reify   '/opt/data/home/omnidome-web/node_modules/@img/sharp-libvips-linux-x64'
235 silly reify ]
236 silly reify mark retired [ '/opt/data/home/omnidome-web/node_modules/@img/sharp-linux-arm' ]
237 silly reify mark retired [ '/opt/data/home/omnidome-web/node_modules/@img/sharp-linux-arm64' ]
238 silly reify mark retired [ '/opt/data/home/omnidome-web/node_modules/@img/sharp-linux-ppc64' ]
239 silly reify mark retired [ '/opt/data/home/omnidome-web/node_modules/@img/sharp-linux-s390x' ]
240 silly reify mark retired [
240 silly reify   '/opt/data/home/omnidome-web/node_modules/@img/sharp-linuxmusl-arm64'
240 silly reify ]
241 silly reify mark retired [ '/opt/data/home/omnidome-web/node_modules/@img/sharp-linux-riscv64' ]
242 silly reify mark retired [ '/opt/data/home/omnidome-web/node_modules/@img/sharp-wasm32' ]
243 silly reify mark retired [ '/opt/data/home/omnidome-web/node_modules/@img/sharp-win32-arm64' ]
244 silly reify mark retired [ '/opt/data/home/omnidome-web/node_modules/@img/sharp-win32-ia32' ]
245 silly reify mark retired [ '/opt/data/home/omnidome-web/node_modules/@img/sharp-win32-x64' ]
246 silly reify mark retired [ '/opt/data/home/omnidome-web/node_modules/@jridgewell/remapping' ]
247 silly reify mark retired [
247 silly reify   '/opt/data/home/omnidome-web/node_modules/@jridgewell/sourcemap-codec'
247 silly reify ]
248 silly reify mark retired [
248 silly reify   '/opt/data/home/omnidome-web/node_modules/@jridgewell/trace-mapping'
248 silly reify ]
249 silly reify mark retired [ '/opt/data/home/omnidome-web/node_modules/@mdx-js/mdx' ]
250 silly reify mark retired [ '/opt/data/home/omnidome-web/node_modules/@next/eslint-plugin-next' ]
251 silly reify mark retired [ '/opt/data/home/omnidome-web/node_modules/@next/swc-darwin-arm64' ]
252 silly reify mark retired [ '/opt/data/home/omnidome-web/node_modules/@napi-rs/wasm-runtime' ]
253 silly reify mark retired [ '/opt/data/home/omnidome-web/node_modules/@next/swc-darwin-x64' ]
254 silly reify mark retired [
254 silly reify   '/opt/data/home/omnidome-web/node_modules/@next/swc-win32-arm64-msvc'
254 silly reify ]
255 silly reify mark retired [ '/opt/data/home/omnidome-web/node_modules/@next/swc-win32-x64-msvc' ]
256 silly reify mark retired [ '/opt/data/home/omnidome-web/node_modules/@nodelib/fs.stat' ]
257 silly reify mark retired [ '/opt/data/home/omnidome-web/node_modules/@nodelib/fs.walk' ]
258 silly reify mark retired [ '/opt/data/home/omnidome-web/node_modules/@nodelib/fs.scandir' ]
259 silly reify mark retired [ '/opt/data/home/omnidome-web/node_modules/@radix-ui/primitive' ]
260 silly reify mark retired [
260 silly reify   '/opt/data/home/omnidome-web/node_modules/@radix-ui/react-accordion'
260 silly reify ]
261 silly reify mark retired [ '/opt/data/home/omnidome-web/node_modules/@orama/orama' ]
262 silly reify mark retired [ '/opt/data/home/omnidome-web/node_modules/@radix-ui/react-arrow' ]
263 silly reify mark retired [
263 silly reify   '/opt/data/home/omnidome-web/node_modules/@radix-ui/react-alert-dialog'
263 silly reify ]
264 silly reify mark retired [
264 silly reify   '/opt/data/home/omnidome-web/node_modules/@radix-ui/react-aspect-ratio'
264 silly reify ]
265 silly reify mark retired [ '/opt/data/home/omnidome-web/node_modules/@radix-ui/react-avatar' ]
266 silly reify mark retired [ '/opt/data/home/omnidome-web/node_modules/@radix-ui/react-checkbox' ]
267 silly reify mark retired [
267 silly reify   '/opt/data/home/omnidome-web/node_modules/@radix-ui/react-collapsible'
267 silly reify ]
268 silly reify mark retired [
268 silly reify   '/opt/data/home/omnidome-web/node_modules/@radix-ui/react-collection'
268 silly reify ]
269 silly reify mark retired [
269 silly reify   '/opt/data/home/omnidome-web/node_modules/@radix-ui/react-compose-refs'
269 silly reify ]
270 silly reify mark retired [ '/opt/data/home/omnidome-web/node_modules/@radix-ui/react-context' ]
271 silly reify mark retired [
271 silly reify   '/opt/data/home/omnidome-web/node_modules/@radix-ui/react-context-menu'
271 silly reify ]
272 silly reify mark retired [ '/opt/data/home/omnidome-web/node_modules/@radix-ui/number' ]
273 silly reify mark retired [ '/opt/data/home/omnidome-web/node_modules/@radix-ui/react-dialog' ]
274 silly reify mark retired [
274 silly reify   '/opt/data/home/omnidome-web/node_modules/@radix-ui/react-direction'
274 silly reify ]
275 silly reify mark retired [
275 silly reify   '/opt/data/home/omnidome-web/node_modules/@radix-ui/react-dropdown-menu'
275 silly reify ]
276 silly reify mark retired [
276 silly reify   '/opt/data/home/omnidome-web/node_modules/@radix-ui/react-dismissable-layer'
276 silly reify ]
277 silly reify mark retired [
277 silly reify   '/opt/data/home/omnidome-web/node_modules/@radix-ui/react-focus-scope'
277 silly reify ]
278 silly reify mark retired [
278 silly reify   '/opt/data/home/omnidome-web/node_modules/@radix-ui/react-hover-card'
278 silly reify ]
279 silly reify mark retired [ '/opt/data/home/omnidome-web/node_modules/@radix-ui/react-icons' ]
280 silly reify mark retired [
280 silly reify   '/opt/data/home/omnidome-web/node_modules/@radix-ui/react-focus-guards'
280 silly reify ]
281 silly reify mark retired [ '/opt/data/home/omnidome-web/node_modules/@radix-ui/react-id' ]
282 silly reify mark retired [ '/opt/data/home/omnidome-web/node_modules/@radix-ui/react-label' ]
283 silly reify mark retired [ '/opt/data/home/omnidome-web/node_modules/@radix-ui/react-menu' ]
284 silly reify mark retired [
284 silly reify   '/opt/data/home/omnidome-web/node_modules/@radix-ui/react-navigation-menu'
284 silly reify ]
285 silly reify mark retired [ '/opt/data/home/omnidome-web/node_modules/@radix-ui/react-popover' ]
286 silly reify mark retired [ '/opt/data/home/omnidome-web/node_modules/@radix-ui/react-menubar' ]
287 silly reify mark retired [ '/opt/data/home/omnidome-web/node_modules/@radix-ui/react-presence' ]
288 silly reify mark retired [ '/opt/data/home/omnidome-web/node_modules/@radix-ui/react-popper' ]
289 silly reify mark retired [ '/opt/data/home/omnidome-web/node_modules/@radix-ui/react-portal' ]
290 silly reify mark retired [
290 silly reify   '/opt/data/home/omnidome-web/node_modules/@radix-ui/react-primitive'
290 silly reify ]
291 silly reify mark retired [ '/opt/data/home/omnidome-web/node_modules/@radix-ui/react-progress' ]
292 silly reify mark retired [
292 silly reify   '/opt/data/home/omnidome-web/node_modules/@radix-ui/react-radio-group'
292 silly reify ]
293 silly reify mark retired [
293 silly reify   '/opt/data/home/omnidome-web/node_modules/@radix-ui/react-roving-focus'
293 silly reify ]
294 silly reify mark retired [ '/opt/data/home/omnidome-web/node_modules/@radix-ui/react-select' ]
295 silly reify mark retired [
295 silly reify   '/opt/data/home/omnidome-web/node_modules/@radix-ui/react-separator'
295 silly reify ]
296 silly reify mark retired [
296 silly reify   '/opt/data/home/omnidome-web/node_modules/@radix-ui/react-scroll-area'
296 silly reify ]
297 silly reify mark retired [ '/opt/data/home/omnidome-web/node_modules/@radix-ui/react-slot' ]
298 silly reify mark retired [ '/opt/data/home/omnidome-web/node_modules/@radix-ui/react-slider' ]
299 silly reify mark retired [ '/opt/data/home/omnidome-web/node_modules/@radix-ui/react-switch' ]
300 silly reify mark retired [ '/opt/data/home/omnidome-web/node_modules/@radix-ui/react-tabs' ]
301 silly reify mark retired [ '/opt/data/home/omnidome-web/node_modules/@radix-ui/react-toast' ]
302 silly reify mark retired [
302 silly reify   '/opt/data/home/omnidome-web/node_modules/@radix-ui/react-toggle-group'
302 silly reify ]
303 silly reify mark retired [ '/opt/data/home/omnidome-web/node_modules/@radix-ui/react-toggle' ]
304 silly reify mark retired [ '/opt/data/home/omnidome-web/node_modules/@radix-ui/react-tooltip' ]
305 silly reify mark retired [
305 silly reify   '/opt/data/home/omnidome-web/node_modules/@radix-ui/react-use-callback-ref'
305 silly reify ]
306 silly reify mark retired [
306 silly reify   '/opt/data/home/omnidome-web/node_modules/@radix-ui/react-use-controllable-state'
306 silly reify ]
307 silly reify mark retired [
307 silly reify   '/opt/data/home/omnidome-web/node_modules/@radix-ui/react-use-escape-keydown'
307 silly reify ]
308 silly reify mark retired [
308 silly reify   '/opt/data/home/omnidome-web/node_modules/@radix-ui/react-use-layout-effect'
308 silly reify ]
309 silly reify mark retired [
309 silly reify   '/opt/data/home/omnidome-web/node_modules/@radix-ui/react-use-previous'
309 silly reify ]
310 silly reify mark retired [ '/opt/data/home/omnidome-web/node_modules/@radix-ui/react-use-rect' ]
311 silly reify mark retired [
311 silly reify   '/opt/data/home/omnidome-web/node_modules/@radix-ui/react-visually-hidden'
311 silly reify ]
312 silly reify mark retired [ '/opt/data/home/omnidome-web/node_modules/@radix-ui/react-use-size' ]
313 silly reify mark retired [ '/opt/data/home/omnidome-web/node_modules/@radix-ui/rect' ]
314 silly reify mark retired [ '/opt/data/home/omnidome-web/node_modules/@supabase/realtime-js' ]
315 silly reify mark retired [ '/opt/data/home/omnidome-web/node_modules/@supabase/postgrest-js' ]
316 silly reify mark retired [ '/opt/data/home/omnidome-web/node_modules/@supabase/functions-js' ]
317 silly reify mark retired [ '/opt/data/home/omnidome-web/node_modules/@supabase/storage-js' ]
318 silly reify mark retired [ '/opt/data/home/omnidome-web/node_modules/@supabase/supabase-js' ]
319 silly reify mark retired [ '/opt/data/home/omnidome-web/node_modules/@supabase/auth-js' ]
320 silly reify mark retired [
320 silly reify   '/opt/data/home/omnidome-web/node_modules/@tailwindcss/oxide-android-arm64'
320 silly reify ]
321 silly reify mark retired [
321 silly reify   '/opt/data/home/omnidome-web/node_modules/@tailwindcss/oxide-darwin-arm64'
321 silly reify ]
322 silly reify mark retired [
322 silly reify   '/opt/data/home/omnidome-web/node_modules/@tailwindcss/oxide-darwin-x64'
322 silly reify ]
323 silly reify mark retired [ '/opt/data/home/omnidome-web/node_modules/@swc/helpers' ]
324 silly reify mark retired [
324 silly reify   '/opt/data/home/omnidome-web/node_modules/@tailwindcss/oxide-freebsd-x64'
324 silly reify ]
325 silly reify mark retired [
325 silly reify   '/opt/data/home/omnidome-web/node_modules/@tailwindcss/oxide-linux-arm-gnueabihf'
325 silly reify ]
326 silly reify mark retired [
326 silly reify   '/opt/data/home/omnidome-web/node_modules/@tailwindcss/oxide-linux-arm64-gnu'
326 silly reify ]
327 silly reify mark retired [
327 silly reify   '/opt/data/home/omnidome-web/node_modules/@tailwindcss/oxide-linux-arm64-musl'
327 silly reify ]
328 silly reify mark retired [
328 silly reify   '/opt/data/home/omnidome-web/node_modules/@tailwindcss/oxide-wasm32-wasi'
328 silly reify ]
329 silly reify mark retired [
329 silly reify   '/opt/data/home/omnidome-web/node_modules/@tailwindcss/oxide-win32-arm64-msvc'
329 silly reify ]
330 silly reify mark retired [
330 silly reify   '/opt/data/home/omnidome-web/node_modules/@tailwindcss/oxide-win32-x64-msvc'
330 silly reify ]
331 silly reify mark retired [ '/opt/data/home/omnidome-web/node_modules/@tailwindcss/typography' ]
332 silly reify mark retired [ '/opt/data/home/omnidome-web/node_modules/@tybys/wasm-util' ]
333 silly reify mark retired [ '/opt/data/home/omnidome-web/node_modules/@types/node' ]
334 silly reify mark retired [ '/opt/data/home/omnidome-web/node_modules/@types/react' ]
335 silly reify mark retired [
335 silly reify   '/opt/data/home/omnidome-web/node_modules/@typescript-eslint/scope-manager'
335 silly reify ]
336 silly reify mark retired [
336 silly reify   '/opt/data/home/omnidome-web/node_modules/@typescript-eslint/type-utils'
336 silly reify ]
337 silly reify mark retired [
337 silly reify   '/opt/data/home/omnidome-web/node_modules/@typescript-eslint/eslint-plugin'
337 silly reify ]
338 silly reify mark retired [ '/opt/data/home/omnidome-web/node_modules/@typescript-eslint/utils' ]
339 silly reify mark retired [ '/opt/data/home/omnidome-web/node_modules/@ungap/structured-clone' ]
340 silly reify mark retired [
340 silly reify   '/opt/data/home/omnidome-web/node_modules/@typescript-eslint/typescript-estree'
340 silly reify ]
341 silly reify mark retired [
341 silly reify   '/opt/data/home/omnidome-web/node_modules/@unrs/resolver-binding-android-arm64'
341 silly reify ]
342 silly reify mark retired [
342 silly reify   '/opt/data/home/omnidome-web/node_modules/@unrs/resolver-binding-android-arm-eabi'
342 silly reify ]
343 silly reify mark retired [
343 silly reify   '/opt/data/home/omnidome-web/node_modules/@unrs/resolver-binding-darwin-arm64'
343 silly reify ]
344 silly reify mark retired [
344 silly reify   '/opt/data/home/omnidome-web/node_modules/@unrs/resolver-binding-darwin-x64'
344 silly reify ]
345 silly reify mark retired [
345 silly reify   '/opt/data/home/omnidome-web/node_modules/@unrs/resolver-binding-linux-arm-musleabihf'
345 silly reify ]
346 silly reify mark retired [
346 silly reify   '/opt/data/home/omnidome-web/node_modules/@unrs/resolver-binding-freebsd-x64'
346 silly reify ]
347 silly reify mark retired [
347 silly reify   '/opt/data/home/omnidome-web/node_modules/@unrs/resolver-binding-linux-arm64-gnu'
347 silly reify ]
348 silly reify mark retired [
348 silly reify   '/opt/data/home/omnidome-web/node_modules/@unrs/resolver-binding-linux-arm-gnueabihf'
348 silly reify ]
349 silly reify mark retired [
349 silly reify   '/opt/data/home/omnidome-web/node_modules/@unrs/resolver-binding-linux-arm64-musl'
349 silly reify ]
350 silly reify mark retired [
350 silly reify   '/opt/data/home/omnidome-web/node_modules/@unrs/resolver-binding-linux-riscv64-gnu'
350 silly reify ]
351 silly reify mark retired [
351 silly reify   '/opt/data/home/omnidome-web/node_modules/@unrs/resolver-binding-linux-ppc64-gnu'
351 silly reify ]
352 silly reify mark retired [
352 silly reify   '/opt/data/home/omnidome-web/node_modules/@unrs/resolver-binding-linux-s390x-gnu'
352 silly reify ]
353 silly reify mark retired [
353 silly reify   '/opt/data/home/omnidome-web/node_modules/@unrs/resolver-binding-linux-riscv64-musl'
353 silly reify ]
354 silly reify mark retired [
354 silly reify   '/opt/data/home/omnidome-web/node_modules/@unrs/resolver-binding-wasm32-wasi'
354 silly reify ]
355 silly reify mark retired [
355 silly reify   '/opt/data/home/omnidome-web/node_modules/@unrs/resolver-binding-win32-ia32-msvc'
355 silly reify ]
356 silly reify mark retired [
356 silly reify   '/opt/data/home/omnidome-web/node_modules/@unrs/resolver-binding-win32-arm64-msvc'
356 silly reify ]
357 silly reify mark retired [
357 silly reify   '/opt/data/home/omnidome-web/node_modules/@unrs/resolver-binding-win32-x64-msvc'
357 silly reify ]
358 silly reify mark retired [
358 silly reify   '/opt/data/home/omnidome-web/node_modules/@next/swc-linux-arm64-gnu'
358 silly reify ]
359 silly reify mark retired [
359 silly reify   '/opt/data/home/omnidome-web/node_modules/@next/swc-linux-arm64-musl'
359 silly reify ]
360 silly reify mark retired [ '/opt/data/home/omnidome-web/node_modules/@vercel/analytics' ]
361 silly reify mark retired [
361 silly reify   '/opt/data/home/omnidome-web/node_modules/astring',
361 silly reify   '/opt/data/home/omnidome-web/node_modules/.bin/astring'
361 silly reify ]
362 silly reify mark retired [
362 silly reify   '/opt/data/home/omnidome-web/node_modules/browserslist',
362 silly reify   '/opt/data/home/omnidome-web/node_modules/.bin/browserslist'
362 silly reify ]
363 silly reify mark retired [
363 silly reify   '/opt/data/home/omnidome-web/node_modules/cssesc',
363 silly reify   '/opt/data/home/omnidome-web/node_modules/.bin/cssesc'
363 silly reify ]
364 silly reify mark retired [
364 silly reify   '/opt/data/home/omnidome-web/node_modules/eslint-config-next/node_modules/globals'
364 silly reify ]
365 silly reify mark retired [
365 silly reify   '/opt/data/home/omnidome-web/node_modules/eslint-import-resolver-node/node_modules/debug'
365 silly reify ]
366 silly reify mark retired [
366 silly reify   '/opt/data/home/omnidome-web/node_modules/esbuild',
366 silly reify   '/opt/data/home/omnidome-web/node_modules/.bin/esbuild'
366 silly reify ]
367 silly reify mark retired [
367 silly reify   '/opt/data/home/omnidome-web/node_modules/eslint-module-utils/node_modules/debug'
367 silly reify ]
368 silly reify mark retired [
368 silly reify   '/opt/data/home/omnidome-web/node_modules/jsesc',
368 silly reify   '/opt/data/home/omnidome-web/node_modules/.bin/jsesc'
368 silly reify ]
369 silly reify mark retired [
369 silly reify   '/opt/data/home/omnidome-web/node_modules/loose-envify',
369 silly reify   '/opt/data/home/omnidome-web/node_modules/.bin/loose-envify'
369 silly reify ]
370 silly reify mark retired [
370 silly reify   '/opt/data/home/omnidome-web/node_modules/micromark-extension-gfm-task-list-item'
370 silly reify ]
371 silly reify mark retired [
371 silly reify   '/opt/data/home/omnidome-web/node_modules/micromark-util-events-to-acorn'
371 silly reify ]
372 silly reify mark retired [
372 silly reify   '/opt/data/home/omnidome-web/node_modules/micromatch/node_modules/picomatch'
372 silly reify ]
373 silly reify mark retired [
373 silly reify   '/opt/data/home/omnidome-web/node_modules/minimatch/node_modules/brace-expansion'
373 silly reify ]
374 silly reify mark retired [
374 silly reify   '/opt/data/home/omnidome-web/node_modules/tsconfig-paths/node_modules/json5'
374 silly reify ]
375 silly reify mark retired [
375 silly reify   '/opt/data/home/omnidome-web/node_modules/update-browserslist-db',
375 silly reify   '/opt/data/home/omnidome-web/node_modules/.bin/update-browserslist-db'
375 silly reify ]
376 silly reify mark retired [
376 silly reify   '/opt/data/home/omnidome-web/node_modules/which',
376 silly reify   '/opt/data/home/omnidome-web/node_modules/.bin/node-which'
376 silly reify ]
377 silly reify mark retired [ '/opt/data/home/omnidome-web/node_modules/@img/sharp-linux-x64' ]
378 silly reify mark retired [ '/opt/data/home/omnidome-web/node_modules/@img/sharp-linuxmusl-x64' ]
379 silly reify mark retired [ '/opt/data/home/omnidome-web/node_modules/@humanwhocodes/retry' ]
380 silly reify mark retired [
380 silly reify   '/opt/data/home/omnidome-web/node_modules/@radix-ui/react-use-effect-event/node_modules/@radix-ui/react-use-layout-effect'
380 silly reify ]
381 silly reify mark retired [
381 silly reify   '/opt/data/home/omnidome-web/node_modules/parse-entities/node_modules/@types/unist'
381 silly reify ]
382 silly reify moves {
382 silly reify   '/opt/data/home/omnidome-web/node_modules/ajv': '/opt/data/home/omnidome-web/node_modules/.ajv-B0NL9pOa',
382 silly reify   '/opt/data/home/omnidome-web/node_modules/acorn': '/opt/data/home/omnidome-web/node_modules/.acorn-6UZik9Uj',
382 silly reify   '/opt/data/home/omnidome-web/node_modules/aria-query': '/opt/data/home/omnidome-web/node_modules/.aria-query-9TyHdwcZ',
382 silly reify   '/opt/data/home/omnidome-web/node_modules/array-includes': '/opt/data/home/omnidome-web/node_modules/.array-includes-6VjlAzuB',
382 silly reify   '/opt/data/home/omnidome-web/node_modules/array.prototype.findlast': '/opt/data/home/omnidome-web/node_modules/.array.prototype.findlast-59AvABJL',
382 silly reify   '/opt/data/home/omnidome-web/node_modules/array.prototype.findlastindex': '/opt/data/home/omnidome-web/node_modules/.array.prototype.findlastindex-ndCyQKZa',
382 silly reify   '/opt/data/home/omnidome-web/node_modules/array.prototype.flat': '/opt/data/home/omnidome-web/node_modules/.array.prototype.flat-BYsbSrAU',
382 silly reify   '/opt/data/home/omnidome-web/node_modules/array.prototype.flatmap': '/opt/data/home/omnidome-web/node_modules/.array.prototype.flatmap-Na6CVYb3',
382 silly reify   '/opt/data/home/omnidome-web/node_modules/array.prototype.tosorted': '/opt/data/home/omnidome-web/node_modules/.array.prototype.tosorted-7ZHDq6Xw',
382 silly reify   '/opt/data/home/omnidome-web/node_modules/arraybuffer.prototype.slice': '/opt/data/home/omnidome-web/node_modules/.arraybuffer.prototype.slice-4iwwax2h',
382 silly reify   '/opt/data/home/omnidome-web/node_modules/autoprefixer': '/opt/data/home/omnidome-web/node_modules/.autoprefixer-v9SXvC1N',
382 silly reify   '/opt/data/home/omnidome-web/node_modules/axe-core': '/opt/data/home/omnidome-web/node_modules/.axe-core-88ebgfib',
382 silly reify   '/opt/data/home/omnidome-web/node_modules/axobject-query': '/opt/data/home/omnidome-web/node_modules/.axobject-query-teFSt4DA',
382 silly reify   '/opt/data/home/omnidome-web/node_modules/baseline-browser-mapping': '/opt/data/home/omnidome-web/node_modules/.baseline-browser-mapping-2XgM71RU',
382 silly reify   '/opt/data/home/omnidome-web/node_modules/braces': '/opt/data/home/omnidome-web/node_modules/.braces-Fm27gjbV',
382 silly reify   '/opt/data/home/omnidome-web/node_modules/caniuse-lite': '/opt/data/home/omnidome-web/node_modules/.caniuse-lite-o9RdcBkK',
382 silly reify   '/opt/data/home/omnidome-web/node_modules/chokidar': '/opt/data/home/omnidome-web/node_modules/.chokidar-s0pYPdrK',
382 silly reify   '/opt/data/home/omnidome-web/node_modules/csstype': '/opt/data/home/omnidome-web/node_modules/.csstype-cHYHcPDD',
382 silly reify   '/opt/data/home/omnidome-web/node_modules/cross-spawn': '/opt/data/home/omnidome-web/node_modules/.cross-spawn-fGbJEN4G',
382 silly reify   '/opt/data/home/omnidome-web/node_modules/d3-array': '/opt/data/home/omnidome-web/node_modules/.d3-array-EoeHqvft',
382 silly reify   '/opt/data/home/omnidome-web/node_modules/d3-color': '/opt/data/home/omnidome-web/node_modules/.d3-color-tmLDt59E',
382 silly reify   '/opt/data/home/omnidome-web/node_modules/d3-ease': '/opt/data/home/omnidome-web/node_modules/.d3-ease-9pB8mXF4',
382 silly reify   '/opt/data/home/omnidome-web/node_modules/d3-format': '/opt/data/home/omnidome-web/node_modules/.d3-format-0rmYs7nB',
382 silly reify   '/opt/data/home/omnidome-web/node_modules/d3-interpolate': '/opt/data/home/omnidome-web/node_modules/.d3-interpolate-Ub8fewtP',
382 silly reify   '/opt/data/home/omnidome-web/node_modules/d3-scale': '/opt/data/home/omnidome-web/node_modules/.d3-scale-ZHmeXGSJ',
382 silly reify   '/opt/data/home/omnidome-web/node_modules/d3-shape': '/opt/data/home/omnidome-web/node_modules/.d3-shape-fMHbIJnC',
382 silly reify   '/opt/data/home/omnidome-web/node_modules/d3-time-format': '/opt/data/home/omnidome-web/node_modules/.d3-time-format-Xox4BE4c',
382 silly reify   '/opt/data/home/omnidome-web/node_modules/d3-time': '/opt/data/home/omnidome-web/node_modules/.d3-time-BdB4hX8Y',
382 silly reify   '/opt/data/home/omnidome-web/node_modules/date-fns-jalali': '/opt/data/home/omnidome-web/node_modules/.date-fns-jalali-n3W7vsFQ',
382 silly reify   '/opt/data/home/omnidome-web/node_modules/date-fns': '/opt/data/home/omnidome-web/node_modules/.date-fns-SgABVs8R',
382 silly reify   '/opt/data/home/omnidome-web/node_modules/electron-to-chromium': '/opt/data/home/omnidome-web/node_modules/.electron-to-chromium-cNTa98Y5',
382 silly reify   '/opt/data/home/omnidome-web/node_modules/embla-carousel-reactive-utils': '/opt/data/home/omnidome-web/node_modules/.embla-carousel-reactive-utils-Y8TKeEUm',
382 silly reify   '/opt/data/home/omnidome-web/node_modules/embla-carousel-react': '/opt/data/home/omnidome-web/node_modules/.embla-carousel-react-1Y6a2sNy',
382 silly reify   '/opt/data/home/omnidome-web/node_modules/emoji-regex': '/opt/data/home/omnidome-web/node_modules/.emoji-regex-FJt1qFWA',
382 silly reify   '/opt/data/home/omnidome-web/node_modules/embla-carousel': '/opt/data/home/omnidome-web/node_modules/.embla-carousel-2L3yeKyq',
382 silly reify   '/opt/data/home/omnidome-web/node_modules/es-abstract': '/opt/data/home/omnidome-web/node_modules/.es-abstract-hPE7ax5C',
382 silly reify   '/opt/data/home/omnidome-web/node_modules/es-iterator-helpers': '/opt/data/home/omnidome-web/node_modules/.es-iterator-helpers-VvcK6WIj',
382 silly reify   '/opt/data/home/omnidome-web/node_modules/es-to-primitive': '/opt/data/home/omnidome-web/node_modules/.es-to-primitive-p3L3skET',
382 silly reify   '/opt/data/home/omnidome-web/node_modules/enhanced-resolve': '/opt/data/home/omnidome-web/node_modules/.enhanced-resolve-ICecaAFy',
382 silly reify   '/opt/data/home/omnidome-web/node_modules/eslint': '/opt/data/home/omnidome-web/node_modules/.eslint-91DcdAQF',
382 silly reify   '/opt/data/home/omnidome-web/node_modules/dom-helpers': '/opt/data/home/omnidome-web/node_modules/.dom-helpers-cUbq16cw',
382 silly reify   '/opt/data/home/omnidome-web/node_modules/eslint-plugin-import': '/opt/data/home/omnidome-web/node_modules/.eslint-plugin-import-cgJyDdn0',
382 silly reify   '/opt/data/home/omnidome-web/node_modules/eslint-plugin-jsx-a11y': '/opt/data/home/omnidome-web/node_modules/.eslint-plugin-jsx-a11y-1yNnACTV',
382 silly reify   '/opt/data/home/omnidome-web/node_modules/eslint-plugin-react': '/opt/data/home/omnidome-web/node_modules/.eslint-plugin-react-jLjHZLAj',
382 silly reify   '/opt/data/home/omnidome-web/node_modules/eslint-plugin-react-hooks': '/opt/data/home/omnidome-web/node_modules/.eslint-plugin-react-hooks-Mrwe5HXK',
382 silly reify   '/opt/data/home/omnidome-web/node_modules/eslint-scope': '/opt/data/home/omnidome-web/node_modules/.eslint-scope-uZ6kpjFt',
382 silly reify   '/opt/data/home/omnidome-web/node_modules/espree': '/opt/data/home/omnidome-web/node_modules/.espree-eASSWi8G',
382 silly reify   '/opt/data/home/omnidome-web/node_modules/esquery': '/opt/data/home/omnidome-web/node_modules/.esquery-nVoliyuT',
382 silly reify   '/opt/data/home/omnidome-web/node_modules/fast-glob': '/opt/data/home/omnidome-web/node_modules/.fast-glob-7YFDcn1X',
382 silly reify   '/opt/data/home/omnidome-web/node_modules/fast-equals': '/opt/data/home/omnidome-web/node_modules/.fast-equals-k42uVd0E',
382 silly reify   '/opt/data/home/omnidome-web/node_modules/fast-json-stable-stringify': '/opt/data/home/omnidome-web/node_modules/.fast-json-stable-stringify-o5LmLPM8',
382 silly reify   '/opt/data/home/omnidome-web/node_modules/fraction.js': '/opt/data/home/omnidome-web/node_modules/.fraction.js-72PH7o8n',
382 silly reify   '/opt/data/home/omnidome-web/node_modules/framer-motion': '/opt/data/home/omnidome-web/node_modules/.framer-motion-Vu2DIAw9',
382 silly reify   '/opt/data/home/omnidome-web/node_modules/fumadocs-core': '/opt/data/home/omnidome-web/node_modules/.fumadocs-core-Pg2YKaY4',
382 silly reify   '/opt/data/home/omnidome-web/node_modules/fumadocs-ui': '/opt/data/home/omnidome-web/node_modules/.fumadocs-ui-cQZQ0YBX',
382 silly reify   '/opt/data/home/omnidome-web/node_modules/fumadocs-mdx': '/opt/data/home/omnidome-web/node_modules/.fumadocs-mdx-UBjx2TYz',
382 silly reify   '/opt/data/home/omnidome-web/node_modules/function.prototype.name': '/opt/data/home/omnidome-web/node_modules/.function.prototype.name-HX5GRzgI',
382 silly reify   '/opt/data/home/omnidome-web/node_modules/globalthis': '/opt/data/home/omnidome-web/node_modules/.globalthis-UFSxg5OQ',
382 silly reify   '/opt/data/home/omnidome-web/node_modules/has-tostringtag': '/opt/data/home/omnidome-web/node_modules/.has-tostringtag-fWfc6R4D',
382 silly reify   '/opt/data/home/omnidome-web/node_modules/has-symbols': '/opt/data/home/omnidome-web/node_modules/.has-symbols-o4mehjH5',
382 silly reify   '/opt/data/home/omnidome-web/node_modules/hast-util-to-estree': '/opt/data/home/omnidome-web/node_modules/.hast-util-to-estree-KbGOSEp9',
382 silly reify   '/opt/data/home/omnidome-web/node_modules/hast-util-to-html': '/opt/data/home/omnidome-web/node_modules/.hast-util-to-html-OsImu1oi',
382 silly reify   '/opt/data/home/omnidome-web/node_modules/image-size': '/opt/data/home/omnidome-web/node_modules/.image-size-xYajrssZ',
382 silly reify   '/opt/data/home/omnidome-web/node_modules/jiti': '/opt/data/home/omnidome-web/node_modules/.jiti-MpwbofLt',
382 silly reify   '/opt/data/home/omnidome-web/node_modules/js-yaml': '/opt/data/home/omnidome-web/node_modules/.js-yaml-tnhUO1At',
382 silly reify   '/opt/data/home/omnidome-web/node_modules/json5': '/opt/data/home/omnidome-web/node_modules/.json5-CLeqwrX6',
382 silly reify   '/opt/data/home/omnidome-web/node_modules/jsx-ast-utils': '/opt/data/home/omnidome-web/node_modules/.jsx-ast-utils-y7DHzb6r',
382 silly reify   '/opt/data/home/omnidome-web/node_modules/language-subtag-registry': '/opt/data/home/omnidome-web/node_modules/.language-subtag-registry-G9hdVcRK',
382 silly reify   '/opt/data/home/omnidome-web/node_modules/lightningcss': '/opt/data/home/omnidome-web/node_modules/.lightningcss-EoAmDkm7',
382 silly reify   '/opt/data/home/omnidome-web/node_modules/lightningcss-android-arm64': '/opt/data/home/omnidome-web/node_modules/.lightningcss-android-arm64-gS3NNYjJ',
382 silly reify   '/opt/data/home/omnidome-web/node_modules/lightningcss-darwin-arm64': '/opt/data/home/omnidome-web/node_modules/.lightningcss-darwin-arm64-K1Xlupf7',
382 silly reify   '/opt/data/home/omnidome-web/node_modules/lightningcss-darwin-x64': '/opt/data/home/omnidome-web/node_modules/.lightningcss-darwin-x64-U8B1UTSQ',
382 silly reify   '/opt/data/home/omnidome-web/node_modules/lightningcss-freebsd-x64': '/opt/data/home/omnidome-web/node_modules/.lightningcss-freebsd-x64-rh9kA83F',
382 silly reify   '/opt/data/home/omnidome-web/node_modules/lightningcss-linux-arm-gnueabihf': '/opt/data/home/omnidome-web/node_modules/.lightningcss-linux-arm-gnueabihf-4td1y8Dm',
382 silly reify   '/opt/data/home/omnidome-web/node_modules/lightningcss-linux-arm64-gnu': '/opt/data/home/omnidome-web/node_modules/.lightningcss-linux-arm64-gnu-x102qVZ5',
382 silly reify   '/opt/data/home/omnidome-web/node_modules/lightningcss-linux-arm64-musl': '/opt/data/home/omnidome-web/node_modules/.lightningcss-linux-arm64-musl-6mC17naA',
382 silly reify   '/opt/data/home/omnidome-web/node_modules/lightningcss-win32-arm64-msvc': '/opt/data/home/omnidome-web/node_modules/.lightningcss-win32-arm64-msvc-tzbhmKrN',
382 silly reify   '/opt/data/home/omnidome-web/node_modules/lodash': '/opt/data/home/omnidome-web/node_modules/.lodash-AVpQMY1T',
382 silly reify   '/opt/data/home/omnidome-web/node_modules/lightningcss-win32-x64-msvc': '/opt/data/home/omnidome-web/node_modules/.lightningcss-win32-x64-msvc-emnK1LTg',
382 silly reify   '/opt/data/home/omnidome-web/node_modules/lru-cache': '/opt/data/home/omnidome-web/node_modules/.lru-cache-8crTxPGF',
382 silly reify   '/opt/data/home/omnidome-web/node_modules/lucide-react': '/opt/data/home/omnidome-web/node_modules/.lucide-react-149MNDMZ',
382 silly reify   '/opt/data/home/omnidome-web/node_modules/magic-string': '/opt/data/home/omnidome-web/node_modules/.magic-string-ejS5Jnhz',
382 silly reify   '/opt/data/home/omnidome-web/node_modules/mdast-util-from-markdown': '/opt/data/home/omnidome-web/node_modules/.mdast-util-from-markdown-o8syZgTQ',
382 silly reify   '/opt/data/home/omnidome-web/node_modules/mdast-util-to-hast': '/opt/data/home/omnidome-web/node_modules/.mdast-util-to-hast-9duD5dmu',
382 silly reify   '/opt/data/home/omnidome-web/node_modules/mdast-util-to-markdown': '/opt/data/home/omnidome-web/node_modules/.mdast-util-to-markdown-kFtFsLnF',
382 silly reify   '/opt/data/home/omnidome-web/node_modules/micromark-core-commonmark': '/opt/data/home/omnidome-web/node_modules/.micromark-core-commonmark-uHbEecVf',
382 silly reify   '/opt/data/home/omnidome-web/node_modules/micromark': '/opt/data/home/omnidome-web/node_modules/.micromark-Xayu5ZNF',
382 silly reify   '/opt/data/home/omnidome-web/node_modules/micromark-extension-gfm-footnote': '/opt/data/home/omnidome-web/node_modules/.micromark-extension-gfm-footnote-zsxIohkU',
382 silly reify   '/opt/data/home/omnidome-web/node_modules/micromark-extension-gfm-autolink-literal': '/opt/data/home/omnidome-web/node_modules/.micromark-extension-gfm-autolink-literal-KQSdwlPW',
382 silly reify   '/opt/data/home/omnidome-web/node_modules/micromark-extension-gfm-strikethrough': '/opt/data/home/omnidome-web/node_modules/.micromark-extension-gfm-strikethrough-O3LFIPJr',
382 silly reify   '/opt/data/home/omnidome-web/node_modules/micromark-extension-gfm-table': '/opt/data/home/omnidome-web/node_modules/.micromark-extension-gfm-table-lsdPe8w2',
382 silly reify   '/opt/data/home/omnidome-web/node_modules/micromark-extension-mdx-jsx': '/opt/data/home/omnidome-web/node_modules/.micromark-extension-mdx-jsx-8hhSV188',
382 silly reify   '/opt/data/home/omnidome-web/node_modules/minimist': '/opt/data/home/omnidome-web/node_modules/.minimist-IGfYUroP',
382 silly reify   '/opt/data/home/omnidome-web/node_modules/motion-dom': '/opt/data/home/omnidome-web/node_modules/.motion-dom-O4ex9Kjg',
382 silly reify   '/opt/data/home/omnidome-web/node_modules/nanoid': '/opt/data/home/omnidome-web/node_modules/.nanoid-Sw3djqpV',
382 silly reify   '/opt/data/home/omnidome-web/node_modules/napi-postinstall': '/opt/data/home/omnidome-web/node_modules/.napi-postinstall-tpWhjDUg',
382 silly reify   '/opt/data/home/omnidome-web/node_modules/object-inspect': '/opt/data/home/omnidome-web/node_modules/.object-inspect-wjmHXABc',
382 silly reify   '/opt/data/home/omnidome-web/node_modules/next': '/opt/data/home/omnidome-web/node_modules/.next-3gFgXRNs',
382 silly reify   '/opt/data/home/omnidome-web/node_modules/object.assign': '/opt/data/home/omnidome-web/node_modules/.object.assign-JNtTTfLV',
382 silly reify   '/opt/data/home/omnidome-web/node_modules/object.entries': '/opt/data/home/omnidome-web/node_modules/.object.entries-KNQya0fc',
382 silly reify   '/opt/data/home/omnidome-web/node_modules/object.groupby': '/opt/data/home/omnidome-web/node_modules/.object.groupby-v348uEVW',
382 silly reify   '/opt/data/home/omnidome-web/node_modules/object.fromentries': '/opt/data/home/omnidome-web/node_modules/.object.fromentries-ZpLJvQaT',
382 silly reify   '/opt/data/home/omnidome-web/node_modules/oniguruma-parser': '/opt/data/home/omnidome-web/node_modules/.oniguruma-parser-pLbjiYBH',
382 silly reify   '/opt/data/home/omnidome-web/node_modules/oniguruma-to-es': '/opt/data/home/omnidome-web/node_modules/.oniguruma-to-es-XyM1fxZz',
382 silly reify   '/opt/data/home/omnidome-web/node_modules/object.values': '/opt/data/home/omnidome-web/node_modules/.object.values-rae1ZGgb',
382 silly reify   '/opt/data/home/omnidome-web/node_modules/picomatch': '/opt/data/home/omnidome-web/node_modules/.picomatch-KpMOg7Or',
382 silly reify   '/opt/data/home/omnidome-web/node_modules/postcss-selector-parser': '/opt/data/home/omnidome-web/node_modules/.postcss-selector-parser-JnSoyYgE',
382 silly reify   '/opt/data/home/omnidome-web/node_modules/prelude-ls': '/opt/data/home/omnidome-web/node_modules/.prelude-ls-TtXe9Och',
382 silly reify   '/opt/data/home/omnidome-web/node_modules/prop-types': '/opt/data/home/omnidome-web/node_modules/.prop-types-GiVPuYBd',
382 silly reify   '/opt/data/home/omnidome-web/node_modules/property-information': '/opt/data/home/omnidome-web/node_modules/.property-information-GQLIAWcp',
382 silly reify   '/opt/data/home/omnidome-web/node_modules/postcss': '/opt/data/home/omnidome-web/node_modules/.postcss-HlN3lwTz',
382 silly reify   '/opt/data/home/omnidome-web/node_modules/react': '/opt/data/home/omnidome-web/node_modules/.react-GOcCnuTU',
382 silly reify   '/opt/data/home/omnidome-web/node_modules/react-dom': '/opt/data/home/omnidome-web/node_modules/.react-dom-TeDPDMaZ',
382 silly reify   '/opt/data/home/omnidome-web/node_modules/react-day-picker': '/opt/data/home/omnidome-web/node_modules/.react-day-picker-6qlc8MgN',
382 silly reify   '/opt/data/home/omnidome-web/node_modules/react-hook-form': '/opt/data/home/omnidome-web/node_modules/.react-hook-form-1nHij1WJ',
382 silly reify   '/opt/data/home/omnidome-web/node_modules/react-remove-scroll': '/opt/data/home/omnidome-web/node_modules/.react-remove-scroll-O3aQG3Ee',
382 silly reify   '/opt/data/home/omnidome-web/node_modules/react-remove-scroll-bar': '/opt/data/home/omnidome-web/node_modules/.react-remove-scroll-bar-rJvUlzXx',
382 silly reify   '/opt/data/home/omnidome-web/node_modules/react-resizable-panels': '/opt/data/home/omnidome-web/node_modules/.react-resizable-panels-Q9kHoGsa',
382 silly reify   '/opt/data/home/omnidome-web/node_modules/react-smooth': '/opt/data/home/omnidome-web/node_modules/.react-smooth-5nkN3VGn',
382 silly reify   '/opt/data/home/omnidome-web/node_modules/react-style-singleton': '/opt/data/home/omnidome-web/node_modules/.react-style-singleton-GYDe3wmw',
382 silly reify   '/opt/data/home/omnidome-web/node_modules/react-transition-group': '/opt/data/home/omnidome-web/node_modules/.react-transition-group-YT4OERKI',
382 silly reify   '/opt/data/home/omnidome-web/node_modules/recharts': '/opt/data/home/omnidome-web/node_modules/.recharts-5LVgngi4',
382 silly reify   '/opt/data/home/omnidome-web/node_modules/recharts-scale': '/opt/data/home/omnidome-web/node_modules/.recharts-scale-ayQjYH3Y',
382 silly reify   '/opt/data/home/omnidome-web/node_modules/reflect.getprototypeof': '/opt/data/home/omnidome-web/node_modules/.reflect.getprototypeof-aUeqatXi',
382 silly reify   '/opt/data/home/omnidome-web/node_modules/regex': '/opt/data/home/omnidome-web/node_modules/.regex-w2zJEHcg',
382 silly reify   '/opt/data/home/omnidome-web/node_modules/regexp.prototype.flags': '/opt/data/home/omnidome-web/node_modules/.regexp.prototype.flags-2OWlrUhV',
382 silly reify   '/opt/data/home/omnidome-web/node_modules/resolve': '/opt/data/home/omnidome-web/node_modules/.resolve-pcgJBbZl',
382 silly reify   '/opt/data/home/omnidome-web/node_modules/scheduler': '/opt/data/home/omnidome-web/node_modules/.scheduler-WvNGjTWJ',
382 silly reify   '/opt/data/home/omnidome-web/node_modules/semver': '/opt/data/home/omnidome-web/node_modules/.semver-VWAtCVjO',
382 silly reify   '/opt/data/home/omnidome-web/node_modules/sharp': '/opt/data/home/omnidome-web/node_modules/.sharp-eTCVPMxw',
382 silly reify   '/opt/data/home/omnidome-web/node_modules/math-intrinsics': '/opt/data/home/omnidome-web/node_modules/.math-intrinsics-vr3ix4Sf',
382 silly reify   '/opt/data/home/omnidome-web/node_modules/source-map': '/opt/data/home/omnidome-web/node_modules/.source-map-zoi6o5EX',
382 silly reify   '/opt/data/home/omnidome-web/node_modules/source-map-js': '/opt/data/home/omnidome-web/node_modules/.source-map-js-4MLhldlw',
382 silly reify   '/opt/data/home/omnidome-web/node_modules/string.prototype.includes': '/opt/data/home/omnidome-web/node_modules/.string.prototype.includes-YbI0F7V6',
382 silly reify   '/opt/data/home/omnidome-web/node_modules/string.prototype.matchall': '/opt/data/home/omnidome-web/node_modules/.string.prototype.matchall-2b2ZzvB1',
382 silly reify   '/opt/data/home/omnidome-web/node_modules/stringify-entities': '/opt/data/home/omnidome-web/node_modules/.stringify-entities-lPhl7tA7',
382 silly reify   '/opt/data/home/omnidome-web/node_modules/string.prototype.trimstart': '/opt/data/home/omnidome-web/node_modules/.string.prototype.trimstart-BXPDbGpw',
382 silly reify   '/opt/data/home/omnidome-web/node_modules/string.prototype.trim': '/opt/data/home/omnidome-web/node_modules/.string.prototype.trim-luEKhRwD',
382 silly reify   '/opt/data/home/omnidome-web/node_modules/string.prototype.trimend': '/opt/data/home/omnidome-web/node_modules/.string.prototype.trimend-iNzJlX1k',
382 silly reify   '/opt/data/home/omnidome-web/node_modules/styled-jsx': '/opt/data/home/omnidome-web/node_modules/.styled-jsx-wmnhniHr',
382 silly reify   '/opt/data/home/omnidome-web/node_modules/tailwind-merge': '/opt/data/home/omnidome-web/node_modules/.tailwind-merge-5NEy9rd6',
382 silly reify   '/opt/data/home/omnidome-web/node_modules/tailwindcss': '/opt/data/home/omnidome-web/node_modules/.tailwindcss-OrpIKiGP',
382 silly reify   '/opt/data/home/omnidome-web/node_modules/tiny-invariant': '/opt/data/home/omnidome-web/node_modules/.tiny-invariant-wIPSD6u1',
382 silly reify   '/opt/data/home/omnidome-web/node_modules/tapable': '/opt/data/home/omnidome-web/node_modules/.tapable-fHwOc9cI',
382 silly reify   '/opt/data/home/omnidome-web/node_modules/ts-api-utils': '/opt/data/home/omnidome-web/node_modules/.ts-api-utils-4LyYtNpH',
382 silly reify   '/opt/data/home/omnidome-web/node_modules/typescript': '/opt/data/home/omnidome-web/node_modules/.typescript-1E6y8gtf',
382 silly reify   '/opt/data/home/omnidome-web/node_modules/uri-js': '/opt/data/home/omnidome-web/node_modules/.uri-js-Bbr4m7zE',
382 silly reify   '/opt/data/home/omnidome-web/node_modules/use-callback-ref': '/opt/data/home/omnidome-web/node_modules/.use-callback-ref-moDWyKcH',
382 silly reify   '/opt/data/home/omnidome-web/node_modules/use-sidecar': '/opt/data/home/omnidome-web/node_modules/.use-sidecar-dalhRMvm',
382 silly reify   '/opt/data/home/omnidome-web/node_modules/use-sync-external-store': '/opt/data/home/omnidome-web/node_modules/.use-sync-external-store-mo84U8Xx',
382 silly reify   '/opt/data/home/omnidome-web/node_modules/vfile': '/opt/data/home/omnidome-web/node_modules/.vfile-KrcKwN82',
382 silly reify   '/opt/data/home/omnidome-web/node_modules/victory-vendor': '/opt/data/home/omnidome-web/node_modules/.victory-vendor-POvDny26',
382 silly reify   '/opt/data/home/omnidome-web/node_modules/ws': '/opt/data/home/omnidome-web/node_modules/.ws-ta9RSPd1',
382 silly reify   '/opt/data/home/omnidome-web/node_modules/zod': '/opt/data/home/omnidome-web/node_modules/.zod-sp8rlLjk',
382 silly reify   '/opt/data/home/omnidome-web/node_modules/@babel/compat-data': '/opt/data/home/omnidome-web/node_modules/@babel/.compat-data-qS44gqBT',
382 silly reify   '/opt/data/home/omnidome-web/node_modules/@babel/core': '/opt/data/home/omnidome-web/node_modules/@babel/.core-cyRHFlHN',
382 silly reify   '/opt/data/home/omnidome-web/node_modules/@babel/generator': '/opt/data/home/omnidome-web/node_modules/@babel/.generator-3NAlFUoI',
382 silly reify   '/opt/data/home/omnidome-web/node_modules/@babel/helper-module-transforms': '/opt/data/home/omnidome-web/node_modules/@babel/.helper-module-transforms-qTr0Xp7c',
382 silly reify   '/opt/data/home/omnidome-web/node_modules/@babel/helper-module-imports': '/opt/data/home/omnidome-web/node_modules/@babel/.helper-module-imports-wxBuu7ck',
382 silly reify   '/opt/data/home/omnidome-web/node_modules/@babel/helper-validator-identifier': '/opt/data/home/omnidome-web/node_modules/@babel/.helper-validator-identifier-mTHeIol3',
382 silly reify   '/opt/data/home/omnidome-web/node_modules/@babel/helper-compilation-targets': '/opt/data/home/omnidome-web/node_modules/@babel/.helper-compilation-targets-LktNxMaC',
382 silly reify   '/opt/data/home/omnidome-web/node_modules/@babel/helper-validator-option': '/opt/data/home/omnidome-web/node_modules/@babel/.helper-validator-option-ZVrxpdCQ',
382 silly reify   '/opt/data/home/omnidome-web/node_modules/@babel/helpers': '/opt/data/home/omnidome-web/node_modules/@babel/.helpers-lZ28b90d',
382 silly reify   '/opt/data/home/omnidome-web/node_modules/@babel/parser': '/opt/data/home/omnidome-web/node_modules/@babel/.parser-se38qdep',
382 silly reify   '/opt/data/home/omnidome-web/node_modules/@babel/runtime': '/opt/data/home/omnidome-web/node_modules/@babel/.runtime-pgJf3XUL',
382 silly reify   '/opt/data/home/omnidome-web/node_modules/@babel/template': '/opt/data/home/omnidome-web/node_modules/@babel/.template-OaRx8Dfp',
382 silly reify   '/opt/data/home/omnidome-web/node_modules/@babel/traverse': '/opt/data/home/omnidome-web/node_modules/@babel/.traverse-MjORef3T',
382 silly reify   '/opt/data/home/omnidome-web/node_modules/@babel/types': '/opt/data/home/omnidome-web/node_modules/@babel/.types-2Copf611',
382 silly reify   '/opt/data/home/omnidome-web/node_modules/@emnapi/runtime': '/opt/data/home/omnidome-web/node_modules/@emnapi/.runtime-nGWmXyQQ',
382 silly reify   '/opt/data/home/omnidome-web/node_modules/@emnapi/wasi-threads': '/opt/data/home/omnidome-web/node_modules/@emnapi/.wasi-threads-J6ZwqWDZ',
382 silly reify   '/opt/data/home/omnidome-web/node_modules/@beeper/desktop-api': '/opt/data/home/omnidome-web/node_modules/@beeper/.desktop-api-2gmATbDT',
382 silly reify   '/opt/data/home/omnidome-web/node_modules/@emnapi/core': '/opt/data/home/omnidome-web/node_modules/@emnapi/.core-eWCUtndc',
382 silly reify   '/opt/data/home/omnidome-web/node_modules/@esbuild/android-arm': '/opt/data/home/omnidome-web/node_modules/@esbuild/.android-arm-ORuZj0ot',
382 silly reify   '/opt/data/home/omnidome-web/node_modules/@date-fns/tz': '/opt/data/home/omnidome-web/node_modules/@date-fns/.tz-eloP9Xlt',
382 silly reify   '/opt/data/home/omnidome-web/node_modules/@esbuild/android-arm64': '/opt/data/home/omnidome-web/node_modules/@esbuild/.android-arm64-JZB6PRSE',
382 silly reify   '/opt/data/home/omnidome-web/node_modules/@esbuild/android-x64': '/opt/data/home/omnidome-web/node_modules/@esbuild/.android-x64-GYRCsLmU',
382 silly reify   '/opt/data/home/omnidome-web/node_modules/@esbuild/aix-ppc64': '/opt/data/home/omnidome-web/node_modules/@esbuild/.aix-ppc64-SZRMgyCd',
382 silly reify   '/opt/data/home/omnidome-web/node_modules/@esbuild/darwin-arm64': '/opt/data/home/omnidome-web/node_modules/@esbuild/.darwin-arm64-9hDgJaJW',
382 silly reify   '/opt/data/home/omnidome-web/node_modules/@esbuild/freebsd-arm64': '/opt/data/home/omnidome-web/node_modules/@esbuild/.freebsd-arm64-hKEPEGEa',
382 silly reify   '/opt/data/home/omnidome-web/node_modules/@esbuild/darwin-x64': '/opt/data/home/omnidome-web/node_modules/@esbuild/.darwin-x64-XVAKeX5l',
382 silly reify   '/opt/data/home/omnidome-web/node_modules/@esbuild/freebsd-x64': '/opt/data/home/omnidome-web/node_modules/@esbuild/.freebsd-x64-YunQYBNn',
382 silly reify   '/opt/data/home/omnidome-web/node_modules/@esbuild/linux-arm': '/opt/data/home/omnidome-web/node_modules/@esbuild/.linux-arm-jxxIfKi5',
382 silly reify   '/opt/data/home/omnidome-web/node_modules/@esbuild/linux-arm64': '/opt/data/home/omnidome-web/node_modules/@esbuild/.linux-arm64-CqaSSIPP',
382 silly reify   '/opt/data/home/omnidome-web/node_modules/@esbuild/linux-loong64': '/opt/data/home/omnidome-web/node_modules/@esbuild/.linux-loong64-gvAgTOER',
382 silly reify   '/opt/data/home/omnidome-web/node_modules/@esbuild/linux-ia32': '/opt/data/home/omnidome-web/node_modules/@esbuild/.linux-ia32-0xVmayRe',
382 silly reify   '/opt/data/home/omnidome-web/node_modules/@esbuild/linux-riscv64': '/opt/data/home/omnidome-web/node_modules/@esbuild/.linux-riscv64-Qf5QZ85m',
382 silly reify   '/opt/data/home/omnidome-web/node_modules/@esbuild/linux-ppc64': '/opt/data/home/omnidome-web/node_modules/@esbuild/.linux-ppc64-PtlCBmFd',
382 silly reify   '/opt/data/home/omnidome-web/node_modules/@esbuild/linux-mips64el': '/opt/data/home/omnidome-web/node_modules/@esbuild/.linux-mips64el-heX9dlIC',
382 silly reify   '/opt/data/home/omnidome-web/node_modules/@esbuild/linux-s390x': '/opt/data/home/omnidome-web/node_modules/@esbuild/.linux-s390x-6o54IXcF',
382 silly reify   '/opt/data/home/omnidome-web/node_modules/@esbuild/linux-x64': '/opt/data/home/omnidome-web/node_modules/@esbuild/.linux-x64-PpkjP1b8',
382 silly reify   '/opt/data/home/omnidome-web/node_modules/@esbuild/netbsd-arm64': '/opt/data/home/omnidome-web/node_modules/@esbuild/.netbsd-arm64-BhyT5Wrs',
382 silly reify   '/opt/data/home/omnidome-web/node_modules/@esbuild/netbsd-x64': '/opt/data/home/omnidome-web/node_modules/@esbuild/.netbsd-x64-QlFmGnQZ',
382 silly reify   '/opt/data/home/omnidome-web/node_modules/@esbuild/openbsd-x64': '/opt/data/home/omnidome-web/node_modules/@esbuild/.openbsd-x64-kSWgmZmQ',
382 silly reify   '/opt/data/home/omnidome-web/node_modules/@esbuild/openbsd-arm64': '/opt/data/home/omnidome-web/node_modules/@esbuild/.openbsd-arm64-e4DlBEbm',
382 silly reify   '/opt/data/home/omnidome-web/node_modules/@esbuild/openharmony-arm64': '/opt/data/home/omnidome-web/node_modules/@esbuild/.openharmony-arm64-h8axAieR',
382 silly reify   '/opt/data/home/omnidome-web/node_modules/@esbuild/sunos-x64': '/opt/data/home/omnidome-web/node_modules/@esbuild/.sunos-x64-yaL3bmFM',
382 silly reify   '/opt/data/home/omnidome-web/node_modules/@esbuild/win32-arm64': '/opt/data/home/omnidome-web/node_modules/@esbuild/.win32-arm64-tfxMa92o',
382 silly reify   '/opt/data/home/omnidome-web/node_modules/@esbuild/win32-ia32': '/opt/data/home/omnidome-web/node_modules/@esbuild/.win32-ia32-LiLzN6rR',
382 silly reify   '/opt/data/home/omnidome-web/node_modules/@esbuild/win32-x64': '/opt/data/home/omnidome-web/node_modules/@esbuild/.win32-x64-trRwc3Sb',
382 silly reify   '/opt/data/home/omnidome-web/node_modules/@eslint/config-helpers': '/opt/data/home/omnidome-web/node_modules/@eslint/.config-helpers-HEzkt3at',
382 silly reify   '/opt/data/home/omnidome-web/node_modules/@eslint/eslintrc': '/opt/data/home/omnidome-web/node_modules/@eslint/.eslintrc-vcKb3VYL',
382 silly reify   '/opt/data/home/omnidome-web/node_modules/@eslint/object-schema': '/opt/data/home/omnidome-web/node_modules/@eslint/.object-schema-81VrXB5w',
382 silly reify   '/opt/data/home/omnidome-web/node_modules/@eslint/plugin-kit': '/opt/data/home/omnidome-web/node_modules/@eslint/.plugin-kit-V712dK4x',
382 silly reify   '/opt/data/home/omnidome-web/node_modules/@eslint-community/eslint-utils': '/opt/data/home/omnidome-web/node_modules/@eslint-community/.eslint-utils-el2nOgzo',
382 silly reify   '/opt/data/home/omnidome-web/node_modules/@floating-ui/utils': '/opt/data/home/omnidome-web/node_modules/@floating-ui/.utils-uBFqLhHW',
382 silly reify   '/opt/data/home/omnidome-web/node_modules/@eslint-community/regexpp': '/opt/data/home/omnidome-web/node_modules/@eslint-community/.regexpp-jGAzg7Qc',
382 silly reify   '/opt/data/home/omnidome-web/node_modules/@formatjs/intl-localematcher': '/opt/data/home/omnidome-web/node_modules/@formatjs/.intl-localematcher-t5mQF5AM',
382 silly reify   '/opt/data/home/omnidome-web/node_modules/@eslint/config-array': '/opt/data/home/omnidome-web/node_modules/@eslint/.config-array-HUN6xICi',
382 silly reify   '/opt/data/home/omnidome-web/node_modules/@img/sharp-darwin-arm64': '/opt/data/home/omnidome-web/node_modules/@img/.sharp-darwin-arm64-9hnoj6M8',
382 silly reify   '/opt/data/home/omnidome-web/node_modules/@img/sharp-darwin-x64': '/opt/data/home/omnidome-web/node_modules/@img/.sharp-darwin-x64-DzXn2CBx',
382 silly reify   '/opt/data/home/omnidome-web/node_modules/@img/sharp-libvips-darwin-arm64': '/opt/data/home/omnidome-web/node_modules/@img/.sharp-libvips-darwin-arm64-aT5DjFhr',
382 silly reify   '/opt/data/home/omnidome-web/node_modules/@img/sharp-libvips-darwin-x64': '/opt/data/home/omnidome-web/node_modules/@img/.sharp-libvips-darwin-x64-28AEJgfP',
382 silly reify   '/opt/data/home/omnidome-web/node_modules/@img/sharp-libvips-linux-arm': '/opt/data/home/omnidome-web/node_modules/@img/.sharp-libvips-linux-arm-mIEtsAAp',
382 silly reify   '/opt/data/home/omnidome-web/node_modules/@img/sharp-libvips-linux-ppc64': '/opt/data/home/omnidome-web/node_modules/@img/.sharp-libvips-linux-ppc64-UMIWsiyl',
382 silly reify   '/opt/data/home/omnidome-web/node_modules/@img/sharp-libvips-linux-arm64': '/opt/data/home/omnidome-web/node_modules/@img/.sharp-libvips-linux-arm64-fnLa0grs',
382 silly reify   '/opt/data/home/omnidome-web/node_modules/@hookform/resolvers': '/opt/data/home/omnidome-web/node_modules/@hookform/.resolvers-0QmNYkY2',
382 silly reify   '/opt/data/home/omnidome-web/node_modules/@img/sharp-libvips-linux-riscv64': '/opt/data/home/omnidome-web/node_modules/@img/.sharp-libvips-linux-riscv64-PvwwLBMy',
382 silly reify   '/opt/data/home/omnidome-web/node_modules/@img/sharp-libvips-linuxmusl-arm64': '/opt/data/home/omnidome-web/node_modules/@img/.sharp-libvips-linuxmusl-arm64-WapdgUa6',
382 silly reify   '/opt/data/home/omnidome-web/node_modules/@img/sharp-libvips-linux-s390x': '/opt/data/home/omnidome-web/node_modules/@img/.sharp-libvips-linux-s390x-YHkHinlp',
382 silly reify   '/opt/data/home/omnidome-web/node_modules/@img/sharp-libvips-linuxmusl-x64': '/opt/data/home/omnidome-web/node_modules/@img/.sharp-libvips-linuxmusl-x64-GvcmjPR2',
382 silly reify   '/opt/data/home/omnidome-web/node_modules/@img/sharp-libvips-linux-x64': '/opt/data/home/omnidome-web/node_modules/@img/.sharp-libvips-linux-x64-xc1Am9LC',
382 silly reify   '/opt/data/home/omnidome-web/node_modules/@img/sharp-linux-arm': '/opt/data/home/omnidome-web/node_modules/@img/.sharp-linux-arm-p0b274JE',
382 silly reify   '/opt/data/home/omnidome-web/node_modules/@img/sharp-linux-arm64': '/opt/data/home/omnidome-web/node_modules/@img/.sharp-linux-arm64-9iVFsRFD',
382 silly reify   '/opt/data/home/omnidome-web/node_modules/@img/sharp-linux-ppc64': '/opt/data/home/omnidome-web/node_modules/@img/.sharp-linux-ppc64-zw2COu9U',
382 silly reify   '/opt/data/home/omnidome-web/node_modules/@img/sharp-linux-s390x': '/opt/data/home/omnidome-web/node_modules/@img/.sharp-linux-s390x-ilntozo6',
382 silly reify   '/opt/data/home/omnidome-web/node_modules/@img/sharp-linuxmusl-arm64': '/opt/data/home/omnidome-web/node_modules/@img/.sharp-linuxmusl-arm64-bkqaQlWu',
382 silly reify   '/opt/data/home/omnidome-web/node_modules/@img/sharp-linux-riscv64': '/opt/data/home/omnidome-web/node_modules/@img/.sharp-linux-riscv64-5NzVTdBR',
382 silly reify   '/opt/data/home/omnidome-web/node_modules/@img/sharp-wasm32': '/opt/data/home/omnidome-web/node_modules/@img/.sharp-wasm32-vb3wRpuq',
382 silly reify   '/opt/data/home/omnidome-web/node_modules/@img/sharp-win32-arm64': '/opt/data/home/omnidome-web/node_modules/@img/.sharp-win32-arm64-ZiXfWw39',
382 silly reify   '/opt/data/home/omnidome-web/node_modules/@img/sharp-win32-ia32': '/opt/data/home/omnidome-web/node_modules/@img/.sharp-win32-ia32-nn4ELBD6',
382 silly reify   '/opt/data/home/omnidome-web/node_modules/@img/sharp-win32-x64': '/opt/data/home/omnidome-web/node_modules/@img/.sharp-win32-x64-yUs9Zdgc',
382 silly reify   '/opt/data/home/omnidome-web/node_modules/@jridgewell/remapping': '/opt/data/home/omnidome-web/node_modules/@jridgewell/.remapping-BtqDzbQv',
382 silly reify   '/opt/data/home/omnidome-web/node_modules/@jridgewell/sourcemap-codec': '/opt/data/home/omnidome-web/node_modules/@jridgewell/.sourcemap-codec-wW8t2cml',
382 silly reify   '/opt/data/home/omnidome-web/node_modules/@jridgewell/trace-mapping': '/opt/data/home/omnidome-web/node_modules/@jridgewell/.trace-mapping-2itSohFu',
382 silly reify   '/opt/data/home/omnidome-web/node_modules/@mdx-js/mdx': '/opt/data/home/omnidome-web/node_modules/@mdx-js/.mdx-8aEHbNNV',
382 silly reify   '/opt/data/home/omnidome-web/node_modules/@next/eslint-plugin-next': '/opt/data/home/omnidome-web/node_modules/@next/.eslint-plugin-next-pOQxqu4h',
382 silly reify   '/opt/data/home/omnidome-web/node_modules/@next/swc-darwin-arm64': '/opt/data/home/omnidome-web/node_modules/@next/.swc-darwin-arm64-jqyeVluG',
382 silly reify   '/opt/data/home/omnidome-web/node_modules/@napi-rs/wasm-runtime': '/opt/data/home/omnidome-web/node_modules/@napi-rs/.wasm-runtime-MG21Mi7g',
382 silly reify   '/opt/data/home/omnidome-web/node_modules/@next/swc-darwin-x64': '/opt/data/home/omnidome-web/node_modules/@next/.swc-darwin-x64-4obiryvH',
382 silly reify   '/opt/data/home/omnidome-web/node_modules/@next/swc-win32-arm64-msvc': '/opt/data/home/omnidome-web/node_modules/@next/.swc-win32-arm64-msvc-xkVgkXm1',
382 silly reify   '/opt/data/home/omnidome-web/node_modules/@next/swc-win32-x64-msvc': '/opt/data/home/omnidome-web/node_modules/@next/.swc-win32-x64-msvc-6CsO1zud',
382 silly reify   '/opt/data/home/omnidome-web/node_modules/@nodelib/fs.stat': '/opt/data/home/omnidome-web/node_modules/@nodelib/.fs.stat-XzXyPuZH',
382 silly reify   '/opt/data/home/omnidome-web/node_modules/@nodelib/fs.walk': '/opt/data/home/omnidome-web/node_modules/@nodelib/.fs.walk-hKGoX9L2',
382 silly reify   '/opt/data/home/omnidome-web/node_modules/@nodelib/fs.scandir': '/opt/data/home/omnidome-web/node_modules/@nodelib/.fs.scandir-co0rmQQ8',
382 silly reify   '/opt/data/home/omnidome-web/node_modules/@radix-ui/primitive': '/opt/data/home/omnidome-web/node_modules/@radix-ui/.primitive-altrFXzC',
382 silly reify   '/opt/data/home/omnidome-web/node_modules/@radix-ui/react-accordion': '/opt/data/home/omnidome-web/node_modules/@radix-ui/.react-accordion-u3bfwPVK',
382 silly reify   '/opt/data/home/omnidome-web/node_modules/@orama/orama': '/opt/data/home/omnidome-web/node_modules/@orama/.orama-AC6KpBI4',
382 silly reify   '/opt/data/home/omnidome-web/node_modules/@radix-ui/react-arrow': '/opt/data/home/omnidome-web/node_modules/@radix-ui/.react-arrow-cw46dJK2',
382 silly reify   '/opt/data/home/omnidome-web/node_modules/@radix-ui/react-alert-dialog': '/opt/data/home/omnidome-web/node_modules/@radix-ui/.react-alert-dialog-luhOQva7',
382 silly reify   '/opt/data/home/omnidome-web/node_modules/@radix-ui/react-aspect-ratio': '/opt/data/home/omnidome-web/node_modules/@radix-ui/.react-aspect-ratio-yJ0GKMG0',
382 silly reify   '/opt/data/home/omnidome-web/node_modules/@radix-ui/react-avatar': '/opt/data/home/omnidome-web/node_modules/@radix-ui/.react-avatar-0xBoNvG3',
382 silly reify   '/opt/data/home/omnidome-web/node_modules/@radix-ui/react-checkbox': '/opt/data/home/omnidome-web/node_modules/@radix-ui/.react-checkbox-w0KVAiP4',
382 silly reify   '/opt/data/home/omnidome-web/node_modules/@radix-ui/react-collapsible': '/opt/data/home/omnidome-web/node_modules/@radix-ui/.react-collapsible-eC7Gflqv',
382 silly reify   '/opt/data/home/omnidome-web/node_modules/@radix-ui/react-collection': '/opt/data/home/omnidome-web/node_modules/@radix-ui/.react-collection-EC016bwR',
382 silly reify   '/opt/data/home/omnidome-web/node_modules/@radix-ui/react-compose-refs': '/opt/data/home/omnidome-web/node_modules/@radix-ui/.react-compose-refs-RUMQ2JB9',
382 silly reify   '/opt/data/home/omnidome-web/node_modules/@radix-ui/react-context': '/opt/data/home/omnidome-web/node_modules/@radix-ui/.react-context-0HHNkHtI',
382 silly reify   '/opt/data/home/omnidome-web/node_modules/@radix-ui/react-context-menu': '/opt/data/home/omnidome-web/node_modules/@radix-ui/.react-context-menu-wFKMPcLD',
382 silly reify   '/opt/data/home/omnidome-web/node_modules/@radix-ui/number': '/opt/data/home/omnidome-web/node_modules/@radix-ui/.number-l8YOJYyL',
382 silly reify   '/opt/data/home/omnidome-web/node_modules/@radix-ui/react-dialog': '/opt/data/home/omnidome-web/node_modules/@radix-ui/.react-dialog-gckb1lgB',
382 silly reify   '/opt/data/home/omnidome-web/node_modules/@radix-ui/react-direction': '/opt/data/home/omnidome-web/node_modules/@radix-ui/.react-direction-zfWUzo4j',
382 silly reify   '/opt/data/home/omnidome-web/node_modules/@radix-ui/react-dropdown-menu': '/opt/data/home/omnidome-web/node_modules/@radix-ui/.react-dropdown-menu-015X1q6j',
382 silly reify   '/opt/data/home/omnidome-web/node_modules/@radix-ui/react-dismissable-layer': '/opt/data/home/omnidome-web/node_modules/@radix-ui/.react-dismissable-layer-42njcZol',
382 silly reify   '/opt/data/home/omnidome-web/node_modules/@radix-ui/react-focus-scope': '/opt/data/home/omnidome-web/node_modules/@radix-ui/.react-focus-scope-5ZwccGnS',
382 silly reify   '/opt/data/home/omnidome-web/node_modules/@radix-ui/react-hover-card': '/opt/data/home/omnidome-web/node_modules/@radix-ui/.react-hover-card-khcFEV6g',
382 silly reify   '/opt/data/home/omnidome-web/node_modules/@radix-ui/react-icons': '/opt/data/home/omnidome-web/node_modules/@radix-ui/.react-icons-uUeZbpaB',
382 silly reify   '/opt/data/home/omnidome-web/node_modules/@radix-ui/react-focus-guards': '/opt/data/home/omnidome-web/node_modules/@radix-ui/.react-focus-guards-9kDZrKIu',
382 silly reify   '/opt/data/home/omnidome-web/node_modules/@radix-ui/react-id': '/opt/data/home/omnidome-web/node_modules/@radix-ui/.react-id-pVnjUnpG',
382 silly reify   '/opt/data/home/omnidome-web/node_modules/@radix-ui/react-label': '/opt/data/home/omnidome-web/node_modules/@radix-ui/.react-label-Pw0fMaQ6',
382 silly reify   '/opt/data/home/omnidome-web/node_modules/@radix-ui/react-menu': '/opt/data/home/omnidome-web/node_modules/@radix-ui/.react-menu-78Tmq0JF',
382 silly reify   '/opt/data/home/omnidome-web/node_modules/@radix-ui/react-navigation-menu': '/opt/data/home/omnidome-web/node_modules/@radix-ui/.react-navigation-menu-yVNUOYq2',
382 silly reify   '/opt/data/home/omnidome-web/node_modules/@radix-ui/react-popover': '/opt/data/home/omnidome-web/node_modules/@radix-ui/.react-popover-juxwFvfb',
382 silly reify   '/opt/data/home/omnidome-web/node_modules/@radix-ui/react-menubar': '/opt/data/home/omnidome-web/node_modules/@radix-ui/.react-menubar-ejggVd6z',
382 silly reify   '/opt/data/home/omnidome-web/node_modules/@radix-ui/react-presence': '/opt/data/home/omnidome-web/node_modules/@radix-ui/.react-presence-Clq48k9q',
382 silly reify   '/opt/data/home/omnidome-web/node_modules/@radix-ui/react-popper': '/opt/data/home/omnidome-web/node_modules/@radix-ui/.react-popper-3kCdDh04',
382 silly reify   '/opt/data/home/omnidome-web/node_modules/@radix-ui/react-portal': '/opt/data/home/omnidome-web/node_modules/@radix-ui/.react-portal-OxEgprZk',
382 silly reify   '/opt/data/home/omnidome-web/node_modules/@radix-ui/react-primitive': '/opt/data/home/omnidome-web/node_modules/@radix-ui/.react-primitive-CTQFs2di',
382 silly reify   '/opt/data/home/omnidome-web/node_modules/@radix-ui/react-progress': '/opt/data/home/omnidome-web/node_modules/@radix-ui/.react-progress-SCxXQ9nW',
382 silly reify   '/opt/data/home/omnidome-web/node_modules/@radix-ui/react-radio-group': '/opt/data/home/omnidome-web/node_modules/@radix-ui/.react-radio-group-zZQRdl4L',
382 silly reify   '/opt/data/home/omnidome-web/node_modules/@radix-ui/react-roving-focus': '/opt/data/home/omnidome-web/node_modules/@radix-ui/.react-roving-focus-liX0RUKn',
382 silly reify   '/opt/data/home/omnidome-web/node_modules/@radix-ui/react-select': '/opt/data/home/omnidome-web/node_modules/@radix-ui/.react-select-pMBP27DJ',
382 silly reify   '/opt/data/home/omnidome-web/node_modules/@radix-ui/react-separator': '/opt/data/home/omnidome-web/node_modules/@radix-ui/.react-separator-T3IR8e5Q',
382 silly reify   '/opt/data/home/omnidome-web/node_modules/@radix-ui/react-scroll-area': '/opt/data/home/omnidome-web/node_modules/@radix-ui/.react-scroll-area-9iPwryBv',
382 silly reify   '/opt/data/home/omnidome-web/node_modules/@radix-ui/react-slot': '/opt/data/home/omnidome-web/node_modules/@radix-ui/.react-slot-X4kAYUuV',
382 silly reify   '/opt/data/home/omnidome-web/node_modules/@radix-ui/react-slider': '/opt/data/home/omnidome-web/node_modules/@radix-ui/.react-slider-y74c2P2I',
382 silly reify   '/opt/data/home/omnidome-web/node_modules/@radix-ui/react-switch': '/opt/data/home/omnidome-web/node_modules/@radix-ui/.react-switch-vsbUHUWM',
382 silly reify   '/opt/data/home/omnidome-web/node_modules/@radix-ui/react-tabs': '/opt/data/home/omnidome-web/node_modules/@radix-ui/.react-tabs-HbyJY64V',
382 silly reify   '/opt/data/home/omnidome-web/node_modules/@radix-ui/react-toast': '/opt/data/home/omnidome-web/node_modules/@radix-ui/.react-toast-v746vMPM',
382 silly reify   '/opt/data/home/omnidome-web/node_modules/@radix-ui/react-toggle-group': '/opt/data/home/omnidome-web/node_modules/@radix-ui/.react-toggle-group-Ov3Q4VIk',
382 silly reify   '/opt/data/home/omnidome-web/node_modules/@radix-ui/react-toggle': '/opt/data/home/omnidome-web/node_modules/@radix-ui/.react-toggle-AECa7txp',
382 silly reify   '/opt/data/home/omnidome-web/node_modules/@radix-ui/react-tooltip': '/opt/data/home/omnidome-web/node_modules/@radix-ui/.react-tooltip-RbbdiGxC',
382 silly reify   '/opt/data/home/omnidome-web/node_modules/@radix-ui/react-use-callback-ref': '/opt/data/home/omnidome-web/node_modules/@radix-ui/.react-use-callback-ref-gxF1vsTw',
382 silly reify   '/opt/data/home/omnidome-web/node_modules/@radix-ui/react-use-controllable-state': '/opt/data/home/omnidome-web/node_modules/@radix-ui/.react-use-controllable-state-ALwgJotC',
382 silly reify   '/opt/data/home/omnidome-web/node_modules/@radix-ui/react-use-escape-keydown': '/opt/data/home/omnidome-web/node_modules/@radix-ui/.react-use-escape-keydown-zM3T1rPS',
382 silly reify   '/opt/data/home/omnidome-web/node_modules/@radix-ui/react-use-layout-effect': '/opt/data/home/omnidome-web/node_modules/@radix-ui/.react-use-layout-effect-0IBJlDQl',
382 silly reify   '/opt/data/home/omnidome-web/node_modules/@radix-ui/react-use-previous': '/opt/data/home/omnidome-web/node_modules/@radix-ui/.react-use-previous-VApbYDVE',
382 silly reify   '/opt/data/home/omnidome-web/node_modules/@radix-ui/react-use-rect': '/opt/data/home/omnidome-web/node_modules/@radix-ui/.react-use-rect-Z7l92KTN',
382 silly reify   '/opt/data/home/omnidome-web/node_modules/@radix-ui/react-visually-hidden': '/opt/data/home/omnidome-web/node_modules/@radix-ui/.react-visually-hidden-0kl1jDg5',
382 silly reify   '/opt/data/home/omnidome-web/node_modules/@radix-ui/react-use-size': '/opt/data/home/omnidome-web/node_modules/@radix-ui/.react-use-size-yaGS6cKa',
382 silly reify   '/opt/data/home/omnidome-web/node_modules/@radix-ui/rect': '/opt/data/home/omnidome-web/node_modules/@radix-ui/.rect-hyYf62rF',
382 silly reify   '/opt/data/home/omnidome-web/node_modules/@supabase/realtime-js': '/opt/data/home/omnidome-web/node_modules/@supabase/.realtime-js-ik4WFz2g',
382 silly reify   '/opt/data/home/omnidome-web/node_modules/@supabase/postgrest-js': '/opt/data/home/omnidome-web/node_modules/@supabase/.postgrest-js-SbYvzSd8',
382 silly reify   '/opt/data/home/omnidome-web/node_modules/@supabase/functions-js': '/opt/data/home/omnidome-web/node_modules/@supabase/.functions-js-0vLr8hhx',
382 silly reify   '/opt/data/home/omnidome-web/node_modules/@supabase/storage-js': '/opt/data/home/omnidome-web/node_modules/@supabase/.storage-js-aswggVlt',
382 silly reify   '/opt/data/home/omnidome-web/node_modules/@supabase/supabase-js': '/opt/data/home/omnidome-web/node_modules/@supabase/.supabase-js-xK9XrO8l',
382 silly reify   '/opt/data/home/omnidome-web/node_modules/@supabase/auth-js': '/opt/data/home/omnidome-web/node_modules/@supabase/.auth-js-tihDXvdX',
382 silly reify   '/opt/data/home/omnidome-web/node_modules/@tailwindcss/oxide-android-arm64': '/opt/data/home/omnidome-web/node_modules/@tailwindcss/.oxide-android-arm64-TY2BuLDq',
382 silly reify   '/opt/data/home/omnidome-web/node_modules/@tailwindcss/oxide-darwin-arm64': '/opt/data/home/omnidome-web/node_modules/@tailwindcss/.oxide-darwin-arm64-xi5fQRRK',
382 silly reify   '/opt/data/home/omnidome-web/node_modules/@tailwindcss/oxide-darwin-x64': '/opt/data/home/omnidome-web/node_modules/@tailwindcss/.oxide-darwin-x64-6qNUUh1v',
382 silly reify   '/opt/data/home/omnidome-web/node_modules/@swc/helpers': '/opt/data/home/omnidome-web/node_modules/@swc/.helpers-x0K61nYG',
382 silly reify   '/opt/data/home/omnidome-web/node_modules/@tailwindcss/oxide-freebsd-x64': '/opt/data/home/omnidome-web/node_modules/@tailwindcss/.oxide-freebsd-x64-RI4DeSfm',
382 silly reify   '/opt/data/home/omnidome-web/node_modules/@tailwindcss/oxide-linux-arm-gnueabihf': '/opt/data/home/omnidome-web/node_modules/@tailwindcss/.oxide-linux-arm-gnueabihf-osdnpEp5',
382 silly reify   '/opt/data/home/omnidome-web/node_modules/@tailwindcss/oxide-linux-arm64-gnu': '/opt/data/home/omnidome-web/node_modules/@tailwindcss/.oxide-linux-arm64-gnu-m071EZmS',
382 silly reify   '/opt/data/home/omnidome-web/node_modules/@tailwindcss/oxide-linux-arm64-musl': '/opt/data/home/omnidome-web/node_modules/@tailwindcss/.oxide-linux-arm64-musl-NPfouUSP',
382 silly reify   '/opt/data/home/omnidome-web/node_modules/@tailwindcss/oxide-wasm32-wasi': '/opt/data/home/omnidome-web/node_modules/@tailwindcss/.oxide-wasm32-wasi-LJRxq5FR',
382 silly reify   '/opt/data/home/omnidome-web/node_modules/@tailwindcss/oxide-win32-arm64-msvc': '/opt/data/home/omnidome-web/node_modules/@tailwindcss/.oxide-win32-arm64-msvc-y0Drr5Yj',
382 silly reify   '/opt/data/home/omnidome-web/node_modules/@tailwindcss/oxide-win32-x64-msvc': '/opt/data/home/omnidome-web/node_modules/@tailwindcss/.oxide-win32-x64-msvc-altnIDxe',
382 silly reify   '/opt/data/home/omnidome-web/node_modules/@tailwindcss/typography': '/opt/data/home/omnidome-web/node_modules/@tailwindcss/.typography-WX2KhPXl',
382 silly reify   '/opt/data/home/omnidome-web/node_modules/@tybys/wasm-util': '/opt/data/home/omnidome-web/node_modules/@tybys/.wasm-util-DPKLlMcO',
382 silly reify   '/opt/data/home/omnidome-web/node_modules/@types/node': '/opt/data/home/omnidome-web/node_modules/@types/.node-Q9ghztvK',
382 silly reify   '/opt/data/home/omnidome-web/node_modules/@types/react': '/opt/data/home/omnidome-web/node_modules/@types/.react-Y50AVqZp',
382 silly reify   '/opt/data/home/omnidome-web/node_modules/@typescript-eslint/scope-manager': '/opt/data/home/omnidome-web/node_modules/@typescript-eslint/.scope-manager-Hu0M8UXN',
382 silly reify   '/opt/data/home/omnidome-web/node_modules/@typescript-eslint/type-utils': '/opt/data/home/omnidome-web/node_modules/@typescript-eslint/.type-utils-RJ86fFAw',
382 silly reify   '/opt/data/home/omnidome-web/node_modules/@typescript-eslint/eslint-plugin': '/opt/data/home/omnidome-web/node_modules/@typescript-eslint/.eslint-plugin-18Nzibt8',
382 silly reify   '/opt/data/home/omnidome-web/node_modules/@typescript-eslint/utils': '/opt/data/home/omnidome-web/node_modules/@typescript-eslint/.utils-ONzpd4CH',
382 silly reify   '/opt/data/home/omnidome-web/node_modules/@ungap/structured-clone': '/opt/data/home/omnidome-web/node_modules/@ungap/.structured-clone-fC0bqDZe',
382 silly reify   '/opt/data/home/omnidome-web/node_modules/@typescript-eslint/typescript-estree': '/opt/data/home/omnidome-web/node_modules/@typescript-eslint/.typescript-estree-u5jIFxs8',
382 silly reify   '/opt/data/home/omnidome-web/node_modules/@unrs/resolver-binding-android-arm64': '/opt/data/home/omnidome-web/node_modules/@unrs/.resolver-binding-android-arm64-bD4BjW64',
382 silly reify   '/opt/data/home/omnidome-web/node_modules/@unrs/resolver-binding-android-arm-eabi': '/opt/data/home/omnidome-web/node_modules/@unrs/.resolver-binding-android-arm-eabi-6LfTIpl3',
382 silly reify   '/opt/data/home/omnidome-web/node_modules/@unrs/resolver-binding-darwin-arm64': '/opt/data/home/omnidome-web/node_modules/@unrs/.resolver-binding-darwin-arm64-TR3DQob7',
382 silly reify   '/opt/data/home/omnidome-web/node_modules/@unrs/resolver-binding-darwin-x64': '/opt/data/home/omnidome-web/node_modules/@unrs/.resolver-binding-darwin-x64-un5W0MTE',
382 silly reify   '/opt/data/home/omnidome-web/node_modules/@unrs/resolver-binding-linux-arm-musleabihf': '/opt/data/home/omnidome-web/node_modules/@unrs/.resolver-binding-linux-arm-musleabihf-pJ0wIeX0',
382 silly reify   '/opt/data/home/omnidome-web/node_modules/@unrs/resolver-binding-freebsd-x64': '/opt/data/home/omnidome-web/node_modules/@unrs/.resolver-binding-freebsd-x64-QcE5Qvm2',
382 silly reify   '/opt/data/home/omnidome-web/node_modules/@unrs/resolver-binding-linux-arm64-gnu': '/opt/data/home/omnidome-web/node_modules/@unrs/.resolver-binding-linux-arm64-gnu-a8KczHzj',
382 silly reify   '/opt/data/home/omnidome-web/node_modules/@unrs/resolver-binding-linux-arm-gnueabihf': '/opt/data/home/omnidome-web/node_modules/@unrs/.resolver-binding-linux-arm-gnueabihf-pQPrg25B',
382 silly reify   '/opt/data/home/omnidome-web/node_modules/@unrs/resolver-binding-linux-arm64-musl': '/opt/data/home/omnidome-web/node_modules/@unrs/.resolver-binding-linux-arm64-musl-pC2qIgG7',
382 silly reify   '/opt/data/home/omnidome-web/node_modules/@unrs/resolver-binding-linux-riscv64-gnu': '/opt/data/home/omnidome-web/node_modules/@unrs/.resolver-binding-linux-riscv64-gnu-D3BdM6EW',
382 silly reify   '/opt/data/home/omnidome-web/node_modules/@unrs/resolver-binding-linux-ppc64-gnu': '/opt/data/home/omnidome-web/node_modules/@unrs/.resolver-binding-linux-ppc64-gnu-nngQri8m',
382 silly reify   '/opt/data/home/omnidome-web/node_modules/@unrs/resolver-binding-linux-s390x-gnu': '/opt/data/home/omnidome-web/node_modules/@unrs/.resolver-binding-linux-s390x-gnu-7pGnMPIM',
382 silly reify   '/opt/data/home/omnidome-web/node_modules/@unrs/resolver-binding-linux-riscv64-musl': '/opt/data/home/omnidome-web/node_modules/@unrs/.resolver-binding-linux-riscv64-musl-nC6IeA2D',
382 silly reify   '/opt/data/home/omnidome-web/node_modules/@unrs/resolver-binding-wasm32-wasi': '/opt/data/home/omnidome-web/node_modules/@unrs/.resolver-binding-wasm32-wasi-p7gqY13R',
382 silly reify   '/opt/data/home/omnidome-web/node_modules/@unrs/resolver-binding-win32-ia32-msvc': '/opt/data/home/omnidome-web/node_modules/@unrs/.resolver-binding-win32-ia32-msvc-J7ztwX3R',
382 silly reify   '/opt/data/home/omnidome-web/node_modules/@unrs/resolver-binding-win32-arm64-msvc': '/opt/data/home/omnidome-web/node_modules/@unrs/.resolver-binding-win32-arm64-msvc-WPvCTJfO',
382 silly reify   '/opt/data/home/omnidome-web/node_modules/@unrs/resolver-binding-win32-x64-msvc': '/opt/data/home/omnidome-web/node_modules/@unrs/.resolver-binding-win32-x64-msvc-hyJkLZB6',
382 silly reify   '/opt/data/home/omnidome-web/node_modules/@next/swc-linux-arm64-gnu': '/opt/data/home/omnidome-web/node_modules/@next/.swc-linux-arm64-gnu-1xdC8mhy',
382 silly reify   '/opt/data/home/omnidome-web/node_modules/@next/swc-linux-arm64-musl': '/opt/data/home/omnidome-web/node_modules/@next/.swc-linux-arm64-musl-pD0LHawI',
382 silly reify   '/opt/data/home/omnidome-web/node_modules/@vercel/analytics': '/opt/data/home/omnidome-web/node_modules/@vercel/.analytics-4K3pTOql',
382 silly reify   '/opt/data/home/omnidome-web/node_modules/astring': '/opt/data/home/omnidome-web/node_modules/.astring-TigbHRJq',
382 silly reify   '/opt/data/home/omnidome-web/node_modules/.bin/astring': '/opt/data/home/omnidome-web/node_modules/.bin/.astring-SriPkpDJ',
382 silly reify   '/opt/data/home/omnidome-web/node_modules/browserslist': '/opt/data/home/omnidome-web/node_modules/.browserslist-QFCFZZmR',
382 silly reify   '/opt/data/home/omnidome-web/node_modules/.bin/browserslist': '/opt/data/home/omnidome-web/node_modules/.bin/.browserslist-rAj6oXIj',
382 silly reify   '/opt/data/home/omnidome-web/node_modules/cssesc': '/opt/data/home/omnidome-web/node_modules/.cssesc-626oolu7',
382 silly reify   '/opt/data/home/omnidome-web/node_modules/.bin/cssesc': '/opt/data/home/omnidome-web/node_modules/.bin/.cssesc-srIE2hDd',
382 silly reify   '/opt/data/home/omnidome-web/node_modules/eslint-config-next/node_modules/globals': '/opt/data/home/omnidome-web/node_modules/eslint-config-next/node_modules/.globals-kvx9qInF',
382 silly reify   '/opt/data/home/omnidome-web/node_modules/eslint-import-resolver-node/node_modules/debug': '/opt/data/home/omnidome-web/node_modules/eslint-import-resolver-node/node_modules/.debug-VhIrcdDD',
382 silly reify   '/opt/data/home/omnidome-web/node_modules/esbuild': '/opt/data/home/omnidome-web/node_modules/.esbuild-OoAsoZfr',
382 silly reify   '/opt/data/home/omnidome-web/node_modules/.bin/esbuild': '/opt/data/home/omnidome-web/node_modules/.bin/.esbuild-XQuqpo11',
382 silly reify   '/opt/data/home/omnidome-web/node_modules/eslint-module-utils/node_modules/debug': '/opt/data/home/omnidome-web/node_modules/eslint-module-utils/node_modules/.debug-6o5epKDj',
382 silly reify   '/opt/data/home/omnidome-web/node_modules/jsesc': '/opt/data/home/omnidome-web/node_modules/.jsesc-Z6qyoU88',
382 silly reify   '/opt/data/home/omnidome-web/node_modules/.bin/jsesc': '/opt/data/home/omnidome-web/node_modules/.bin/.jsesc-UU8YKFyz',
382 silly reify   '/opt/data/home/omnidome-web/node_modules/loose-envify': '/opt/data/home/omnidome-web/node_modules/.loose-envify-x8fRlZZM',
382 silly reify   '/opt/data/home/omnidome-web/node_modules/.bin/loose-envify': '/opt/data/home/omnidome-web/node_modules/.bin/.loose-envify-FA5NhK9d',
382 silly reify   '/opt/data/home/omnidome-web/node_modules/micromark-extension-gfm-task-list-item': '/opt/data/home/omnidome-web/node_modules/.micromark-extension-gfm-task-list-item-GpgLzhkq',
382 silly reify   '/opt/data/home/omnidome-web/node_modules/micromark-util-events-to-acorn': '/opt/data/home/omnidome-web/node_modules/.micromark-util-events-to-acorn-4NR0KDHo',
382 silly reify   '/opt/data/home/omnidome-web/node_modules/micromatch/node_modules/picomatch': '/opt/data/home/omnidome-web/node_modules/micromatch/node_modules/.picomatch-39EkqQde',
382 silly reify   '/opt/data/home/omnidome-web/node_modules/minimatch/node_modules/brace-expansion': '/opt/data/home/omnidome-web/node_modules/minimatch/node_modules/.brace-expansion-GsbpnGUo',
382 silly reify   '/opt/data/home/omnidome-web/node_modules/tsconfig-paths/node_modules/json5': '/opt/data/home/omnidome-web/node_modules/tsconfig-paths/node_modules/.json5-IRF5Gkhq',
382 silly reify   '/opt/data/home/omnidome-web/node_modules/update-browserslist-db': '/opt/data/home/omnidome-web/node_modules/.update-browserslist-db-3CRv2Naw',
382 silly reify   '/opt/data/home/omnidome-web/node_modules/.bin/update-browserslist-db': '/opt/data/home/omnidome-web/node_modules/.bin/.update-browserslist-db-xQup8WjI',
382 silly reify   '/opt/data/home/omnidome-web/node_modules/which': '/opt/data/home/omnidome-web/node_modules/.which-kZo2fy56',
382 silly reify   '/opt/data/home/omnidome-web/node_modules/.bin/node-which': '/opt/data/home/omnidome-web/node_modules/.bin/.node-which-iJYy4sjy',
382 silly reify   '/opt/data/home/omnidome-web/node_modules/@img/sharp-linux-x64': '/opt/data/home/omnidome-web/node_modules/@img/.sharp-linux-x64-wyCyhIF0',
382 silly reify   '/opt/data/home/omnidome-web/node_modules/@img/sharp-linuxmusl-x64': '/opt/data/home/omnidome-web/node_modules/@img/.sharp-linuxmusl-x64-KsI3BMQD',
382 silly reify   '/opt/data/home/omnidome-web/node_modules/@humanwhocodes/retry': '/opt/data/home/omnidome-web/node_modules/@humanwhocodes/.retry-MEIrxhAN',
382 silly reify   '/opt/data/home/omnidome-web/node_modules/@radix-ui/react-use-effect-event/node_modules/@radix-ui/react-use-layout-effect': '/opt/data/home/omnidome-web/node_modules/@radix-ui/react-use-effect-event/node_modules/@radix-ui/.react-use-layout-effect-mrVGIzXd',
382 silly reify   '/opt/data/home/omnidome-web/node_modules/parse-entities/node_modules/@types/unist': '/opt/data/home/omnidome-web/node_modules/parse-entities/node_modules/@types/.unist-orUx2Ey3'
382 silly reify }
383 verbose reify failed optional dependency /opt/data/home/omnidome-web/node_modules/@tailwindcss/oxide-wasm32-wasi
384 silly reify mark deleted [
384 silly reify   '/opt/data/home/omnidome-web/node_modules/@tailwindcss/oxide-wasm32-wasi'
384 silly reify ]
385 verbose reify failed optional dependency /opt/data/home/omnidome-web/node_modules/@next/swc-linux-arm64-musl
386 silly reify mark deleted [
386 silly reify   '/opt/data/home/omnidome-web/node_modules/@next/swc-linux-arm64-musl'
386 silly reify ]
387 verbose reify failed optional dependency /opt/data/home/omnidome-web/node_modules/@next/swc-linux-arm64-gnu
388 silly reify mark deleted [
388 silly reify   '/opt/data/home/omnidome-web/node_modules/@next/swc-linux-arm64-gnu'
388 silly reify ]
389 verbose reify failed optional dependency /opt/data/home/omnidome-web/node_modules/@unrs/resolver-binding-win32-x64-msvc
390 silly reify mark deleted [
390 silly reify   '/opt/data/home/omnidome-web/node_modules/@unrs/resolver-binding-win32-x64-msvc'
390 silly reify ]
391 verbose reify failed optional dependency /opt/data/home/omnidome-web/node_modules/@unrs/resolver-binding-win32-arm64-msvc
392 silly reify mark deleted [
392 silly reify   '/opt/data/home/omnidome-web/node_modules/@unrs/resolver-binding-win32-arm64-msvc'
392 silly reify ]
393 verbose reify failed optional dependency /opt/data/home/omnidome-web/node_modules/@unrs/resolver-binding-win32-ia32-msvc
394 silly reify mark deleted [
394 silly reify   '/opt/data/home/omnidome-web/node_modules/@unrs/resolver-binding-win32-ia32-msvc'
394 silly reify ]
395 verbose reify failed optional dependency /opt/data/home/omnidome-web/node_modules/@unrs/resolver-binding-wasm32-wasi
396 silly reify mark deleted [
396 silly reify   '/opt/data/home/omnidome-web/node_modules/@unrs/resolver-binding-wasm32-wasi'
396 silly reify ]
397 verbose reify failed optional dependency /opt/data/home/omnidome-web/node_modules/@unrs/resolver-binding-linux-riscv64-musl
398 silly reify mark deleted [
398 silly reify   '/opt/data/home/omnidome-web/node_modules/@unrs/resolver-binding-linux-riscv64-musl'
398 silly reify ]
399 verbose reify failed optional dependency /opt/data/home/omnidome-web/node_modules/@unrs/resolver-binding-linux-s390x-gnu
400 silly reify mark deleted [
400 silly reify   '/opt/data/home/omnidome-web/node_modules/@unrs/resolver-binding-linux-s390x-gnu'
400 silly reify ]
401 verbose reify failed optional dependency /opt/data/home/omnidome-web/node_modules/@unrs/resolver-binding-linux-ppc64-gnu
402 silly reify mark deleted [
402 silly reify   '/opt/data/home/omnidome-web/node_modules/@unrs/resolver-binding-linux-ppc64-gnu'
402 silly reify ]
403 verbose reify failed optional dependency /opt/data/home/omnidome-web/node_modules/@unrs/resolver-binding-linux-riscv64-gnu
404 silly reify mark deleted [
404 silly reify   '/opt/data/home/omnidome-web/node_modules/@unrs/resolver-binding-linux-riscv64-gnu'
404 silly reify ]
405 verbose reify failed optional dependency /opt/data/home/omnidome-web/node_modules/@unrs/resolver-binding-linux-arm64-musl
406 silly reify mark deleted [
406 silly reify   '/opt/data/home/omnidome-web/node_modules/@unrs/resolver-binding-linux-arm64-musl'
406 silly reify ]
407 verbose reify failed optional dependency /opt/data/home/omnidome-web/node_modules/@unrs/resolver-binding-linux-arm-gnueabihf
408 silly reify mark deleted [
408 silly reify   '/opt/data/home/omnidome-web/node_modules/@unrs/resolver-binding-linux-arm-gnueabihf'
408 silly reify ]
409 verbose reify failed optional dependency /opt/data/home/omnidome-web/node_modules/@unrs/resolver-binding-linux-arm64-gnu
410 silly reify mark deleted [
410 silly reify   '/opt/data/home/omnidome-web/node_modules/@unrs/resolver-binding-linux-arm64-gnu'
410 silly reify ]
411 verbose reify failed optional dependency /opt/data/home/omnidome-web/node_modules/@unrs/resolver-binding-freebsd-x64
412 silly reify mark deleted [
412 silly reify   '/opt/data/home/omnidome-web/node_modules/@unrs/resolver-binding-freebsd-x64'
412 silly reify ]
413 verbose reify failed optional dependency /opt/data/home/omnidome-web/node_modules/@unrs/resolver-binding-linux-arm-musleabihf
414 silly reify mark deleted [
414 silly reify   '/opt/data/home/omnidome-web/node_modules/@unrs/resolver-binding-linux-arm-musleabihf'
414 silly reify ]
415 verbose reify failed optional dependency /opt/data/home/omnidome-web/node_modules/@unrs/resolver-binding-darwin-x64
416 silly reify mark deleted [
416 silly reify   '/opt/data/home/omnidome-web/node_modules/@unrs/resolver-binding-darwin-x64'
416 silly reify ]
417 verbose reify failed optional dependency /opt/data/home/omnidome-web/node_modules/@unrs/resolver-binding-darwin-arm64
418 silly reify mark deleted [
418 silly reify   '/opt/data/home/omnidome-web/node_modules/@unrs/resolver-binding-darwin-arm64'
418 silly reify ]
419 verbose reify failed optional dependency /opt/data/home/omnidome-web/node_modules/@unrs/resolver-binding-android-arm-eabi
420 silly reify mark deleted [
420 silly reify   '/opt/data/home/omnidome-web/node_modules/@unrs/resolver-binding-android-arm-eabi'
420 silly reify ]
421 verbose reify failed optional dependency /opt/data/home/omnidome-web/node_modules/@unrs/resolver-binding-android-arm64
422 silly reify mark deleted [
422 silly reify   '/opt/data/home/omnidome-web/node_modules/@unrs/resolver-binding-android-arm64'
422 silly reify ]
423 verbose reify failed optional dependency /opt/data/home/omnidome-web/node_modules/@tailwindcss/oxide-win32-x64-msvc
424 silly reify mark deleted [
424 silly reify   '/opt/data/home/omnidome-web/node_modules/@tailwindcss/oxide-win32-x64-msvc'
424 silly reify ]
425 verbose reify failed optional dependency /opt/data/home/omnidome-web/node_modules/@tailwindcss/oxide-win32-arm64-msvc
426 silly reify mark deleted [
426 silly reify   '/opt/data/home/omnidome-web/node_modules/@tailwindcss/oxide-win32-arm64-msvc'
426 silly reify ]
427 verbose reify failed optional dependency /opt/data/home/omnidome-web/node_modules/@tailwindcss/oxide-linux-arm64-musl
428 silly reify mark deleted [
428 silly reify   '/opt/data/home/omnidome-web/node_modules/@tailwindcss/oxide-linux-arm64-musl'
428 silly reify ]
429 verbose reify failed optional dependency /opt/data/home/omnidome-web/node_modules/@tailwindcss/oxide-linux-arm64-gnu
430 silly reify mark deleted [
430 silly reify   '/opt/data/home/omnidome-web/node_modules/@tailwindcss/oxide-linux-arm64-gnu'
430 silly reify ]
431 verbose reify failed optional dependency /opt/data/home/omnidome-web/node_modules/@tailwindcss/oxide-linux-arm-gnueabihf
432 silly reify mark deleted [
432 silly reify   '/opt/data/home/omnidome-web/node_modules/@tailwindcss/oxide-linux-arm-gnueabihf'
432 silly reify ]
433 verbose reify failed optional dependency /opt/data/home/omnidome-web/node_modules/@tailwindcss/oxide-freebsd-x64
434 silly reify mark deleted [
434 silly reify   '/opt/data/home/omnidome-web/node_modules/@tailwindcss/oxide-freebsd-x64'
434 silly reify ]
435 verbose reify failed optional dependency /opt/data/home/omnidome-web/node_modules/@tailwindcss/oxide-darwin-x64
436 silly reify mark deleted [
436 silly reify   '/opt/data/home/omnidome-web/node_modules/@tailwindcss/oxide-darwin-x64'
436 silly reify ]
437 verbose reify failed optional dependency /opt/data/home/omnidome-web/node_modules/@tailwindcss/oxide-darwin-arm64
438 silly reify mark deleted [
438 silly reify   '/opt/data/home/omnidome-web/node_modules/@tailwindcss/oxide-darwin-arm64'
438 silly reify ]
439 verbose reify failed optional dependency /opt/data/home/omnidome-web/node_modules/@tailwindcss/oxide-android-arm64
440 silly reify mark deleted [
440 silly reify   '/opt/data/home/omnidome-web/node_modules/@tailwindcss/oxide-android-arm64'
440 silly reify ]
441 verbose reify failed optional dependency /opt/data/home/omnidome-web/node_modules/@next/swc-win32-x64-msvc
442 silly reify mark deleted [ '/opt/data/home/omnidome-web/node_modules/@next/swc-win32-x64-msvc' ]
443 verbose reify failed optional dependency /opt/data/home/omnidome-web/node_modules/@next/swc-win32-arm64-msvc
444 silly reify mark deleted [
444 silly reify   '/opt/data/home/omnidome-web/node_modules/@next/swc-win32-arm64-msvc'
444 silly reify ]
445 verbose reify failed optional dependency /opt/data/home/omnidome-web/node_modules/@next/swc-darwin-x64
446 silly reify mark deleted [ '/opt/data/home/omnidome-web/node_modules/@next/swc-darwin-x64' ]
447 verbose reify failed optional dependency /opt/data/home/omnidome-web/node_modules/@next/swc-darwin-arm64
448 silly reify mark deleted [ '/opt/data/home/omnidome-web/node_modules/@next/swc-darwin-arm64' ]
449 verbose reify failed optional dependency /opt/data/home/omnidome-web/node_modules/@img/sharp-win32-x64
450 silly reify mark deleted [ '/opt/data/home/omnidome-web/node_modules/@img/sharp-win32-x64' ]
451 verbose reify failed optional dependency /opt/data/home/omnidome-web/node_modules/@img/sharp-win32-ia32
452 silly reify mark deleted [ '/opt/data/home/omnidome-web/node_modules/@img/sharp-win32-ia32' ]
453 verbose reify failed optional dependency /opt/data/home/omnidome-web/node_modules/@img/sharp-win32-arm64
454 silly reify mark deleted [ '/opt/data/home/omnidome-web/node_modules/@img/sharp-win32-arm64' ]
455 verbose reify failed optional dependency /opt/data/home/omnidome-web/node_modules/@img/sharp-wasm32
456 silly reify mark deleted [ '/opt/data/home/omnidome-web/node_modules/@img/sharp-wasm32' ]
457 verbose reify failed optional dependency /opt/data/home/omnidome-web/node_modules/@img/sharp-linux-riscv64
458 silly reify mark deleted [ '/opt/data/home/omnidome-web/node_modules/@img/sharp-linux-riscv64' ]
459 verbose reify failed optional dependency /opt/data/home/omnidome-web/node_modules/@img/sharp-linuxmusl-arm64
460 silly reify mark deleted [
460 silly reify   '/opt/data/home/omnidome-web/node_modules/@img/sharp-linuxmusl-arm64'
460 silly reify ]
461 verbose reify failed optional dependency /opt/data/home/omnidome-web/node_modules/@img/sharp-linux-s390x
462 silly reify mark deleted [ '/opt/data/home/omnidome-web/node_modules/@img/sharp-linux-s390x' ]
463 verbose reify failed optional dependency /opt/data/home/omnidome-web/node_modules/@img/sharp-linux-ppc64
464 silly reify mark deleted [ '/opt/data/home/omnidome-web/node_modules/@img/sharp-linux-ppc64' ]
465 verbose reify failed optional dependency /opt/data/home/omnidome-web/node_modules/@img/sharp-linux-arm64
466 silly reify mark deleted [ '/opt/data/home/omnidome-web/node_modules/@img/sharp-linux-arm64' ]
467 verbose reify failed optional dependency /opt/data/home/omnidome-web/node_modules/@img/sharp-linux-arm
468 silly reify mark deleted [ '/opt/data/home/omnidome-web/node_modules/@img/sharp-linux-arm' ]
469 verbose reify failed optional dependency /opt/data/home/omnidome-web/node_modules/@img/sharp-libvips-linux-s390x
470 silly reify mark deleted [
470 silly reify   '/opt/data/home/omnidome-web/node_modules/@img/sharp-libvips-linux-s390x'
470 silly reify ]
471 verbose reify failed optional dependency /opt/data/home/omnidome-web/node_modules/@img/sharp-libvips-linuxmusl-arm64
472 silly reify mark deleted [
472 silly reify   '/opt/data/home/omnidome-web/node_modules/@img/sharp-libvips-linuxmusl-arm64'
472 silly reify ]
473 verbose reify failed optional dependency /opt/data/home/omnidome-web/node_modules/@img/sharp-libvips-linux-riscv64
474 silly reify mark deleted [
474 silly reify   '/opt/data/home/omnidome-web/node_modules/@img/sharp-libvips-linux-riscv64'
474 silly reify ]
475 verbose reify failed optional dependency /opt/data/home/omnidome-web/node_modules/@img/sharp-libvips-linux-arm64
476 silly reify mark deleted [
476 silly reify   '/opt/data/home/omnidome-web/node_modules/@img/sharp-libvips-linux-arm64'
476 silly reify ]
477 verbose reify failed optional dependency /opt/data/home/omnidome-web/node_modules/@img/sharp-libvips-linux-ppc64
478 silly reify mark deleted [
478 silly reify   '/opt/data/home/omnidome-web/node_modules/@img/sharp-libvips-linux-ppc64'
478 silly reify ]
479 verbose reify failed optional dependency /opt/data/home/omnidome-web/node_modules/@img/sharp-libvips-linux-arm
480 silly reify mark deleted [
480 silly reify   '/opt/data/home/omnidome-web/node_modules/@img/sharp-libvips-linux-arm'
480 silly reify ]
481 verbose reify failed optional dependency /opt/data/home/omnidome-web/node_modules/@img/sharp-libvips-darwin-x64
482 silly reify mark deleted [
482 silly reify   '/opt/data/home/omnidome-web/node_modules/@img/sharp-libvips-darwin-x64'
482 silly reify ]
483 verbose reify failed optional dependency /opt/data/home/omnidome-web/node_modules/@img/sharp-libvips-darwin-arm64
484 silly reify mark deleted [
484 silly reify   '/opt/data/home/omnidome-web/node_modules/@img/sharp-libvips-darwin-arm64'
484 silly reify ]
485 verbose reify failed optional dependency /opt/data/home/omnidome-web/node_modules/@img/sharp-darwin-x64
486 silly reify mark deleted [ '/opt/data/home/omnidome-web/node_modules/@img/sharp-darwin-x64' ]
487 verbose reify failed optional dependency /opt/data/home/omnidome-web/node_modules/@img/sharp-darwin-arm64
488 silly reify mark deleted [ '/opt/data/home/omnidome-web/node_modules/@img/sharp-darwin-arm64' ]
489 verbose reify failed optional dependency /opt/data/home/omnidome-web/node_modules/@esbuild/win32-x64
490 silly reify mark deleted [ '/opt/data/home/omnidome-web/node_modules/@esbuild/win32-x64' ]
491 verbose reify failed optional dependency /opt/data/home/omnidome-web/node_modules/@esbuild/win32-ia32
492 silly reify mark deleted [ '/opt/data/home/omnidome-web/node_modules/@esbuild/win32-ia32' ]
493 verbose reify failed optional dependency /opt/data/home/omnidome-web/node_modules/@esbuild/win32-arm64
494 silly reify mark deleted [ '/opt/data/home/omnidome-web/node_modules/@esbuild/win32-arm64' ]
495 verbose reify failed optional dependency /opt/data/home/omnidome-web/node_modules/@esbuild/sunos-x64
496 silly reify mark deleted [ '/opt/data/home/omnidome-web/node_modules/@esbuild/sunos-x64' ]
497 verbose reify failed optional dependency /opt/data/home/omnidome-web/node_modules/@esbuild/openharmony-arm64
498 silly reify mark deleted [
498 silly reify   '/opt/data/home/omnidome-web/node_modules/@esbuild/openharmony-arm64'
498 silly reify ]
499 verbose reify failed optional dependency /opt/data/home/omnidome-web/node_modules/@esbuild/openbsd-arm64
500 silly reify mark deleted [ '/opt/data/home/omnidome-web/node_modules/@esbuild/openbsd-arm64' ]
501 verbose reify failed optional dependency /opt/data/home/omnidome-web/node_modules/@esbuild/openbsd-x64
502 silly reify mark deleted [ '/opt/data/home/omnidome-web/node_modules/@esbuild/openbsd-x64' ]
503 verbose reify failed optional dependency /opt/data/home/omnidome-web/node_modules/@esbuild/netbsd-x64
504 silly reify mark deleted [ '/opt/data/home/omnidome-web/node_modules/@esbuild/netbsd-x64' ]
505 verbose reify failed optional dependency /opt/data/home/omnidome-web/node_modules/@esbuild/netbsd-arm64
506 silly reify mark deleted [ '/opt/data/home/omnidome-web/node_modules/@esbuild/netbsd-arm64' ]
507 verbose reify failed optional dependency /opt/data/home/omnidome-web/node_modules/@esbuild/linux-s390x
508 silly reify mark deleted [ '/opt/data/home/omnidome-web/node_modules/@esbuild/linux-s390x' ]
509 verbose reify failed optional dependency /opt/data/home/omnidome-web/node_modules/@esbuild/linux-mips64el
510 silly reify mark deleted [ '/opt/data/home/omnidome-web/node_modules/@esbuild/linux-mips64el' ]
511 verbose reify failed optional dependency /opt/data/home/omnidome-web/node_modules/@esbuild/linux-ppc64
512 silly reify mark deleted [ '/opt/data/home/omnidome-web/node_modules/@esbuild/linux-ppc64' ]
513 verbose reify failed optional dependency /opt/data/home/omnidome-web/node_modules/@esbuild/linux-riscv64
514 silly reify mark deleted [ '/opt/data/home/omnidome-web/node_modules/@esbuild/linux-riscv64' ]
515 verbose reify failed optional dependency /opt/data/home/omnidome-web/node_modules/@esbuild/linux-ia32
516 silly reify mark deleted [ '/opt/data/home/omnidome-web/node_modules/@esbuild/linux-ia32' ]
517 verbose reify failed optional dependency /opt/data/home/omnidome-web/node_modules/@esbuild/linux-loong64
518 silly reify mark deleted [ '/opt/data/home/omnidome-web/node_modules/@esbuild/linux-loong64' ]
519 verbose reify failed optional dependency /opt/data/home/omnidome-web/node_modules/@esbuild/linux-arm64
520 silly reify mark deleted [ '/opt/data/home/omnidome-web/node_modules/@esbuild/linux-arm64' ]
521 verbose reify failed optional dependency /opt/data/home/omnidome-web/node_modules/@esbuild/linux-arm
522 silly reify mark deleted [ '/opt/data/home/omnidome-web/node_modules/@esbuild/linux-arm' ]
523 verbose reify failed optional dependency /opt/data/home/omnidome-web/node_modules/@esbuild/freebsd-x64
524 silly reify mark deleted [ '/opt/data/home/omnidome-web/node_modules/@esbuild/freebsd-x64' ]
525 verbose reify failed optional dependency /opt/data/home/omnidome-web/node_modules/@esbuild/darwin-x64
526 silly reify mark deleted [ '/opt/data/home/omnidome-web/node_modules/@esbuild/darwin-x64' ]
527 verbose reify failed optional dependency /opt/data/home/omnidome-web/node_modules/@esbuild/freebsd-arm64
528 silly reify mark deleted [ '/opt/data/home/omnidome-web/node_modules/@esbuild/freebsd-arm64' ]
529 verbose reify failed optional dependency /opt/data/home/omnidome-web/node_modules/@esbuild/darwin-arm64
530 silly reify mark deleted [ '/opt/data/home/omnidome-web/node_modules/@esbuild/darwin-arm64' ]
531 verbose reify failed optional dependency /opt/data/home/omnidome-web/node_modules/@esbuild/aix-ppc64
532 silly reify mark deleted [ '/opt/data/home/omnidome-web/node_modules/@esbuild/aix-ppc64' ]
533 verbose reify failed optional dependency /opt/data/home/omnidome-web/node_modules/@esbuild/android-x64
534 silly reify mark deleted [ '/opt/data/home/omnidome-web/node_modules/@esbuild/android-x64' ]
535 verbose reify failed optional dependency /opt/data/home/omnidome-web/node_modules/@esbuild/android-arm64
536 silly reify mark deleted [ '/opt/data/home/omnidome-web/node_modules/@esbuild/android-arm64' ]
537 verbose reify failed optional dependency /opt/data/home/omnidome-web/node_modules/@esbuild/android-arm
538 silly reify mark deleted [ '/opt/data/home/omnidome-web/node_modules/@esbuild/android-arm' ]
539 verbose reify failed optional dependency /opt/data/home/omnidome-web/node_modules/lightningcss-win32-x64-msvc
540 silly reify mark deleted [
540 silly reify   '/opt/data/home/omnidome-web/node_modules/lightningcss-win32-x64-msvc'
540 silly reify ]
541 verbose reify failed optional dependency /opt/data/home/omnidome-web/node_modules/lightningcss-win32-arm64-msvc
542 silly reify mark deleted [
542 silly reify   '/opt/data/home/omnidome-web/node_modules/lightningcss-win32-arm64-msvc'
542 silly reify ]
543 verbose reify failed optional dependency /opt/data/home/omnidome-web/node_modules/lightningcss-linux-arm64-musl
544 silly reify mark deleted [
544 silly reify   '/opt/data/home/omnidome-web/node_modules/lightningcss-linux-arm64-musl'
544 silly reify ]
545 verbose reify failed optional dependency /opt/data/home/omnidome-web/node_modules/lightningcss-linux-arm64-gnu
546 silly reify mark deleted [
546 silly reify   '/opt/data/home/omnidome-web/node_modules/lightningcss-linux-arm64-gnu'
546 silly reify ]
547 verbose reify failed optional dependency /opt/data/home/omnidome-web/node_modules/lightningcss-linux-arm-gnueabihf
548 silly reify mark deleted [
548 silly reify   '/opt/data/home/omnidome-web/node_modules/lightningcss-linux-arm-gnueabihf'
548 silly reify ]
549 verbose reify failed optional dependency /opt/data/home/omnidome-web/node_modules/lightningcss-freebsd-x64
550 silly reify mark deleted [ '/opt/data/home/omnidome-web/node_modules/lightningcss-freebsd-x64' ]
551 verbose reify failed optional dependency /opt/data/home/omnidome-web/node_modules/lightningcss-darwin-x64
552 silly reify mark deleted [ '/opt/data/home/omnidome-web/node_modules/lightningcss-darwin-x64' ]
553 verbose reify failed optional dependency /opt/data/home/omnidome-web/node_modules/lightningcss-darwin-arm64
554 silly reify mark deleted [
554 silly reify   '/opt/data/home/omnidome-web/node_modules/lightningcss-darwin-arm64'
554 silly reify ]
555 verbose reify failed optional dependency /opt/data/home/omnidome-web/node_modules/lightningcss-android-arm64
556 silly reify mark deleted [
556 silly reify   '/opt/data/home/omnidome-web/node_modules/lightningcss-android-arm64'
556 silly reify ]
557 http cache @humanwhocodes/retry@https://registry.npmjs.org/@humanwhocodes/retry/-/retry-0.4.3.tgz 1ms (cache hit)
558 http cache @img/sharp-linuxmusl-x64@https://registry.npmjs.org/@img/sharp-linuxmusl-x64/-/sharp-linuxmusl-x64-0.34.5.tgz 0ms (cache hit)
559 http cache @img/sharp-linux-x64@https://registry.npmjs.org/@img/sharp-linux-x64/-/sharp-linux-x64-0.34.5.tgz 1ms (cache hit)
560 http cache which@https://registry.npmjs.org/which/-/which-2.0.2.tgz 0ms (cache hit)
561 http cache update-browserslist-db@https://registry.npmjs.org/update-browserslist-db/-/update-browserslist-db-1.2.3.tgz 0ms (cache hit)
562 http cache micromark-util-events-to-acorn@https://registry.npmjs.org/micromark-util-events-to-acorn/-/micromark-util-events-to-acorn-2.0.3.tgz 0ms (cache hit)
563 http cache micromark-extension-gfm-task-list-item@https://registry.npmjs.org/micromark-extension-gfm-task-list-item/-/micromark-extension-gfm-task-list-item-2.1.0.tgz 0ms (cache hit)
564 http cache loose-envify@https://registry.npmjs.org/loose-envify/-/loose-envify-1.4.0.tgz 0ms (cache hit)
565 http cache jsesc@https://registry.npmjs.org/jsesc/-/jsesc-3.1.0.tgz 0ms (cache hit)
566 http cache esbuild@https://registry.npmjs.org/esbuild/-/esbuild-0.25.12.tgz 0ms (cache hit)
567 http cache cssesc@https://registry.npmjs.org/cssesc/-/cssesc-3.0.0.tgz 0ms (cache hit)
568 http cache browserslist@https://registry.npmjs.org/browserslist/-/browserslist-4.28.1.tgz 0ms (cache hit)
569 http cache astring@https://registry.npmjs.org/astring/-/astring-1.9.0.tgz 1ms (cache hit)
570 http cache @vercel/analytics@https://registry.npmjs.org/@vercel/analytics/-/analytics-1.3.1.tgz 0ms (cache hit)
571 http cache @typescript-eslint/typescript-estree@https://registry.npmjs.org/@typescript-eslint/typescript-estree/-/typescript-estree-8.54.0.tgz 0ms (cache hit)
572 http cache @ungap/structured-clone@https://registry.npmjs.org/@ungap/structured-clone/-/structured-clone-1.3.0.tgz 0ms (cache hit)
573 http cache @typescript-eslint/utils@https://registry.npmjs.org/@typescript-eslint/utils/-/utils-8.54.0.tgz 0ms (cache hit)
574 http cache @typescript-eslint/eslint-plugin@https://registry.npmjs.org/@typescript-eslint/eslint-plugin/-/eslint-plugin-8.54.0.tgz 0ms (cache hit)
575 http cache @typescript-eslint/type-utils@https://registry.npmjs.org/@typescript-eslint/type-utils/-/type-utils-8.54.0.tgz 0ms (cache hit)
576 http cache @typescript-eslint/scope-manager@https://registry.npmjs.org/@typescript-eslint/scope-manager/-/scope-manager-8.54.0.tgz 0ms (cache hit)
577 http cache @types/react@https://registry.npmjs.org/@types/react/-/react-19.2.8.tgz 0ms (cache hit)
578 http cache @types/node@https://registry.npmjs.org/@types/node/-/node-22.19.6.tgz 0ms (cache hit)
579 http cache @tybys/wasm-util@https://registry.npmjs.org/@tybys/wasm-util/-/wasm-util-0.10.1.tgz 0ms (cache hit)
580 http cache @tailwindcss/typography@https://registry.npmjs.org/@tailwindcss/typography/-/typography-0.5.19.tgz 0ms (cache hit)
581 http cache @swc/helpers@https://registry.npmjs.org/@swc/helpers/-/helpers-0.5.15.tgz 0ms (cache hit)
582 http cache @supabase/auth-js@https://registry.npmjs.org/@supabase/auth-js/-/auth-js-2.93.3.tgz 0ms (cache hit)
583 http cache @supabase/supabase-js@https://registry.npmjs.org/@supabase/supabase-js/-/supabase-js-2.93.3.tgz 0ms (cache hit)
584 http cache @supabase/storage-js@https://registry.npmjs.org/@supabase/storage-js/-/storage-js-2.93.3.tgz 0ms (cache hit)
585 http cache @supabase/functions-js@https://registry.npmjs.org/@supabase/functions-js/-/functions-js-2.93.3.tgz 1ms (cache hit)
586 http cache @supabase/postgrest-js@https://registry.npmjs.org/@supabase/postgrest-js/-/postgrest-js-2.93.3.tgz 0ms (cache hit)
587 http cache @supabase/realtime-js@https://registry.npmjs.org/@supabase/realtime-js/-/realtime-js-2.93.3.tgz 0ms (cache hit)
588 http cache @radix-ui/react-use-size@https://registry.npmjs.org/@radix-ui/react-use-size/-/react-use-size-1.1.0.tgz 0ms (cache hit)
589 http cache @radix-ui/rect@https://registry.npmjs.org/@radix-ui/rect/-/rect-1.1.0.tgz 0ms (cache hit)
590 http cache @radix-ui/react-visually-hidden@https://registry.npmjs.org/@radix-ui/react-visually-hidden/-/react-visually-hidden-1.1.1.tgz 0ms (cache hit)
591 http cache @radix-ui/react-use-rect@https://registry.npmjs.org/@radix-ui/react-use-rect/-/react-use-rect-1.1.0.tgz 0ms (cache hit)
592 http cache @radix-ui/react-use-previous@https://registry.npmjs.org/@radix-ui/react-use-previous/-/react-use-previous-1.1.0.tgz 0ms (cache hit)
593 http cache @radix-ui/react-use-layout-effect@https://registry.npmjs.org/@radix-ui/react-use-layout-effect/-/react-use-layout-effect-1.1.0.tgz 0ms (cache hit)
594 http cache @radix-ui/react-use-escape-keydown@https://registry.npmjs.org/@radix-ui/react-use-escape-keydown/-/react-use-escape-keydown-1.1.0.tgz 0ms (cache hit)
595 http cache @radix-ui/react-use-controllable-state@https://registry.npmjs.org/@radix-ui/react-use-controllable-state/-/react-use-controllable-state-1.1.0.tgz 0ms (cache hit)
596 http cache @radix-ui/react-use-callback-ref@https://registry.npmjs.org/@radix-ui/react-use-callback-ref/-/react-use-callback-ref-1.1.0.tgz 0ms (cache hit)
597 http cache @radix-ui/react-tooltip@https://registry.npmjs.org/@radix-ui/react-tooltip/-/react-tooltip-1.1.6.tgz 0ms (cache hit)
598 http cache @radix-ui/react-toggle@https://registry.npmjs.org/@radix-ui/react-toggle/-/react-toggle-1.1.1.tgz 0ms (cache hit)
599 http cache @radix-ui/react-toggle-group@https://registry.npmjs.org/@radix-ui/react-toggle-group/-/react-toggle-group-1.1.1.tgz 0ms (cache hit)
600 http cache @radix-ui/react-toast@https://registry.npmjs.org/@radix-ui/react-toast/-/react-toast-1.2.4.tgz 0ms (cache hit)
601 http cache @radix-ui/react-tabs@https://registry.npmjs.org/@radix-ui/react-tabs/-/react-tabs-1.1.2.tgz 0ms (cache hit)
602 http cache @radix-ui/react-switch@https://registry.npmjs.org/@radix-ui/react-switch/-/react-switch-1.1.2.tgz 0ms (cache hit)
603 http cache @radix-ui/react-slider@https://registry.npmjs.org/@radix-ui/react-slider/-/react-slider-1.2.2.tgz 0ms (cache hit)
604 http cache @radix-ui/react-slot@https://registry.npmjs.org/@radix-ui/react-slot/-/react-slot-1.1.1.tgz 0ms (cache hit)
605 http cache @radix-ui/react-scroll-area@https://registry.npmjs.org/@radix-ui/react-scroll-area/-/react-scroll-area-1.2.2.tgz 0ms (cache hit)
606 http cache @radix-ui/react-separator@https://registry.npmjs.org/@radix-ui/react-separator/-/react-separator-1.1.1.tgz 0ms (cache hit)
607 http cache @radix-ui/react-select@https://registry.npmjs.org/@radix-ui/react-select/-/react-select-2.1.4.tgz 0ms (cache hit)
608 http cache @radix-ui/react-roving-focus@https://registry.npmjs.org/@radix-ui/react-roving-focus/-/react-roving-focus-1.1.1.tgz 0ms (cache hit)
609 http cache @radix-ui/react-radio-group@https://registry.npmjs.org/@radix-ui/react-radio-group/-/react-radio-group-1.2.2.tgz 0ms (cache hit)
610 http cache @radix-ui/react-progress@https://registry.npmjs.org/@radix-ui/react-progress/-/react-progress-1.1.1.tgz 0ms (cache hit)
611 http cache @radix-ui/react-primitive@https://registry.npmjs.org/@radix-ui/react-primitive/-/react-primitive-2.0.1.tgz 0ms (cache hit)
612 http cache @radix-ui/react-portal@https://registry.npmjs.org/@radix-ui/react-portal/-/react-portal-1.1.3.tgz 0ms (cache hit)
613 http cache @radix-ui/react-popper@https://registry.npmjs.org/@radix-ui/react-popper/-/react-popper-1.2.1.tgz 0ms (cache hit)
614 http cache @radix-ui/react-presence@https://registry.npmjs.org/@radix-ui/react-presence/-/react-presence-1.1.2.tgz 0ms (cache hit)
615 http cache @radix-ui/react-menubar@https://registry.npmjs.org/@radix-ui/react-menubar/-/react-menubar-1.1.4.tgz 0ms (cache hit)
616 http cache @radix-ui/react-popover@https://registry.npmjs.org/@radix-ui/react-popover/-/react-popover-1.1.4.tgz 0ms (cache hit)
617 http cache @radix-ui/react-navigation-menu@https://registry.npmjs.org/@radix-ui/react-navigation-menu/-/react-navigation-menu-1.2.3.tgz 0ms (cache hit)
618 http cache @radix-ui/react-menu@https://registry.npmjs.org/@radix-ui/react-menu/-/react-menu-2.1.4.tgz 0ms (cache hit)
619 http cache @radix-ui/react-label@https://registry.npmjs.org/@radix-ui/react-label/-/react-label-2.1.1.tgz 0ms (cache hit)
620 http cache @radix-ui/react-id@https://registry.npmjs.org/@radix-ui/react-id/-/react-id-1.1.0.tgz 0ms (cache hit)
621 http cache @radix-ui/react-focus-guards@https://registry.npmjs.org/@radix-ui/react-focus-guards/-/react-focus-guards-1.1.1.tgz 0ms (cache hit)
622 http cache @radix-ui/react-icons@https://registry.npmjs.org/@radix-ui/react-icons/-/react-icons-1.3.2.tgz 0ms (cache hit)
623 http cache @radix-ui/react-hover-card@https://registry.npmjs.org/@radix-ui/react-hover-card/-/react-hover-card-1.1.4.tgz 0ms (cache hit)
624 http cache @radix-ui/react-focus-scope@https://registry.npmjs.org/@radix-ui/react-focus-scope/-/react-focus-scope-1.1.1.tgz 0ms (cache hit)
625 http cache @radix-ui/react-dismissable-layer@https://registry.npmjs.org/@radix-ui/react-dismissable-layer/-/react-dismissable-layer-1.1.3.tgz 0ms (cache hit)
626 http cache @radix-ui/react-dropdown-menu@https://registry.npmjs.org/@radix-ui/react-dropdown-menu/-/react-dropdown-menu-2.1.4.tgz 0ms (cache hit)
627 http cache @radix-ui/react-direction@https://registry.npmjs.org/@radix-ui/react-direction/-/react-direction-1.1.0.tgz 0ms (cache hit)
628 http cache @radix-ui/react-dialog@https://registry.npmjs.org/@radix-ui/react-dialog/-/react-dialog-1.1.4.tgz 0ms (cache hit)
629 http cache @radix-ui/number@https://registry.npmjs.org/@radix-ui/number/-/number-1.1.0.tgz 0ms (cache hit)
630 http cache @radix-ui/react-context-menu@https://registry.npmjs.org/@radix-ui/react-context-menu/-/react-context-menu-2.2.4.tgz 0ms (cache hit)
631 http cache @radix-ui/react-context@https://registry.npmjs.org/@radix-ui/react-context/-/react-context-1.1.1.tgz 0ms (cache hit)
632 http cache @radix-ui/react-compose-refs@https://registry.npmjs.org/@radix-ui/react-compose-refs/-/react-compose-refs-1.1.1.tgz 0ms (cache hit)
633 http cache @radix-ui/react-collection@https://registry.npmjs.org/@radix-ui/react-collection/-/react-collection-1.1.1.tgz 0ms (cache hit)
634 http cache @radix-ui/react-collapsible@https://registry.npmjs.org/@radix-ui/react-collapsible/-/react-collapsible-1.1.2.tgz 0ms (cache hit)
635 http cache @radix-ui/react-checkbox@https://registry.npmjs.org/@radix-ui/react-checkbox/-/react-checkbox-1.1.3.tgz 0ms (cache hit)
636 http cache @radix-ui/react-avatar@https://registry.npmjs.org/@radix-ui/react-avatar/-/react-avatar-1.1.2.tgz 0ms (cache hit)
637 http cache @radix-ui/react-aspect-ratio@https://registry.npmjs.org/@radix-ui/react-aspect-ratio/-/react-aspect-ratio-1.1.1.tgz 0ms (cache hit)
638 http cache @radix-ui/react-alert-dialog@https://registry.npmjs.org/@radix-ui/react-alert-dialog/-/react-alert-dialog-1.1.4.tgz 0ms (cache hit)
639 http cache @radix-ui/react-arrow@https://registry.npmjs.org/@radix-ui/react-arrow/-/react-arrow-1.1.1.tgz 0ms (cache hit)
640 http cache @orama/orama@https://registry.npmjs.org/@orama/orama/-/orama-3.1.18.tgz 0ms (cache hit)
641 http cache @radix-ui/react-accordion@https://registry.npmjs.org/@radix-ui/react-accordion/-/react-accordion-1.2.2.tgz 0ms (cache hit)
642 http cache @radix-ui/primitive@https://registry.npmjs.org/@radix-ui/primitive/-/primitive-1.1.1.tgz 0ms (cache hit)
643 http cache @nodelib/fs.scandir@https://registry.npmjs.org/@nodelib/fs.scandir/-/fs.scandir-2.1.5.tgz 0ms (cache hit)
644 http cache @nodelib/fs.walk@https://registry.npmjs.org/@nodelib/fs.walk/-/fs.walk-1.2.8.tgz 0ms (cache hit)
645 http cache @nodelib/fs.stat@https://registry.npmjs.org/@nodelib/fs.stat/-/fs.stat-2.0.5.tgz 0ms (cache hit)
646 http cache @napi-rs/wasm-runtime@https://registry.npmjs.org/@napi-rs/wasm-runtime/-/wasm-runtime-0.2.12.tgz 0ms (cache hit)
647 http cache @next/eslint-plugin-next@https://registry.npmjs.org/@next/eslint-plugin-next/-/eslint-plugin-next-16.1.6.tgz 0ms (cache hit)
648 http cache @mdx-js/mdx@https://registry.npmjs.org/@mdx-js/mdx/-/mdx-3.1.1.tgz 0ms (cache hit)
649 http cache @jridgewell/trace-mapping@https://registry.npmjs.org/@jridgewell/trace-mapping/-/trace-mapping-0.3.31.tgz 0ms (cache hit)
650 http cache @jridgewell/sourcemap-codec@https://registry.npmjs.org/@jridgewell/sourcemap-codec/-/sourcemap-codec-1.5.5.tgz 0ms (cache hit)
651 http cache @jridgewell/remapping@https://registry.npmjs.org/@jridgewell/remapping/-/remapping-2.3.5.tgz 0ms (cache hit)
652 http cache @img/sharp-libvips-linux-x64@https://registry.npmjs.org/@img/sharp-libvips-linux-x64/-/sharp-libvips-linux-x64-1.2.4.tgz 0ms (cache hit)
653 http cache @img/sharp-libvips-linuxmusl-x64@https://registry.npmjs.org/@img/sharp-libvips-linuxmusl-x64/-/sharp-libvips-linuxmusl-x64-1.2.4.tgz 0ms (cache hit)
654 http cache @hookform/resolvers@https://registry.npmjs.org/@hookform/resolvers/-/resolvers-3.10.0.tgz 0ms (cache hit)
655 http cache @eslint/config-array@https://registry.npmjs.org/@eslint/config-array/-/config-array-0.21.1.tgz 0ms (cache hit)
656 http cache @formatjs/intl-localematcher@https://registry.npmjs.org/@formatjs/intl-localematcher/-/intl-localematcher-0.6.2.tgz 0ms (cache hit)
657 http cache @eslint-community/regexpp@https://registry.npmjs.org/@eslint-community/regexpp/-/regexpp-4.12.2.tgz 0ms (cache hit)
658 http cache @floating-ui/utils@https://registry.npmjs.org/@floating-ui/utils/-/utils-0.2.10.tgz 0ms (cache hit)
659 http cache @eslint-community/eslint-utils@https://registry.npmjs.org/@eslint-community/eslint-utils/-/eslint-utils-4.9.1.tgz 0ms (cache hit)
660 http cache @eslint/plugin-kit@https://registry.npmjs.org/@eslint/plugin-kit/-/plugin-kit-0.4.1.tgz 0ms (cache hit)
661 http cache @eslint/object-schema@https://registry.npmjs.org/@eslint/object-schema/-/object-schema-2.1.7.tgz 0ms (cache hit)
662 http cache @eslint/eslintrc@https://registry.npmjs.org/@eslint/eslintrc/-/eslintrc-3.3.3.tgz 0ms (cache hit)
663 http cache @eslint/config-helpers@https://registry.npmjs.org/@eslint/config-helpers/-/config-helpers-0.4.2.tgz 0ms (cache hit)
664 http cache @esbuild/linux-x64@https://registry.npmjs.org/@esbuild/linux-x64/-/linux-x64-0.25.12.tgz 0ms (cache hit)
665 http cache @date-fns/tz@https://registry.npmjs.org/@date-fns/tz/-/tz-1.2.0.tgz 0ms (cache hit)
666 http cache @emnapi/core@https://registry.npmjs.org/@emnapi/core/-/core-1.8.1.tgz 0ms (cache hit)
667 http cache @beeper/desktop-api@https://registry.npmjs.org/@beeper/desktop-api/-/desktop-api-0.1.5.tgz 0ms (cache hit)
668 http cache @emnapi/wasi-threads@https://registry.npmjs.org/@emnapi/wasi-threads/-/wasi-threads-1.1.0.tgz 0ms (cache hit)
669 http cache @emnapi/runtime@https://registry.npmjs.org/@emnapi/runtime/-/runtime-1.8.1.tgz 0ms (cache hit)
670 http cache @babel/types@https://registry.npmjs.org/@babel/types/-/types-7.29.0.tgz 0ms (cache hit)
671 http cache @babel/traverse@https://registry.npmjs.org/@babel/traverse/-/traverse-7.29.0.tgz 0ms (cache hit)
672 http cache @babel/template@https://registry.npmjs.org/@babel/template/-/template-7.28.6.tgz 0ms (cache hit)
673 http cache @babel/runtime@https://registry.npmjs.org/@babel/runtime/-/runtime-7.28.6.tgz 0ms (cache hit)
674 http cache @babel/parser@https://registry.npmjs.org/@babel/parser/-/parser-7.29.0.tgz 0ms (cache hit)
675 http cache @babel/helpers@https://registry.npmjs.org/@babel/helpers/-/helpers-7.28.6.tgz 0ms (cache hit)
676 http cache @babel/helper-validator-option@https://registry.npmjs.org/@babel/helper-validator-option/-/helper-validator-option-7.27.1.tgz 0ms (cache hit)
677 http cache @babel/helper-compilation-targets@https://registry.npmjs.org/@babel/helper-compilation-targets/-/helper-compilation-targets-7.28.6.tgz 0ms (cache hit)
678 http cache @babel/helper-validator-identifier@https://registry.npmjs.org/@babel/helper-validator-identifier/-/helper-validator-identifier-7.28.5.tgz 0ms (cache hit)
679 http cache @babel/helper-module-imports@https://registry.npmjs.org/@babel/helper-module-imports/-/helper-module-imports-7.28.6.tgz 0ms (cache hit)
680 http cache @babel/helper-module-transforms@https://registry.npmjs.org/@babel/helper-module-transforms/-/helper-module-transforms-7.28.6.tgz 0ms (cache hit)
681 http cache @babel/generator@https://registry.npmjs.org/@babel/generator/-/generator-7.29.1.tgz 0ms (cache hit)
682 http cache @babel/core@https://registry.npmjs.org/@babel/core/-/core-7.29.0.tgz 0ms (cache hit)
683 http cache @babel/compat-data@https://registry.npmjs.org/@babel/compat-data/-/compat-data-7.29.0.tgz 0ms (cache hit)
684 http cache zod@https://registry.npmjs.org/zod/-/zod-3.25.76.tgz 0ms (cache hit)
685 http cache ws@https://registry.npmjs.org/ws/-/ws-8.19.0.tgz 0ms (cache hit)
686 http cache victory-vendor@https://registry.npmjs.org/victory-vendor/-/victory-vendor-36.9.2.tgz 0ms (cache hit)
687 http cache vfile@https://registry.npmjs.org/vfile/-/vfile-6.0.3.tgz 0ms (cache hit)
688 http cache use-sync-external-store@https://registry.npmjs.org/use-sync-external-store/-/use-sync-external-store-1.6.0.tgz 0ms (cache hit)
689 http cache use-sidecar@https://registry.npmjs.org/use-sidecar/-/use-sidecar-1.1.3.tgz 0ms (cache hit)
690 http cache use-callback-ref@https://registry.npmjs.org/use-callback-ref/-/use-callback-ref-1.3.3.tgz 0ms (cache hit)
691 http cache uri-js@https://registry.npmjs.org/uri-js/-/uri-js-4.4.1.tgz 0ms (cache hit)
692 http cache typescript@https://registry.npmjs.org/typescript/-/typescript-5.9.3.tgz 0ms (cache hit)
693 http cache ts-api-utils@https://registry.npmjs.org/ts-api-utils/-/ts-api-utils-2.4.0.tgz 0ms (cache hit)
694 http cache tapable@https://registry.npmjs.org/tapable/-/tapable-2.3.0.tgz 0ms (cache hit)
695 http cache tiny-invariant@https://registry.npmjs.org/tiny-invariant/-/tiny-invariant-1.3.3.tgz 0ms (cache hit)
696 http cache tailwindcss@https://registry.npmjs.org/tailwindcss/-/tailwindcss-4.1.18.tgz 0ms (cache hit)
697 http cache tailwind-merge@https://registry.npmjs.org/tailwind-merge/-/tailwind-merge-3.4.0.tgz 0ms (cache hit)
698 http cache styled-jsx@https://registry.npmjs.org/styled-jsx/-/styled-jsx-5.1.6.tgz 0ms (cache hit)
699 http cache string.prototype.trimend@https://registry.npmjs.org/string.prototype.trimend/-/string.prototype.trimend-1.0.9.tgz 0ms (cache hit)
700 http cache string.prototype.trim@https://registry.npmjs.org/string.prototype.trim/-/string.prototype.trim-1.2.10.tgz 0ms (cache hit)
701 http cache string.prototype.trimstart@https://registry.npmjs.org/string.prototype.trimstart/-/string.prototype.trimstart-1.0.8.tgz 0ms (cache hit)
702 http cache stringify-entities@https://registry.npmjs.org/stringify-entities/-/stringify-entities-4.0.4.tgz 0ms (cache hit)
703 http cache string.prototype.matchall@https://registry.npmjs.org/string.prototype.matchall/-/string.prototype.matchall-4.0.12.tgz 0ms (cache hit)
704 http cache string.prototype.includes@https://registry.npmjs.org/string.prototype.includes/-/string.prototype.includes-2.0.1.tgz 0ms (cache hit)
705 http cache source-map-js@https://registry.npmjs.org/source-map-js/-/source-map-js-1.2.1.tgz 0ms (cache hit)
706 http cache source-map@https://registry.npmjs.org/source-map/-/source-map-0.7.6.tgz 0ms (cache hit)
707 http cache math-intrinsics@https://registry.npmjs.org/math-intrinsics/-/math-intrinsics-1.1.0.tgz 0ms (cache hit)
708 http cache sharp@https://registry.npmjs.org/sharp/-/sharp-0.34.5.tgz 1ms (cache hit)
709 http cache semver@https://registry.npmjs.org/semver/-/semver-7.7.3.tgz 0ms (cache hit)
710 http cache scheduler@https://registry.npmjs.org/scheduler/-/scheduler-0.27.0.tgz 0ms (cache hit)
711 http cache resolve@https://registry.npmjs.org/resolve/-/resolve-1.22.11.tgz 0ms (cache hit)
712 http cache regexp.prototype.flags@https://registry.npmjs.org/regexp.prototype.flags/-/regexp.prototype.flags-1.5.4.tgz 0ms (cache hit)
713 http cache regex@https://registry.npmjs.org/regex/-/regex-6.1.0.tgz 1ms (cache hit)
714 http cache reflect.getprototypeof@https://registry.npmjs.org/reflect.getprototypeof/-/reflect.getprototypeof-1.0.10.tgz 0ms (cache hit)
715 http cache recharts-scale@https://registry.npmjs.org/recharts-scale/-/recharts-scale-0.4.5.tgz 0ms (cache hit)
716 http cache recharts@https://registry.npmjs.org/recharts/-/recharts-2.15.4.tgz 0ms (cache hit)
717 http cache react-transition-group@https://registry.npmjs.org/react-transition-group/-/react-transition-group-4.4.5.tgz 0ms (cache hit)
718 http cache react-style-singleton@https://registry.npmjs.org/react-style-singleton/-/react-style-singleton-2.2.3.tgz 0ms (cache hit)
719 http cache react-smooth@https://registry.npmjs.org/react-smooth/-/react-smooth-4.0.4.tgz 0ms (cache hit)
720 http cache react-resizable-panels@https://registry.npmjs.org/react-resizable-panels/-/react-resizable-panels-2.1.9.tgz 0ms (cache hit)
721 http cache react-remove-scroll-bar@https://registry.npmjs.org/react-remove-scroll-bar/-/react-remove-scroll-bar-2.3.8.tgz 0ms (cache hit)
722 http cache react-remove-scroll@https://registry.npmjs.org/react-remove-scroll/-/react-remove-scroll-2.7.2.tgz 0ms (cache hit)
723 http cache react-hook-form@https://registry.npmjs.org/react-hook-form/-/react-hook-form-7.71.1.tgz 0ms (cache hit)
724 http cache react-day-picker@https://registry.npmjs.org/react-day-picker/-/react-day-picker-9.8.0.tgz 0ms (cache hit)
725 http cache react-dom@https://registry.npmjs.org/react-dom/-/react-dom-19.2.0.tgz 0ms (cache hit)
726 http cache react@https://registry.npmjs.org/react/-/react-19.2.0.tgz 0ms (cache hit)
727 http cache postcss@https://registry.npmjs.org/postcss/-/postcss-8.5.6.tgz 0ms (cache hit)
728 http cache property-information@https://registry.npmjs.org/property-information/-/property-information-7.1.0.tgz 0ms (cache hit)
729 http cache prop-types@https://registry.npmjs.org/prop-types/-/prop-types-15.8.1.tgz 0ms (cache hit)
730 http cache prelude-ls@https://registry.npmjs.org/prelude-ls/-/prelude-ls-1.2.1.tgz 0ms (cache hit)
731 http cache postcss-selector-parser@https://registry.npmjs.org/postcss-selector-parser/-/postcss-selector-parser-6.0.10.tgz 0ms (cache hit)
732 http cache picomatch@https://registry.npmjs.org/picomatch/-/picomatch-4.0.3.tgz 0ms (cache hit)
733 http cache object.values@https://registry.npmjs.org/object.values/-/object.values-1.2.1.tgz 0ms (cache hit)
734 http cache oniguruma-to-es@https://registry.npmjs.org/oniguruma-to-es/-/oniguruma-to-es-4.3.4.tgz 0ms (cache hit)
735 http cache oniguruma-parser@https://registry.npmjs.org/oniguruma-parser/-/oniguruma-parser-0.12.1.tgz 0ms (cache hit)
736 http cache object.fromentries@https://registry.npmjs.org/object.fromentries/-/object.fromentries-2.0.8.tgz 0ms (cache hit)
737 http cache object.groupby@https://registry.npmjs.org/object.groupby/-/object.groupby-1.0.3.tgz 0ms (cache hit)
738 http cache object.entries@https://registry.npmjs.org/object.entries/-/object.entries-1.1.9.tgz 0ms (cache hit)
739 http cache object.assign@https://registry.npmjs.org/object.assign/-/object.assign-4.1.7.tgz 0ms (cache hit)
740 http cache next@https://registry.npmjs.org/next/-/next-16.0.10.tgz 0ms (cache hit)
741 http cache object-inspect@https://registry.npmjs.org/object-inspect/-/object-inspect-1.13.4.tgz 0ms (cache hit)
742 http cache napi-postinstall@https://registry.npmjs.org/napi-postinstall/-/napi-postinstall-0.3.4.tgz 0ms (cache hit)
743 http cache nanoid@https://registry.npmjs.org/nanoid/-/nanoid-3.3.11.tgz 0ms (cache hit)
744 http cache motion-dom@https://registry.npmjs.org/motion-dom/-/motion-dom-12.29.0.tgz 0ms (cache hit)
745 http cache minimist@https://registry.npmjs.org/minimist/-/minimist-1.2.8.tgz 0ms (cache hit)
746 http cache micromark-extension-mdx-jsx@https://registry.npmjs.org/micromark-extension-mdx-jsx/-/micromark-extension-mdx-jsx-3.0.2.tgz 0ms (cache hit)
747 http cache micromark-extension-gfm-table@https://registry.npmjs.org/micromark-extension-gfm-table/-/micromark-extension-gfm-table-2.1.1.tgz 0ms (cache hit)
748 http cache micromark-extension-gfm-strikethrough@https://registry.npmjs.org/micromark-extension-gfm-strikethrough/-/micromark-extension-gfm-strikethrough-2.1.0.tgz 0ms (cache hit)
749 http cache micromark-extension-gfm-autolink-literal@https://registry.npmjs.org/micromark-extension-gfm-autolink-literal/-/micromark-extension-gfm-autolink-literal-2.1.0.tgz 0ms (cache hit)
750 http cache micromark-extension-gfm-footnote@https://registry.npmjs.org/micromark-extension-gfm-footnote/-/micromark-extension-gfm-footnote-2.1.0.tgz 0ms (cache hit)
751 http cache micromark@https://registry.npmjs.org/micromark/-/micromark-4.0.2.tgz 0ms (cache hit)
752 http cache micromark-core-commonmark@https://registry.npmjs.org/micromark-core-commonmark/-/micromark-core-commonmark-2.0.3.tgz 0ms (cache hit)
753 http cache mdast-util-to-markdown@https://registry.npmjs.org/mdast-util-to-markdown/-/mdast-util-to-markdown-2.1.2.tgz 0ms (cache hit)
754 http cache mdast-util-to-hast@https://registry.npmjs.org/mdast-util-to-hast/-/mdast-util-to-hast-13.2.1.tgz 0ms (cache hit)
755 http cache mdast-util-from-markdown@https://registry.npmjs.org/mdast-util-from-markdown/-/mdast-util-from-markdown-2.0.2.tgz 0ms (cache hit)
756 http cache magic-string@https://registry.npmjs.org/magic-string/-/magic-string-0.30.21.tgz 0ms (cache hit)
757 http cache lucide-react@https://registry.npmjs.org/lucide-react/-/lucide-react-0.454.0.tgz 0ms (cache hit)
758 http cache lru-cache@https://registry.npmjs.org/lru-cache/-/lru-cache-11.2.4.tgz 0ms (cache hit)
759 http cache lodash@https://registry.npmjs.org/lodash/-/lodash-4.17.21.tgz 0ms (cache hit)
760 http cache lightningcss@https://registry.npmjs.org/lightningcss/-/lightningcss-1.30.2.tgz 0ms (cache hit)
761 http cache language-subtag-registry@https://registry.npmjs.org/language-subtag-registry/-/language-subtag-registry-0.3.23.tgz 0ms (cache hit)
762 http cache jsx-ast-utils@https://registry.npmjs.org/jsx-ast-utils/-/jsx-ast-utils-3.3.5.tgz 0ms (cache hit)
763 http cache json5@https://registry.npmjs.org/json5/-/json5-2.2.3.tgz 0ms (cache hit)
764 http cache js-yaml@https://registry.npmjs.org/js-yaml/-/js-yaml-4.1.1.tgz 0ms (cache hit)
765 http cache jiti@https://registry.npmjs.org/jiti/-/jiti-2.6.1.tgz 0ms (cache hit)
766 http cache image-size@https://registry.npmjs.org/image-size/-/image-size-2.0.2.tgz 0ms (cache hit)
767 http cache hast-util-to-html@https://registry.npmjs.org/hast-util-to-html/-/hast-util-to-html-9.0.5.tgz 0ms (cache hit)
768 http cache hast-util-to-estree@https://registry.npmjs.org/hast-util-to-estree/-/hast-util-to-estree-3.1.3.tgz 0ms (cache hit)
769 http cache has-symbols@https://registry.npmjs.org/has-symbols/-/has-symbols-1.1.0.tgz 0ms (cache hit)
770 http cache has-tostringtag@https://registry.npmjs.org/has-tostringtag/-/has-tostringtag-1.0.2.tgz 0ms (cache hit)
771 http cache globalthis@https://registry.npmjs.org/globalthis/-/globalthis-1.0.4.tgz 0ms (cache hit)
772 http cache function.prototype.name@https://registry.npmjs.org/function.prototype.name/-/function.prototype.name-1.1.8.tgz 0ms (cache hit)
773 http cache fumadocs-mdx@https://registry.npmjs.org/fumadocs-mdx/-/fumadocs-mdx-11.6.10.tgz 0ms (cache hit)
774 http cache fumadocs-ui@https://registry.npmjs.org/fumadocs-ui/-/fumadocs-ui-15.6.2.tgz 0ms (cache hit)
775 http cache fumadocs-core@https://registry.npmjs.org/fumadocs-core/-/fumadocs-core-15.6.2.tgz 0ms (cache hit)
776 http cache framer-motion@https://registry.npmjs.org/framer-motion/-/framer-motion-12.29.0.tgz 0ms (cache hit)
777 http cache fraction.js@https://registry.npmjs.org/fraction.js/-/fraction.js-5.3.4.tgz 0ms (cache hit)
778 http cache fast-json-stable-stringify@https://registry.npmjs.org/fast-json-stable-stringify/-/fast-json-stable-stringify-2.1.0.tgz 0ms (cache hit)
779 http cache fast-equals@https://registry.npmjs.org/fast-equals/-/fast-equals-5.4.0.tgz 0ms (cache hit)
780 http cache fast-glob@https://registry.npmjs.org/fast-glob/-/fast-glob-3.3.1.tgz 0ms (cache hit)
781 http cache esquery@https://registry.npmjs.org/esquery/-/esquery-1.7.0.tgz 0ms (cache hit)
782 http cache espree@https://registry.npmjs.org/espree/-/espree-10.4.0.tgz 0ms (cache hit)
783 http cache eslint-scope@https://registry.npmjs.org/eslint-scope/-/eslint-scope-8.4.0.tgz 0ms (cache hit)
784 http cache eslint-plugin-react-hooks@https://registry.npmjs.org/eslint-plugin-react-hooks/-/eslint-plugin-react-hooks-7.0.1.tgz 0ms (cache hit)
785 http cache eslint-plugin-react@https://registry.npmjs.org/eslint-plugin-react/-/eslint-plugin-react-7.37.5.tgz 0ms (cache hit)
786 http cache eslint-plugin-jsx-a11y@https://registry.npmjs.org/eslint-plugin-jsx-a11y/-/eslint-plugin-jsx-a11y-6.10.2.tgz 0ms (cache hit)
787 http cache eslint-plugin-import@https://registry.npmjs.org/eslint-plugin-import/-/eslint-plugin-import-2.32.0.tgz 0ms (cache hit)
788 http cache dom-helpers@https://registry.npmjs.org/dom-helpers/-/dom-helpers-5.2.1.tgz 0ms (cache hit)
789 http cache eslint@https://registry.npmjs.org/eslint/-/eslint-9.39.2.tgz 0ms (cache hit)
790 http cache enhanced-resolve@https://registry.npmjs.org/enhanced-resolve/-/enhanced-resolve-5.18.4.tgz 0ms (cache hit)
791 http cache es-to-primitive@https://registry.npmjs.org/es-to-primitive/-/es-to-primitive-1.3.0.tgz 0ms (cache hit)
792 http cache es-iterator-helpers@https://registry.npmjs.org/es-iterator-helpers/-/es-iterator-helpers-1.2.2.tgz 0ms (cache hit)
793 http cache es-abstract@https://registry.npmjs.org/es-abstract/-/es-abstract-1.24.1.tgz 0ms (cache hit)
794 http cache embla-carousel@https://registry.npmjs.org/embla-carousel/-/embla-carousel-8.5.1.tgz 0ms (cache hit)
795 http cache emoji-regex@https://registry.npmjs.org/emoji-regex/-/emoji-regex-9.2.2.tgz 0ms (cache hit)
796 http cache embla-carousel-react@https://registry.npmjs.org/embla-carousel-react/-/embla-carousel-react-8.5.1.tgz 0ms (cache hit)
797 http cache embla-carousel-reactive-utils@https://registry.npmjs.org/embla-carousel-reactive-utils/-/embla-carousel-reactive-utils-8.5.1.tgz 0ms (cache hit)
798 http cache electron-to-chromium@https://registry.npmjs.org/electron-to-chromium/-/electron-to-chromium-1.5.267.tgz 0ms (cache hit)
799 http cache date-fns@https://registry.npmjs.org/date-fns/-/date-fns-4.1.0.tgz 0ms (cache hit)
800 http cache date-fns-jalali@https://registry.npmjs.org/date-fns-jalali/-/date-fns-jalali-4.1.0-0.tgz 0ms (cache hit)
801 http cache d3-time@https://registry.npmjs.org/d3-time/-/d3-time-3.1.0.tgz 0ms (cache hit)
802 http cache d3-time-format@https://registry.npmjs.org/d3-time-format/-/d3-time-format-4.1.0.tgz 0ms (cache hit)
803 http cache d3-shape@https://registry.npmjs.org/d3-shape/-/d3-shape-3.2.0.tgz 0ms (cache hit)
804 http cache d3-scale@https://registry.npmjs.org/d3-scale/-/d3-scale-4.0.2.tgz 0ms (cache hit)
805 http cache d3-interpolate@https://registry.npmjs.org/d3-interpolate/-/d3-interpolate-3.0.1.tgz 0ms (cache hit)
806 http cache d3-format@https://registry.npmjs.org/d3-format/-/d3-format-3.1.1.tgz 0ms (cache hit)
807 http cache d3-ease@https://registry.npmjs.org/d3-ease/-/d3-ease-3.0.1.tgz 0ms (cache hit)
808 http cache d3-color@https://registry.npmjs.org/d3-color/-/d3-color-3.1.0.tgz 0ms (cache hit)
809 http cache d3-array@https://registry.npmjs.org/d3-array/-/d3-array-3.2.4.tgz 0ms (cache hit)
810 http cache cross-spawn@https://registry.npmjs.org/cross-spawn/-/cross-spawn-7.0.6.tgz 0ms (cache hit)
811 http cache csstype@https://registry.npmjs.org/csstype/-/csstype-3.2.3.tgz 0ms (cache hit)
812 http cache chokidar@https://registry.npmjs.org/chokidar/-/chokidar-4.0.3.tgz 0ms (cache hit)
813 http cache caniuse-lite@https://registry.npmjs.org/caniuse-lite/-/caniuse-lite-1.0.30001764.tgz 0ms (cache hit)
814 http cache braces@https://registry.npmjs.org/braces/-/braces-3.0.3.tgz 0ms (cache hit)
815 http cache baseline-browser-mapping@https://registry.npmjs.org/baseline-browser-mapping/-/baseline-browser-mapping-2.9.14.tgz 0ms (cache hit)
816 http cache axobject-query@https://registry.npmjs.org/axobject-query/-/axobject-query-4.1.0.tgz 0ms (cache hit)
817 http cache axe-core@https://registry.npmjs.org/axe-core/-/axe-core-4.11.1.tgz 0ms (cache hit)
818 http cache autoprefixer@https://registry.npmjs.org/autoprefixer/-/autoprefixer-10.4.23.tgz 0ms (cache hit)
819 http cache arraybuffer.prototype.slice@https://registry.npmjs.org/arraybuffer.prototype.slice/-/arraybuffer.prototype.slice-1.0.4.tgz 0ms (cache hit)
820 http cache array.prototype.tosorted@https://registry.npmjs.org/array.prototype.tosorted/-/array.prototype.tosorted-1.1.4.tgz 0ms (cache hit)
821 http cache array.prototype.flatmap@https://registry.npmjs.org/array.prototype.flatmap/-/array.prototype.flatmap-1.3.3.tgz 0ms (cache hit)
822 http cache array.prototype.flat@https://registry.npmjs.org/array.prototype.flat/-/array.prototype.flat-1.3.3.tgz 0ms (cache hit)
823 http cache array.prototype.findlastindex@https://registry.npmjs.org/array.prototype.findlastindex/-/array.prototype.findlastindex-1.2.6.tgz 0ms (cache hit)
824 http cache array.prototype.findlast@https://registry.npmjs.org/array.prototype.findlast/-/array.prototype.findlast-1.2.5.tgz 0ms (cache hit)
825 http cache array-includes@https://registry.npmjs.org/array-includes/-/array-includes-3.1.9.tgz 0ms (cache hit)
826 http cache aria-query@https://registry.npmjs.org/aria-query/-/aria-query-5.3.2.tgz 0ms (cache hit)
827 http cache acorn@https://registry.npmjs.org/acorn/-/acorn-8.15.0.tgz 0ms (cache hit)
828 http cache ajv@https://registry.npmjs.org/ajv/-/ajv-6.12.6.tgz 0ms (cache hit)
829 http cache @types/unist@https://registry.npmjs.org/@types/unist/-/unist-2.0.11.tgz 0ms (cache hit)
830 http cache @radix-ui/react-use-layout-effect@https://registry.npmjs.org/@radix-ui/react-use-layout-effect/-/react-use-layout-effect-1.1.1.tgz 0ms (cache hit)
831 http cache json5@https://registry.npmjs.org/json5/-/json5-1.0.2.tgz 0ms (cache hit)
832 http cache brace-expansion@https://registry.npmjs.org/brace-expansion/-/brace-expansion-1.1.12.tgz 0ms (cache hit)
833 http cache picomatch@https://registry.npmjs.org/picomatch/-/picomatch-2.3.1.tgz 0ms (cache hit)
834 http cache debug@https://registry.npmjs.org/debug/-/debug-3.2.7.tgz 0ms (cache hit)
835 http cache debug@https://registry.npmjs.org/debug/-/debug-3.2.7.tgz 0ms (cache hit)
836 http cache globals@https://registry.npmjs.org/globals/-/globals-16.4.0.tgz 0ms (cache hit)
837 http cache minimatch@https://registry.npmjs.org/minimatch/-/minimatch-9.0.5.tgz 0ms (cache hit)
838 http cache ignore@https://registry.npmjs.org/ignore/-/ignore-7.0.5.tgz 0ms (cache hit)
839 http cache eslint-visitor-keys@https://registry.npmjs.org/eslint-visitor-keys/-/eslint-visitor-keys-3.4.3.tgz 0ms (cache hit)
840 http cache semver@https://registry.npmjs.org/semver/-/semver-6.3.1.tgz 0ms (cache hit)
841 http cache lru-cache@https://registry.npmjs.org/lru-cache/-/lru-cache-5.1.1.tgz 0ms (cache hit)
842 http cache semver@https://registry.npmjs.org/semver/-/semver-6.3.1.tgz 0ms (cache hit)
843 http cache react-is@https://registry.npmjs.org/react-is/-/react-is-16.13.1.tgz 0ms (cache hit)
844 http cache postcss@https://registry.npmjs.org/postcss/-/postcss-8.4.31.tgz 0ms (cache hit)
845 http cache @radix-ui/rect@https://registry.npmjs.org/@radix-ui/rect/-/rect-1.1.1.tgz 0ms (cache hit)
846 http cache @radix-ui/react-visually-hidden@https://registry.npmjs.org/@radix-ui/react-visually-hidden/-/react-visually-hidden-1.2.3.tgz 0ms (cache hit)
847 http cache @radix-ui/react-use-size@https://registry.npmjs.org/@radix-ui/react-use-size/-/react-use-size-1.1.1.tgz 0ms (cache hit)
848 http cache @radix-ui/react-use-layout-effect@https://registry.npmjs.org/@radix-ui/react-use-layout-effect/-/react-use-layout-effect-1.1.1.tgz 0ms (cache hit)
849 http cache @radix-ui/react-use-rect@https://registry.npmjs.org/@radix-ui/react-use-rect/-/react-use-rect-1.1.1.tgz 0ms (cache hit)
850 http cache @radix-ui/react-use-previous@https://registry.npmjs.org/@radix-ui/react-use-previous/-/react-use-previous-1.1.1.tgz 0ms (cache hit)
851 http cache @radix-ui/react-use-escape-keydown@https://registry.npmjs.org/@radix-ui/react-use-escape-keydown/-/react-use-escape-keydown-1.1.1.tgz 0ms (cache hit)
852 http cache @radix-ui/react-use-controllable-state@https://registry.npmjs.org/@radix-ui/react-use-controllable-state/-/react-use-controllable-state-1.2.2.tgz 0ms (cache hit)
853 http cache @radix-ui/react-use-callback-ref@https://registry.npmjs.org/@radix-ui/react-use-callback-ref/-/react-use-callback-ref-1.1.1.tgz 0ms (cache hit)
854 http cache @radix-ui/react-tabs@https://registry.npmjs.org/@radix-ui/react-tabs/-/react-tabs-1.1.13.tgz 0ms (cache hit)
855 http cache @radix-ui/react-slot@https://registry.npmjs.org/@radix-ui/react-slot/-/react-slot-1.2.4.tgz 0ms (cache hit)
856 http cache @radix-ui/react-scroll-area@https://registry.npmjs.org/@radix-ui/react-scroll-area/-/react-scroll-area-1.2.10.tgz 0ms (cache hit)
857 http cache @radix-ui/react-roving-focus@https://registry.npmjs.org/@radix-ui/react-roving-focus/-/react-roving-focus-1.1.11.tgz 0ms (cache hit)
858 http cache @radix-ui/react-primitive@https://registry.npmjs.org/@radix-ui/react-primitive/-/react-primitive-2.1.3.tgz 0ms (cache hit)
859 http cache @radix-ui/react-slot@https://registry.npmjs.org/@radix-ui/react-slot/-/react-slot-1.2.3.tgz 0ms (cache hit)
860 http cache @radix-ui/react-presence@https://registry.npmjs.org/@radix-ui/react-presence/-/react-presence-1.1.5.tgz 0ms (cache hit)
861 http cache @radix-ui/react-portal@https://registry.npmjs.org/@radix-ui/react-portal/-/react-portal-1.1.9.tgz 0ms (cache hit)
862 http cache @radix-ui/react-popper@https://registry.npmjs.org/@radix-ui/react-popper/-/react-popper-1.2.8.tgz 0ms (cache hit)
863 http cache @radix-ui/react-popover@https://registry.npmjs.org/@radix-ui/react-popover/-/react-popover-1.1.15.tgz 0ms (cache hit)
864 http cache @radix-ui/react-slot@https://registry.npmjs.org/@radix-ui/react-slot/-/react-slot-1.2.3.tgz 0ms (cache hit)
865 http cache @radix-ui/react-navigation-menu@https://registry.npmjs.org/@radix-ui/react-navigation-menu/-/react-navigation-menu-1.2.14.tgz 0ms (cache hit)
866 http cache @radix-ui/react-id@https://registry.npmjs.org/@radix-ui/react-id/-/react-id-1.1.1.tgz 0ms (cache hit)
867 http cache @radix-ui/react-focus-scope@https://registry.npmjs.org/@radix-ui/react-focus-scope/-/react-focus-scope-1.1.7.tgz 0ms (cache hit)
868 http cache @radix-ui/react-focus-guards@https://registry.npmjs.org/@radix-ui/react-focus-guards/-/react-focus-guards-1.1.3.tgz 0ms (cache hit)
869 http cache @radix-ui/react-dismissable-layer@https://registry.npmjs.org/@radix-ui/react-dismissable-layer/-/react-dismissable-layer-1.1.11.tgz 0ms (cache hit)
870 http cache @radix-ui/react-direction@https://registry.npmjs.org/@radix-ui/react-direction/-/react-direction-1.1.1.tgz 0ms (cache hit)
871 http cache @radix-ui/react-slot@https://registry.npmjs.org/@radix-ui/react-slot/-/react-slot-1.2.3.tgz 0ms (cache hit)
872 http cache @radix-ui/react-context@https://registry.npmjs.org/@radix-ui/react-context/-/react-context-1.1.2.tgz 0ms (cache hit)
873 http cache @radix-ui/react-compose-refs@https://registry.npmjs.org/@radix-ui/react-compose-refs/-/react-compose-refs-1.1.2.tgz 0ms (cache hit)
874 http cache @radix-ui/react-collection@https://registry.npmjs.org/@radix-ui/react-collection/-/react-collection-1.1.7.tgz 0ms (cache hit)
875 http cache @radix-ui/react-dialog@https://registry.npmjs.org/@radix-ui/react-dialog/-/react-dialog-1.1.15.tgz 0ms (cache hit)
876 http cache @radix-ui/react-slot@https://registry.npmjs.org/@radix-ui/react-slot/-/react-slot-1.2.3.tgz 0ms (cache hit)
877 http cache @radix-ui/react-collapsible@https://registry.npmjs.org/@radix-ui/react-collapsible/-/react-collapsible-1.1.12.tgz 0ms (cache hit)
878 http cache @radix-ui/react-arrow@https://registry.npmjs.org/@radix-ui/react-arrow/-/react-arrow-1.1.7.tgz 0ms (cache hit)
879 http cache @radix-ui/react-accordion@https://registry.npmjs.org/@radix-ui/react-accordion/-/react-accordion-1.2.12.tgz 0ms (cache hit)
880 http cache @radix-ui/primitive@https://registry.npmjs.org/@radix-ui/primitive/-/primitive-1.1.3.tgz 0ms (cache hit)
881 http cache @radix-ui/number@https://registry.npmjs.org/@radix-ui/number/-/number-1.1.1.tgz 0ms (cache hit)
882 http cache postcss-selector-parser@https://registry.npmjs.org/postcss-selector-parser/-/postcss-selector-parser-7.1.1.tgz 0ms (cache hit)
883 http cache glob-parent@https://registry.npmjs.org/glob-parent/-/glob-parent-5.1.2.tgz 0ms (cache hit)
884 http cache semver@https://registry.npmjs.org/semver/-/semver-6.3.1.tgz 0ms (cache hit)
885 http cache resolve@https://registry.npmjs.org/resolve/-/resolve-2.0.0-next.5.tgz 0ms (cache hit)
886 http cache semver@https://registry.npmjs.org/semver/-/semver-6.3.1.tgz 0ms (cache hit)
887 http cache debug@https://registry.npmjs.org/debug/-/debug-3.2.7.tgz 0ms (cache hit)
888 http cache escape-string-regexp@https://registry.npmjs.org/escape-string-regexp/-/escape-string-regexp-4.0.0.tgz 0ms (cache hit)
889 silly tarball no local data for @img/sharp-linuxmusl-x64@https://registry.npmjs.org/@img/sharp-linuxmusl-x64/-/sharp-linuxmusl-x64-0.34.5.tgz. Extracting by manifest.
890 silly tarball no local data for @img/sharp-linux-x64@https://registry.npmjs.org/@img/sharp-linux-x64/-/sharp-linux-x64-0.34.5.tgz. Extracting by manifest.
891 silly tarball no local data for @typescript-eslint/typescript-estree@https://registry.npmjs.org/@typescript-eslint/typescript-estree/-/typescript-estree-8.54.0.tgz. Extracting by manifest.
892 silly tarball no local data for @typescript-eslint/eslint-plugin@https://registry.npmjs.org/@typescript-eslint/eslint-plugin/-/eslint-plugin-8.54.0.tgz. Extracting by manifest.
893 silly tarball no local data for @types/node@https://registry.npmjs.org/@types/node/-/node-22.19.6.tgz. Extracting by manifest.
894 silly tarball no local data for @tybys/wasm-util@https://registry.npmjs.org/@tybys/wasm-util/-/wasm-util-0.10.1.tgz. Extracting by manifest.
895 silly tarball no local data for @supabase/auth-js@https://registry.npmjs.org/@supabase/auth-js/-/auth-js-2.93.3.tgz. Extracting by manifest.
896 silly tarball no local data for @supabase/supabase-js@https://registry.npmjs.org/@supabase/supabase-js/-/supabase-js-2.93.3.tgz. Extracting by manifest.
897 silly tarball no local data for @supabase/storage-js@https://registry.npmjs.org/@supabase/storage-js/-/storage-js-2.93.3.tgz. Extracting by manifest.
898 silly tarball no local data for @supabase/postgrest-js@https://registry.npmjs.org/@supabase/postgrest-js/-/postgrest-js-2.93.3.tgz. Extracting by manifest.
899 silly tarball no local data for @types/react@https://registry.npmjs.org/@types/react/-/react-19.2.8.tgz. Extracting by manifest.
900 silly tarball no local data for @supabase/realtime-js@https://registry.npmjs.org/@supabase/realtime-js/-/realtime-js-2.93.3.tgz. Extracting by manifest.
901 silly tarball no local data for @radix-ui/react-tooltip@https://registry.npmjs.org/@radix-ui/react-tooltip/-/react-tooltip-1.1.6.tgz. Extracting by manifest.
902 silly tarball no local data for @radix-ui/react-toast@https://registry.npmjs.org/@radix-ui/react-toast/-/react-toast-1.2.4.tgz. Extracting by manifest.
903 silly tarball no local data for @radix-ui/react-scroll-area@https://registry.npmjs.org/@radix-ui/react-scroll-area/-/react-scroll-area-1.2.2.tgz. Extracting by manifest.
904 silly tarball no local data for @radix-ui/react-select@https://registry.npmjs.org/@radix-ui/react-select/-/react-select-2.1.4.tgz. Extracting by manifest.
905 silly tarball no local data for @radix-ui/react-menubar@https://registry.npmjs.org/@radix-ui/react-menubar/-/react-menubar-1.1.4.tgz. Extracting by manifest.
906 silly tarball no local data for @radix-ui/react-popover@https://registry.npmjs.org/@radix-ui/react-popover/-/react-popover-1.1.4.tgz. Extracting by manifest.
907 silly tarball no local data for @radix-ui/react-menu@https://registry.npmjs.org/@radix-ui/react-menu/-/react-menu-2.1.4.tgz. Extracting by manifest.
908 silly tarball no local data for @radix-ui/react-navigation-menu@https://registry.npmjs.org/@radix-ui/react-navigation-menu/-/react-navigation-menu-1.2.3.tgz. Extracting by manifest.
909 silly tarball no local data for @radix-ui/react-icons@https://registry.npmjs.org/@radix-ui/react-icons/-/react-icons-1.3.2.tgz. Extracting by manifest.
910 silly tarball no local data for @radix-ui/react-dropdown-menu@https://registry.npmjs.org/@radix-ui/react-dropdown-menu/-/react-dropdown-menu-2.1.4.tgz. Extracting by manifest.
911 silly tarball no local data for @radix-ui/react-hover-card@https://registry.npmjs.org/@radix-ui/react-hover-card/-/react-hover-card-1.1.4.tgz. Extracting by manifest.
912 silly tarball no local data for @radix-ui/react-dialog@https://registry.npmjs.org/@radix-ui/react-dialog/-/react-dialog-1.1.4.tgz. Extracting by manifest.
913 silly tarball no local data for @radix-ui/react-context-menu@https://registry.npmjs.org/@radix-ui/react-context-menu/-/react-context-menu-2.2.4.tgz. Extracting by manifest.
914 silly tarball no local data for @orama/orama@https://registry.npmjs.org/@orama/orama/-/orama-3.1.18.tgz. Extracting by manifest.
915 silly tarball no local data for @mdx-js/mdx@https://registry.npmjs.org/@mdx-js/mdx/-/mdx-3.1.1.tgz. Extracting by manifest.
916 silly tarball no local data for @napi-rs/wasm-runtime@https://registry.npmjs.org/@napi-rs/wasm-runtime/-/wasm-runtime-0.2.12.tgz. Extracting by manifest.
917 silly tarball no local data for @jridgewell/trace-mapping@https://registry.npmjs.org/@jridgewell/trace-mapping/-/trace-mapping-0.3.31.tgz. Extracting by manifest.
918 silly tarball no local data for @img/sharp-libvips-linuxmusl-x64@https://registry.npmjs.org/@img/sharp-libvips-linuxmusl-x64/-/sharp-libvips-linuxmusl-x64-1.2.4.tgz. Extracting by manifest.
919 silly tarball no local data for @jridgewell/sourcemap-codec@https://registry.npmjs.org/@jridgewell/sourcemap-codec/-/sourcemap-codec-1.5.5.tgz. Extracting by manifest.
920 silly tarball no local data for @eslint/config-array@https://registry.npmjs.org/@eslint/config-array/-/config-array-0.21.1.tgz. Extracting by manifest.
921 silly tarball no local data for @img/sharp-libvips-linux-x64@https://registry.npmjs.org/@img/sharp-libvips-linux-x64/-/sharp-libvips-linux-x64-1.2.4.tgz. Extracting by manifest.
922 silly tarball no local data for @hookform/resolvers@https://registry.npmjs.org/@hookform/resolvers/-/resolvers-3.10.0.tgz. Extracting by manifest.
923 silly tarball no local data for @eslint-community/regexpp@https://registry.npmjs.org/@eslint-community/regexpp/-/regexpp-4.12.2.tgz. Extracting by manifest.
924 silly tarball no local data for @eslint-community/eslint-utils@https://registry.npmjs.org/@eslint-community/eslint-utils/-/eslint-utils-4.9.1.tgz. Extracting by manifest.
925 silly tarball no local data for @eslint/eslintrc@https://registry.npmjs.org/@eslint/eslintrc/-/eslintrc-3.3.3.tgz. Extracting by manifest.
926 silly tarball no local data for @esbuild/linux-x64@https://registry.npmjs.org/@esbuild/linux-x64/-/linux-x64-0.25.12.tgz. Extracting by manifest.
927 silly tarball no local data for @beeper/desktop-api@https://registry.npmjs.org/@beeper/desktop-api/-/desktop-api-0.1.5.tgz. Extracting by manifest.
928 silly tarball no local data for @babel/types@https://registry.npmjs.org/@babel/types/-/types-7.29.0.tgz. Extracting by manifest.
929 silly tarball no local data for @emnapi/core@https://registry.npmjs.org/@emnapi/core/-/core-1.8.1.tgz. Extracting by manifest.
930 silly tarball no local data for @babel/traverse@https://registry.npmjs.org/@babel/traverse/-/traverse-7.29.0.tgz. Extracting by manifest.
931 silly tarball no local data for @babel/parser@https://registry.npmjs.org/@babel/parser/-/parser-7.29.0.tgz. Extracting by manifest.
932 silly tarball no local data for @emnapi/runtime@https://registry.npmjs.org/@emnapi/runtime/-/runtime-1.8.1.tgz. Extracting by manifest.
933 silly tarball no local data for @babel/helpers@https://registry.npmjs.org/@babel/helpers/-/helpers-7.28.6.tgz. Extracting by manifest.
934 silly tarball no local data for @babel/generator@https://registry.npmjs.org/@babel/generator/-/generator-7.29.1.tgz. Extracting by manifest.
935 silly tarball no local data for @babel/core@https://registry.npmjs.org/@babel/core/-/core-7.29.0.tgz. Extracting by manifest.
936 silly tarball no local data for victory-vendor@https://registry.npmjs.org/victory-vendor/-/victory-vendor-36.9.2.tgz. Extracting by manifest.
937 silly tarball no local data for zod@https://registry.npmjs.org/zod/-/zod-3.25.76.tgz. Extracting by manifest.
938 silly tarball no local data for vfile@https://registry.npmjs.org/vfile/-/vfile-6.0.3.tgz. Extracting by manifest.
939 silly tarball no local data for uri-js@https://registry.npmjs.org/uri-js/-/uri-js-4.4.1.tgz. Extracting by manifest.
940 silly tarball no local data for typescript@https://registry.npmjs.org/typescript/-/typescript-5.9.3.tgz. Extracting by manifest.
941 silly tarball no local data for ws@https://registry.npmjs.org/ws/-/ws-8.19.0.tgz. Extracting by manifest.
942 silly tarball no local data for tailwindcss@https://registry.npmjs.org/tailwindcss/-/tailwindcss-4.1.18.tgz. Extracting by manifest.
943 silly tarball no local data for styled-jsx@https://registry.npmjs.org/styled-jsx/-/styled-jsx-5.1.6.tgz. Extracting by manifest.
944 silly tarball no local data for tailwind-merge@https://registry.npmjs.org/tailwind-merge/-/tailwind-merge-3.4.0.tgz. Extracting by manifest.
945 silly tarball no local data for source-map@https://registry.npmjs.org/source-map/-/source-map-0.7.6.tgz. Extracting by manifest.
946 silly tarball no local data for sharp@https://registry.npmjs.org/sharp/-/sharp-0.34.5.tgz. Extracting by manifest.
947 silly tarball no local data for regex@https://registry.npmjs.org/regex/-/regex-6.1.0.tgz. Extracting by manifest.
948 silly tarball no local data for recharts@https://registry.npmjs.org/recharts/-/recharts-2.15.4.tgz. Extracting by manifest.
949 silly tarball no local data for react-resizable-panels@https://registry.npmjs.org/react-resizable-panels/-/react-resizable-panels-2.1.9.tgz. Extracting by manifest.
950 silly tarball no local data for react-day-picker@https://registry.npmjs.org/react-day-picker/-/react-day-picker-9.8.0.tgz. Extracting by manifest.
951 silly tarball no local data for react-dom@https://registry.npmjs.org/react-dom/-/react-dom-19.2.0.tgz. Extracting by manifest.
952 silly tarball no local data for react-hook-form@https://registry.npmjs.org/react-hook-form/-/react-hook-form-7.71.1.tgz. Extracting by manifest.
953 silly tarball no local data for oniguruma-to-es@https://registry.npmjs.org/oniguruma-to-es/-/oniguruma-to-es-4.3.4.tgz. Extracting by manifest.
954 silly tarball no local data for oniguruma-parser@https://registry.npmjs.org/oniguruma-parser/-/oniguruma-parser-0.12.1.tgz. Extracting by manifest.
955 silly tarball no local data for next@https://registry.npmjs.org/next/-/next-16.0.10.tgz. Extracting by manifest.
956 silly tarball no local data for motion-dom@https://registry.npmjs.org/motion-dom/-/motion-dom-12.29.0.tgz. Extracting by manifest.
957 silly tarball no local data for micromark-extension-mdx-jsx@https://registry.npmjs.org/micromark-extension-mdx-jsx/-/micromark-extension-mdx-jsx-3.0.2.tgz. Extracting by manifest.
958 silly tarball no local data for lodash@https://registry.npmjs.org/lodash/-/lodash-4.17.21.tgz. Extracting by manifest.
959 silly tarball no local data for lightningcss@https://registry.npmjs.org/lightningcss/-/lightningcss-1.30.2.tgz. Extracting by manifest.
960 silly tarball no local data for language-subtag-registry@https://registry.npmjs.org/language-subtag-registry/-/language-subtag-registry-0.3.23.tgz. Extracting by manifest.
961 silly tarball no local data for lucide-react@https://registry.npmjs.org/lucide-react/-/lucide-react-0.454.0.tgz. Extracting by manifest.
962 silly tarball no local data for lru-cache@https://registry.npmjs.org/lru-cache/-/lru-cache-11.2.4.tgz. Extracting by manifest.
963 silly tarball no local data for js-yaml@https://registry.npmjs.org/js-yaml/-/js-yaml-4.1.1.tgz. Extracting by manifest.
964 silly tarball no local data for jiti@https://registry.npmjs.org/jiti/-/jiti-2.6.1.tgz. Extracting by manifest.
965 silly tarball no local data for magic-string@https://registry.npmjs.org/magic-string/-/magic-string-0.30.21.tgz. Extracting by manifest.
966 silly tarball no local data for fumadocs-ui@https://registry.npmjs.org/fumadocs-ui/-/fumadocs-ui-15.6.2.tgz. Extracting by manifest.
967 silly tarball no local data for framer-motion@https://registry.npmjs.org/framer-motion/-/framer-motion-12.29.0.tgz. Extracting by manifest.
968 silly tarball no local data for esquery@https://registry.npmjs.org/esquery/-/esquery-1.7.0.tgz. Extracting by manifest.
969 silly tarball no local data for eslint-plugin-react-hooks@https://registry.npmjs.org/eslint-plugin-react-hooks/-/eslint-plugin-react-hooks-7.0.1.tgz. Extracting by manifest.
970 silly tarball no local data for eslint-plugin-react@https://registry.npmjs.org/eslint-plugin-react/-/eslint-plugin-react-7.37.5.tgz. Extracting by manifest.
971 silly tarball no local data for eslint-plugin-jsx-a11y@https://registry.npmjs.org/eslint-plugin-jsx-a11y/-/eslint-plugin-jsx-a11y-6.10.2.tgz. Extracting by manifest.
972 silly tarball no local data for eslint@https://registry.npmjs.org/eslint/-/eslint-9.39.2.tgz. Extracting by manifest.
973 silly tarball no local data for eslint-plugin-import@https://registry.npmjs.org/eslint-plugin-import/-/eslint-plugin-import-2.32.0.tgz. Extracting by manifest.
974 silly tarball no local data for es-abstract@https://registry.npmjs.org/es-abstract/-/es-abstract-1.24.1.tgz. Extracting by manifest.
975 silly tarball no local data for embla-carousel@https://registry.npmjs.org/embla-carousel/-/embla-carousel-8.5.1.tgz. Extracting by manifest.
976 silly tarball no local data for date-fns@https://registry.npmjs.org/date-fns/-/date-fns-4.1.0.tgz. Extracting by manifest.
977 silly tarball no local data for date-fns-jalali@https://registry.npmjs.org/date-fns-jalali/-/date-fns-jalali-4.1.0-0.tgz. Extracting by manifest.
978 silly tarball no local data for csstype@https://registry.npmjs.org/csstype/-/csstype-3.2.3.tgz. Extracting by manifest.
979 silly tarball no local data for caniuse-lite@https://registry.npmjs.org/caniuse-lite/-/caniuse-lite-1.0.30001764.tgz. Extracting by manifest.
980 silly tarball no local data for axe-core@https://registry.npmjs.org/axe-core/-/axe-core-4.11.1.tgz. Extracting by manifest.
981 silly tarball no local data for acorn@https://registry.npmjs.org/acorn/-/acorn-8.15.0.tgz. Extracting by manifest.
982 silly tarball no local data for ajv@https://registry.npmjs.org/ajv/-/ajv-6.12.6.tgz. Extracting by manifest.
983 silly tarball no local data for @types/unist@https://registry.npmjs.org/@types/unist/-/unist-2.0.11.tgz. Extracting by manifest.
984 silly tarball no local data for json5@https://registry.npmjs.org/json5/-/json5-1.0.2.tgz. Extracting by manifest.
985 silly tarball no local data for brace-expansion@https://registry.npmjs.org/brace-expansion/-/brace-expansion-1.1.12.tgz. Extracting by manifest.
986 silly tarball no local data for picomatch@https://registry.npmjs.org/picomatch/-/picomatch-2.3.1.tgz. Extracting by manifest.
987 silly tarball no local data for debug@https://registry.npmjs.org/debug/-/debug-3.2.7.tgz. Extracting by manifest.
988 silly tarball no local data for debug@https://registry.npmjs.org/debug/-/debug-3.2.7.tgz. Extracting by manifest.
989 silly tarball no local data for @radix-ui/react-use-layout-effect@https://registry.npmjs.org/@radix-ui/react-use-layout-effect/-/react-use-layout-effect-1.1.1.tgz. Extracting by manifest.
990 silly tarball no local data for minimatch@https://registry.npmjs.org/minimatch/-/minimatch-9.0.5.tgz. Extracting by manifest.
991 silly tarball no local data for ignore@https://registry.npmjs.org/ignore/-/ignore-7.0.5.tgz. Extracting by manifest.
992 silly tarball no local data for eslint-visitor-keys@https://registry.npmjs.org/eslint-visitor-keys/-/eslint-visitor-keys-3.4.3.tgz. Extracting by manifest.
993 silly tarball no local data for semver@https://registry.npmjs.org/semver/-/semver-6.3.1.tgz. Extracting by manifest.
994 silly tarball no local data for lru-cache@https://registry.npmjs.org/lru-cache/-/lru-cache-5.1.1.tgz. Extracting by manifest.
995 silly tarball no local data for semver@https://registry.npmjs.org/semver/-/semver-6.3.1.tgz. Extracting by manifest.
996 silly tarball no local data for @radix-ui/rect@https://registry.npmjs.org/@radix-ui/rect/-/rect-1.1.1.tgz. Extracting by manifest.
997 silly tarball no local data for @radix-ui/react-visually-hidden@https://registry.npmjs.org/@radix-ui/react-visually-hidden/-/react-visually-hidden-1.2.3.tgz. Extracting by manifest.
998 silly tarball no local data for @radix-ui/react-use-size@https://registry.npmjs.org/@radix-ui/react-use-size/-/react-use-size-1.1.1.tgz. Extracting by manifest.
999 silly tarball no local data for @radix-ui/react-use-layout-effect@https://registry.npmjs.org/@radix-ui/react-use-layout-effect/-/react-use-layout-effect-1.1.1.tgz. Extracting by manifest.
1000 silly tarball no local data for @radix-ui/react-use-rect@https://registry.npmjs.org/@radix-ui/react-use-rect/-/react-use-rect-1.1.1.tgz. Extracting by manifest.
1001 silly tarball no local data for react-is@https://registry.npmjs.org/react-is/-/react-is-16.13.1.tgz. Extracting by manifest.
1002 silly tarball no local data for @radix-ui/react-use-escape-keydown@https://registry.npmjs.org/@radix-ui/react-use-escape-keydown/-/react-use-escape-keydown-1.1.1.tgz. Extracting by manifest.
1003 silly tarball no local data for @radix-ui/react-use-controllable-state@https://registry.npmjs.org/@radix-ui/react-use-controllable-state/-/react-use-controllable-state-1.2.2.tgz. Extracting by manifest.
1004 silly tarball no local data for @radix-ui/react-use-callback-ref@https://registry.npmjs.org/@radix-ui/react-use-callback-ref/-/react-use-callback-ref-1.1.1.tgz. Extracting by manifest.
1005 silly tarball no local data for @radix-ui/react-tabs@https://registry.npmjs.org/@radix-ui/react-tabs/-/react-tabs-1.1.13.tgz. Extracting by manifest.
1006 silly tarball no local data for @radix-ui/react-slot@https://registry.npmjs.org/@radix-ui/react-slot/-/react-slot-1.2.4.tgz. Extracting by manifest.
1007 silly tarball no local data for @radix-ui/react-scroll-area@https://registry.npmjs.org/@radix-ui/react-scroll-area/-/react-scroll-area-1.2.10.tgz. Extracting by manifest.
1008 silly tarball no local data for globals@https://registry.npmjs.org/globals/-/globals-16.4.0.tgz. Extracting by manifest.
1009 silly tarball no local data for postcss@https://registry.npmjs.org/postcss/-/postcss-8.4.31.tgz. Extracting by manifest.
1010 silly tarball no local data for @radix-ui/react-slot@https://registry.npmjs.org/@radix-ui/react-slot/-/react-slot-1.2.3.tgz. Extracting by manifest.
1011 silly tarball no local data for @radix-ui/react-presence@https://registry.npmjs.org/@radix-ui/react-presence/-/react-presence-1.1.5.tgz. Extracting by manifest.
1012 silly tarball no local data for @radix-ui/react-portal@https://registry.npmjs.org/@radix-ui/react-portal/-/react-portal-1.1.9.tgz. Extracting by manifest.
1013 silly tarball no local data for @radix-ui/react-popper@https://registry.npmjs.org/@radix-ui/react-popper/-/react-popper-1.2.8.tgz. Extracting by manifest.
1014 silly tarball no local data for @radix-ui/react-popover@https://registry.npmjs.org/@radix-ui/react-popover/-/react-popover-1.1.15.tgz. Extracting by manifest.
1015 silly tarball no local data for @radix-ui/react-slot@https://registry.npmjs.org/@radix-ui/react-slot/-/react-slot-1.2.3.tgz. Extracting by manifest.
1016 silly tarball no local data for @radix-ui/react-navigation-menu@https://registry.npmjs.org/@radix-ui/react-navigation-menu/-/react-navigation-menu-1.2.14.tgz. Extracting by manifest.
1017 silly tarball no local data for @radix-ui/react-id@https://registry.npmjs.org/@radix-ui/react-id/-/react-id-1.1.1.tgz. Extracting by manifest.
1018 silly tarball no local data for @radix-ui/react-focus-scope@https://registry.npmjs.org/@radix-ui/react-focus-scope/-/react-focus-scope-1.1.7.tgz. Extracting by manifest.
1019 silly tarball no local data for @radix-ui/react-roving-focus@https://registry.npmjs.org/@radix-ui/react-roving-focus/-/react-roving-focus-1.1.11.tgz. Extracting by manifest.
1020 silly tarball no local data for @radix-ui/react-dismissable-layer@https://registry.npmjs.org/@radix-ui/react-dismissable-layer/-/react-dismissable-layer-1.1.11.tgz. Extracting by manifest.
1021 silly tarball no local data for @radix-ui/react-direction@https://registry.npmjs.org/@radix-ui/react-direction/-/react-direction-1.1.1.tgz. Extracting by manifest.
1022 silly tarball no local data for @radix-ui/react-slot@https://registry.npmjs.org/@radix-ui/react-slot/-/react-slot-1.2.3.tgz. Extracting by manifest.
1023 silly tarball no local data for @radix-ui/react-context@https://registry.npmjs.org/@radix-ui/react-context/-/react-context-1.1.2.tgz. Extracting by manifest.
1024 silly tarball no local data for @radix-ui/react-compose-refs@https://registry.npmjs.org/@radix-ui/react-compose-refs/-/react-compose-refs-1.1.2.tgz. Extracting by manifest.
1025 silly tarball no local data for @radix-ui/react-collection@https://registry.npmjs.org/@radix-ui/react-collection/-/react-collection-1.1.7.tgz. Extracting by manifest.
1026 silly tarball no local data for @radix-ui/react-dialog@https://registry.npmjs.org/@radix-ui/react-dialog/-/react-dialog-1.1.15.tgz. Extracting by manifest.
1027 silly tarball no local data for @radix-ui/react-slot@https://registry.npmjs.org/@radix-ui/react-slot/-/react-slot-1.2.3.tgz. Extracting by manifest.
1028 silly tarball no local data for @radix-ui/react-collapsible@https://registry.npmjs.org/@radix-ui/react-collapsible/-/react-collapsible-1.1.12.tgz. Extracting by manifest.
1029 silly tarball no local data for @radix-ui/react-arrow@https://registry.npmjs.org/@radix-ui/react-arrow/-/react-arrow-1.1.7.tgz. Extracting by manifest.
1030 silly tarball no local data for @radix-ui/react-accordion@https://registry.npmjs.org/@radix-ui/react-accordion/-/react-accordion-1.2.12.tgz. Extracting by manifest.
1031 silly tarball no local data for @radix-ui/primitive@https://registry.npmjs.org/@radix-ui/primitive/-/primitive-1.1.3.tgz. Extracting by manifest.
1032 silly tarball no local data for @radix-ui/number@https://registry.npmjs.org/@radix-ui/number/-/number-1.1.1.tgz. Extracting by manifest.
1033 silly tarball no local data for postcss-selector-parser@https://registry.npmjs.org/postcss-selector-parser/-/postcss-selector-parser-7.1.1.tgz. Extracting by manifest.
1034 silly tarball no local data for glob-parent@https://registry.npmjs.org/glob-parent/-/glob-parent-5.1.2.tgz. Extracting by manifest.
1035 silly tarball no local data for semver@https://registry.npmjs.org/semver/-/semver-6.3.1.tgz. Extracting by manifest.
1036 silly tarball no local data for resolve@https://registry.npmjs.org/resolve/-/resolve-2.0.0-next.5.tgz. Extracting by manifest.
1037 silly tarball no local data for semver@https://registry.npmjs.org/semver/-/semver-6.3.1.tgz. Extracting by manifest.
1038 silly tarball no local data for debug@https://registry.npmjs.org/debug/-/debug-3.2.7.tgz. Extracting by manifest.
1039 silly tarball no local data for @radix-ui/react-use-previous@https://registry.npmjs.org/@radix-ui/react-use-previous/-/react-use-previous-1.1.1.tgz. Extracting by manifest.
1040 silly tarball no local data for escape-string-regexp@https://registry.npmjs.org/escape-string-regexp/-/escape-string-regexp-4.0.0.tgz. Extracting by manifest.
1041 silly tarball no local data for @radix-ui/react-primitive@https://registry.npmjs.org/@radix-ui/react-primitive/-/react-primitive-2.1.3.tgz. Extracting by manifest.
1042 silly tarball no local data for @radix-ui/react-focus-guards@https://registry.npmjs.org/@radix-ui/react-focus-guards/-/react-focus-guards-1.1.3.tgz. Extracting by manifest.
1043 http fetch GET 200 https://registry.npmjs.org/@radix-ui/react-hover-card/-/react-hover-card-1.1.4.tgz 2950ms (cache miss)
1044 http fetch GET 200 https://registry.npmjs.org/@radix-ui/react-dialog/-/react-dialog-1.1.4.tgz 3406ms (cache miss)
1045 http fetch GET 200 https://registry.npmjs.org/@radix-ui/react-menubar/-/react-menubar-1.1.4.tgz 3857ms (cache miss)
1046 http fetch GET 200 https://registry.npmjs.org/brace-expansion/-/brace-expansion-1.1.12.tgz 3914ms (cache miss)
1047 http fetch GET 200 https://registry.npmjs.org/lru-cache/-/lru-cache-5.1.1.tgz 3906ms (cache miss)
1048 http fetch GET 200 https://registry.npmjs.org/@types/unist/-/unist-2.0.11.tgz 3961ms (cache miss)
1049 http fetch GET 200 https://registry.npmjs.org/semver/-/semver-6.3.1.tgz 3952ms (cache miss)
1050 http fetch GET 200 https://registry.npmjs.org/@radix-ui/react-use-escape-keydown/-/react-use-escape-keydown-1.1.1.tgz 3949ms (cache miss)
1051 http fetch GET 200 https://registry.npmjs.org/@radix-ui/react-context-menu/-/react-context-menu-2.2.4.tgz 4039ms (cache miss)
1052 http fetch GET 200 https://registry.npmjs.org/@radix-ui/react-use-rect/-/react-use-rect-1.1.1.tgz 3970ms (cache miss)
1053 http fetch GET 200 https://registry.npmjs.org/@radix-ui/react-use-size/-/react-use-size-1.1.1.tgz 3972ms (cache miss)
1054 http fetch GET 200 https://registry.npmjs.org/eslint-visitor-keys/-/eslint-visitor-keys-3.4.3.tgz 3977ms (cache miss)
1055 http fetch GET 200 https://registry.npmjs.org/@radix-ui/react-tabs/-/react-tabs-1.1.13.tgz 3971ms (cache miss)
1056 http fetch GET 200 https://registry.npmjs.org/@radix-ui/react-use-callback-ref/-/react-use-callback-ref-1.1.1.tgz 3973ms (cache miss)
1057 http fetch GET 200 https://registry.npmjs.org/@radix-ui/react-visually-hidden/-/react-visually-hidden-1.2.3.tgz 4034ms (cache miss)
1058 http fetch GET 200 https://registry.npmjs.org/@radix-ui/react-use-layout-effect/-/react-use-layout-effect-1.1.1.tgz 4042ms (cache miss)
1059 http fetch GET 200 https://registry.npmjs.org/@radix-ui/rect/-/rect-1.1.1.tgz 4042ms (cache miss)
1060 http fetch GET 200 https://registry.npmjs.org/react-is/-/react-is-16.13.1.tgz 4043ms (cache miss)
1061 http fetch GET 200 https://registry.npmjs.org/@radix-ui/react-use-controllable-state/-/react-use-controllable-state-1.2.2.tgz 4043ms (cache miss)
1062 http fetch GET 200 https://registry.npmjs.org/@radix-ui/react-dropdown-menu/-/react-dropdown-menu-2.1.4.tgz 4130ms (cache miss)
1063 http fetch GET 200 https://registry.npmjs.org/@radix-ui/react-portal/-/react-portal-1.1.9.tgz 4061ms (cache miss)
1064 http fetch GET 200 https://registry.npmjs.org/@radix-ui/react-presence/-/react-presence-1.1.5.tgz 4062ms (cache miss)
1065 http fetch GET 200 https://registry.npmjs.org/@radix-ui/react-popper/-/react-popper-1.2.8.tgz 4062ms (cache miss)
1066 http fetch GET 200 https://registry.npmjs.org/@radix-ui/react-popover/-/react-popover-1.1.4.tgz 4167ms (cache miss)
1067 http fetch GET 200 https://registry.npmjs.org/semver/-/semver-6.3.1.tgz 4095ms (cache miss)
1068 http fetch GET 200 https://registry.npmjs.org/@radix-ui/react-use-layout-effect/-/react-use-layout-effect-1.1.1.tgz 4095ms (cache miss)
1069 http fetch GET 200 https://registry.npmjs.org/ignore/-/ignore-7.0.5.tgz 4100ms (cache miss)
1070 http fetch GET 200 https://registry.npmjs.org/@radix-ui/react-slot/-/react-slot-1.2.3.tgz 4089ms (cache miss)
1071 http fetch GET 200 https://registry.npmjs.org/@radix-ui/react-id/-/react-id-1.1.1.tgz 4099ms (cache miss)
1072 http fetch GET 200 https://registry.npmjs.org/@radix-ui/react-slot/-/react-slot-1.2.4.tgz 4104ms (cache miss)
1073 http fetch GET 200 https://registry.npmjs.org/debug/-/debug-3.2.7.tgz 4130ms (cache miss)
1074 http fetch GET 200 https://registry.npmjs.org/@radix-ui/react-scroll-area/-/react-scroll-area-1.2.2.tgz 4203ms (cache miss)
1075 http fetch GET 200 https://registry.npmjs.org/debug/-/debug-3.2.7.tgz 4132ms (cache miss)
1076 http fetch GET 200 https://registry.npmjs.org/@radix-ui/primitive/-/primitive-1.1.3.tgz 4105ms (cache miss)
1077 http fetch GET 200 https://registry.npmjs.org/@radix-ui/react-compose-refs/-/react-compose-refs-1.1.2.tgz 4114ms (cache miss)
1078 http fetch GET 200 https://registry.npmjs.org/@radix-ui/react-dismissable-layer/-/react-dismissable-layer-1.1.11.tgz 4117ms (cache miss)
1079 http fetch GET 200 https://registry.npmjs.org/@radix-ui/react-direction/-/react-direction-1.1.1.tgz 4117ms (cache miss)
1080 http fetch GET 200 https://registry.npmjs.org/@radix-ui/react-roving-focus/-/react-roving-focus-1.1.11.tgz 4121ms (cache miss)
1081 http fetch GET 200 https://registry.npmjs.org/@radix-ui/react-context/-/react-context-1.1.2.tgz 4148ms (cache miss)
1082 http fetch GET 200 https://registry.npmjs.org/@radix-ui/react-collapsible/-/react-collapsible-1.1.12.tgz 4147ms (cache miss)
1083 http fetch GET 200 https://registry.npmjs.org/@radix-ui/react-dialog/-/react-dialog-1.1.15.tgz 4149ms (cache miss)
1084 http fetch GET 200 https://registry.npmjs.org/@radix-ui/react-arrow/-/react-arrow-1.1.7.tgz 4152ms (cache miss)
1085 http fetch GET 200 https://registry.npmjs.org/@radix-ui/react-accordion/-/react-accordion-1.2.12.tgz 4151ms (cache miss)
1086 http fetch GET 200 https://registry.npmjs.org/semver/-/semver-6.3.1.tgz 4191ms (cache miss)
1087 http fetch GET 200 https://registry.npmjs.org/semver/-/semver-6.3.1.tgz 4192ms (cache miss)
1088 http fetch GET 200 https://registry.npmjs.org/glob-parent/-/glob-parent-5.1.2.tgz 4193ms (cache miss)
1089 http fetch GET 200 https://registry.npmjs.org/@radix-ui/number/-/number-1.1.1.tgz 4196ms (cache miss)
1090 http fetch GET 200 https://registry.npmjs.org/globals/-/globals-16.4.0.tgz 4228ms (cache miss)
1091 http fetch GET 200 https://registry.npmjs.org/@radix-ui/react-slot/-/react-slot-1.2.3.tgz 4228ms (cache miss)
1092 http fetch GET 200 https://registry.npmjs.org/@radix-ui/react-slot/-/react-slot-1.2.3.tgz 4222ms (cache miss)
1093 http fetch GET 200 https://registry.npmjs.org/@radix-ui/react-slot/-/react-slot-1.2.3.tgz 4220ms (cache miss)
1094 http fetch GET 200 https://registry.npmjs.org/escape-string-regexp/-/escape-string-regexp-4.0.0.tgz 4212ms (cache miss)
1095 http fetch GET 200 https://registry.npmjs.org/@radix-ui/react-use-previous/-/react-use-previous-1.1.1.tgz 4213ms (cache miss)
1096 http fetch GET 200 https://registry.npmjs.org/@radix-ui/react-primitive/-/react-primitive-2.1.3.tgz 4212ms (cache miss)
1097 http fetch GET 200 https://registry.npmjs.org/@radix-ui/react-focus-guards/-/react-focus-guards-1.1.3.tgz 4210ms (cache miss)
1098 http fetch GET 200 https://registry.npmjs.org/picomatch/-/picomatch-2.3.1.tgz 4303ms (cache miss)
1099 http fetch GET 200 https://registry.npmjs.org/@radix-ui/react-tooltip/-/react-tooltip-1.1.6.tgz 4389ms (cache miss)
1100 http fetch GET 200 https://registry.npmjs.org/@eslint-community/eslint-utils/-/eslint-utils-4.9.1.tgz 4366ms (cache miss)
1101 http fetch GET 200 https://registry.npmjs.org/@radix-ui/react-menu/-/react-menu-2.1.4.tgz 4398ms (cache miss)
1102 http fetch GET 200 https://registry.npmjs.org/@radix-ui/react-focus-scope/-/react-focus-scope-1.1.7.tgz 4342ms (cache miss)
1103 http fetch GET 200 https://registry.npmjs.org/debug/-/debug-3.2.7.tgz 4341ms (cache miss)
1104 http fetch GET 200 https://registry.npmjs.org/@radix-ui/react-popover/-/react-popover-1.1.15.tgz 4464ms (cache miss)
1105 http fetch GET 200 https://registry.npmjs.org/@radix-ui/react-navigation-menu/-/react-navigation-menu-1.2.3.tgz 4566ms (cache miss)
1106 http fetch GET 200 https://registry.npmjs.org/@eslint-community/regexpp/-/regexpp-4.12.2.tgz 4645ms (cache miss)
1107 http fetch GET 200 https://registry.npmjs.org/json5/-/json5-1.0.2.tgz 4657ms (cache miss)
1108 http fetch GET 200 https://registry.npmjs.org/@radix-ui/react-toast/-/react-toast-1.2.4.tgz 4743ms (cache miss)
1109 http fetch GET 200 https://registry.npmjs.org/@radix-ui/react-scroll-area/-/react-scroll-area-1.2.10.tgz 4670ms (cache miss)
1110 http fetch GET 200 https://registry.npmjs.org/@radix-ui/react-collection/-/react-collection-1.1.7.tgz 4661ms (cache miss)
1111 http fetch GET 200 https://registry.npmjs.org/@radix-ui/react-navigation-menu/-/react-navigation-menu-1.2.14.tgz 4718ms (cache miss)
1112 http fetch GET 200 https://registry.npmjs.org/@img/sharp-linuxmusl-x64/-/sharp-linuxmusl-x64-0.34.5.tgz 5013ms (cache miss)
1113 http fetch GET 200 https://registry.npmjs.org/ws/-/ws-8.19.0.tgz 4876ms (cache miss)
1114 http fetch GET 200 https://registry.npmjs.org/source-map/-/source-map-0.7.6.tgz 4897ms (cache miss)
1115 http fetch GET 200 https://registry.npmjs.org/@radix-ui/react-select/-/react-select-2.1.4.tgz 5009ms (cache miss)
1116 http fetch GET 200 https://registry.npmjs.org/acorn/-/acorn-8.15.0.tgz 5314ms (cache miss)
1117 http fetch GET 200 https://registry.npmjs.org/@jridgewell/sourcemap-codec/-/sourcemap-codec-1.5.5.tgz 5364ms (cache miss)
1118 http fetch GET 200 https://registry.npmjs.org/magic-string/-/magic-string-0.30.21.tgz 5503ms (cache miss)
1119 http fetch GET 200 https://registry.npmjs.org/@emnapi/runtime/-/runtime-1.8.1.tgz 5784ms (cache miss)
1120 http fetch GET 200 https://registry.npmjs.org/@img/sharp-linux-x64/-/sharp-linux-x64-0.34.5.tgz 5925ms (cache miss)
1121 http fetch GET 200 https://registry.npmjs.org/@types/react/-/react-19.2.8.tgz 5832ms (cache miss)
1122 http fetch GET 200 https://registry.npmjs.org/lightningcss/-/lightningcss-1.30.2.tgz 5941ms (cache miss)
1123 http fetch GET 200 https://registry.npmjs.org/@eslint/config-array/-/config-array-0.21.1.tgz 6116ms (cache miss)
1124 http fetch GET 200 https://registry.npmjs.org/vfile/-/vfile-6.0.3.tgz 6255ms (cache miss)
1125 http fetch GET 200 https://registry.npmjs.org/csstype/-/csstype-3.2.3.tgz 6271ms (cache miss)
1126 http fetch GET 200 https://registry.npmjs.org/styled-jsx/-/styled-jsx-5.1.6.tgz 6567ms (cache miss)
1127 http fetch GET 200 https://registry.npmjs.org/esquery/-/esquery-1.7.0.tgz 7067ms (cache miss)
1128 http fetch GET 200 https://registry.npmjs.org/micromark-extension-mdx-jsx/-/micromark-extension-mdx-jsx-3.0.2.tgz 7862ms (cache miss)
1129 http fetch GET 200 https://registry.npmjs.org/@supabase/supabase-js/-/supabase-js-2.93.3.tgz 10750ms (cache miss)
1130 http fetch GET 200 https://registry.npmjs.org/sharp/-/sharp-0.34.5.tgz 11353ms (cache miss)
1131 http fetch GET 200 https://registry.npmjs.org/lru-cache/-/lru-cache-11.2.4.tgz 11467ms (cache miss)
1132 http fetch GET 200 https://registry.npmjs.org/@jridgewell/trace-mapping/-/trace-mapping-0.3.31.tgz 11536ms (cache miss)
1133 http fetch GET 200 https://registry.npmjs.org/tailwindcss/-/tailwindcss-4.1.18.tgz 11636ms (cache miss)
1134 http fetch GET 200 https://registry.npmjs.org/@emnapi/core/-/core-1.8.1.tgz 11928ms (cache miss)
1135 http fetch GET 200 https://registry.npmjs.org/@babel/parser/-/parser-7.29.0.tgz 11945ms (cache miss)
1136 http fetch GET 200 https://registry.npmjs.org/@eslint/eslintrc/-/eslintrc-3.3.3.tgz 12406ms (cache miss)
1137 http fetch GET 200 https://registry.npmjs.org/js-yaml/-/js-yaml-4.1.1.tgz 12500ms (cache miss)
1138 http fetch GET 200 https://registry.npmjs.org/jiti/-/jiti-2.6.1.tgz 12516ms (cache miss)
1139 http fetch GET 200 https://registry.npmjs.org/@supabase/postgrest-js/-/postgrest-js-2.93.3.tgz 13110ms (cache miss)
1140 http fetch GET 200 https://registry.npmjs.org/postcss-selector-parser/-/postcss-selector-parser-7.1.1.tgz 13167ms (cache miss)
1141 http fetch GET 200 https://registry.npmjs.org/tailwind-merge/-/tailwind-merge-3.4.0.tgz 13236ms (cache miss)
1142 http fetch GET 200 https://registry.npmjs.org/language-subtag-registry/-/language-subtag-registry-0.3.23.tgz 13238ms (cache miss)
1143 http fetch GET 200 https://registry.npmjs.org/oniguruma-to-es/-/oniguruma-to-es-4.3.4.tgz 13311ms (cache miss)
1144 http fetch GET 200 https://registry.npmjs.org/@supabase/storage-js/-/storage-js-2.93.3.tgz 13755ms (cache miss)
1145 http fetch GET 200 https://registry.npmjs.org/postcss/-/postcss-8.4.31.tgz 14064ms (cache miss)
1146 http fetch GET 200 https://registry.npmjs.org/regex/-/regex-6.1.0.tgz 14954ms (cache miss)
1147 http fetch GET 200 https://registry.npmjs.org/@babel/generator/-/generator-7.29.1.tgz 15407ms (cache miss)
1148 http fetch GET 200 https://registry.npmjs.org/@tybys/wasm-util/-/wasm-util-0.10.1.tgz 16705ms (cache miss)
1149 http fetch GET 200 https://registry.npmjs.org/axe-core/-/axe-core-4.11.1.tgz 17170ms (cache miss)
1150 http fetch GET 200 https://registry.npmjs.org/@mdx-js/mdx/-/mdx-3.1.1.tgz 18476ms (cache miss)
1151 http fetch GET 200 https://registry.npmjs.org/minimatch/-/minimatch-9.0.5.tgz 18421ms (cache miss)
1152 http fetch GET 200 https://registry.npmjs.org/uri-js/-/uri-js-4.4.1.tgz 18469ms (cache miss)
1153 http fetch GET 200 https://registry.npmjs.org/eslint-plugin-react-hooks/-/eslint-plugin-react-hooks-7.0.1.tgz 18590ms (cache miss)
1154 http fetch GET 200 https://registry.npmjs.org/@types/node/-/node-22.19.6.tgz 19224ms (cache miss)
1155 http fetch GET 200 https://registry.npmjs.org/react-resizable-panels/-/react-resizable-panels-2.1.9.tgz 19474ms (cache miss)
1156 http fetch GET 200 https://registry.npmjs.org/@babel/traverse/-/traverse-7.29.0.tgz 21871ms (cache miss)
1157 http fetch GET 200 https://registry.npmjs.org/@typescript-eslint/typescript-estree/-/typescript-estree-8.54.0.tgz 22531ms (cache miss)
1158 http fetch GET 200 https://registry.npmjs.org/ajv/-/ajv-6.12.6.tgz 33956ms (cache miss)
1159 http fetch GET 200 https://registry.npmjs.org/@napi-rs/wasm-runtime/-/wasm-runtime-0.2.12.tgz 60547ms (cache miss)
1160 http fetch GET 200 https://registry.npmjs.org/embla-carousel/-/embla-carousel-8.5.1.tgz 66005ms (cache miss)
1161 http fetch GET 200 https://registry.npmjs.org/react-dom/-/react-dom-19.2.0.tgz 67379ms (cache miss)
1162 http fetch GET 200 https://registry.npmjs.org/resolve/-/resolve-2.0.0-next.5.tgz 67550ms (cache miss)
1163 http fetch GET 200 https://registry.npmjs.org/@supabase/realtime-js/-/realtime-js-2.93.3.tgz 77569ms (cache miss)
1164 http fetch GET 200 https://registry.npmjs.org/@babel/core/-/core-7.29.0.tgz 79148ms (cache miss)
1165 http fetch GET 200 https://registry.npmjs.org/eslint-plugin-import/-/eslint-plugin-import-2.32.0.tgz 83000ms (cache miss)
1166 http fetch GET 200 https://registry.npmjs.org/oniguruma-parser/-/oniguruma-parser-0.12.1.tgz 85665ms (cache miss)
1167 http fetch GET 200 https://registry.npmjs.org/@esbuild/linux-x64/-/linux-x64-0.25.12.tgz 88011ms (cache miss)
1168 http fetch GET 200 https://registry.npmjs.org/@babel/types/-/types-7.29.0.tgz 96006ms (cache miss)
1169 http fetch GET 200 https://registry.npmjs.org/@radix-ui/react-icons/-/react-icons-1.3.2.tgz 99158ms (cache miss)
1170 http fetch GET 200 https://registry.npmjs.org/fumadocs-ui/-/fumadocs-ui-15.6.2.tgz 99415ms (cache miss)
1171 http fetch GET 200 https://registry.npmjs.org/@img/sharp-libvips-linux-x64/-/sharp-libvips-linux-x64-1.2.4.tgz 99940ms (cache miss)
1172 http fetch GET 200 https://registry.npmjs.org/@img/sharp-libvips-linuxmusl-x64/-/sharp-libvips-linuxmusl-x64-1.2.4.tgz 99945ms (cache miss)
1173 http fetch GET 200 https://registry.npmjs.org/@babel/helpers/-/helpers-7.28.6.tgz 100768ms (cache miss)
1174 http fetch GET 200 https://registry.npmjs.org/@supabase/auth-js/-/auth-js-2.93.3.tgz 101929ms (cache miss)
1175 http fetch GET 200 https://registry.npmjs.org/eslint-plugin-jsx-a11y/-/eslint-plugin-jsx-a11y-6.10.2.tgz 102207ms (cache miss)
1176 http fetch GET 200 https://registry.npmjs.org/@beeper/desktop-api/-/desktop-api-0.1.5.tgz 105699ms (cache miss)
1177 http fetch GET 200 https://registry.npmjs.org/recharts/-/recharts-2.15.4.tgz 107230ms (cache miss)
1178 http fetch GET 200 https://registry.npmjs.org/lodash/-/lodash-4.17.21.tgz 107872ms (cache miss)
1179 http fetch GET 200 https://registry.npmjs.org/typescript/-/typescript-5.9.3.tgz 108023ms (cache miss)
1180 http fetch GET 200 https://registry.npmjs.org/eslint-plugin-react/-/eslint-plugin-react-7.37.5.tgz 109098ms (cache miss)
1181 http fetch GET 200 https://registry.npmjs.org/victory-vendor/-/victory-vendor-36.9.2.tgz 112322ms (cache miss)
1182 http fetch GET 200 https://registry.npmjs.org/react-hook-form/-/react-hook-form-7.71.1.tgz 123664ms (cache miss)
1183 http fetch GET 200 https://registry.npmjs.org/@typescript-eslint/eslint-plugin/-/eslint-plugin-8.54.0.tgz 126815ms (cache miss)
1184 http fetch GET 200 https://registry.npmjs.org/eslint/-/eslint-9.39.2.tgz 126801ms (cache miss)
1185 http fetch GET 200 https://registry.npmjs.org/@hookform/resolvers/-/resolvers-3.10.0.tgz 128533ms (cache miss)
1186 http fetch GET 200 https://registry.npmjs.org/zod/-/zod-3.25.76.tgz 131681ms (cache miss)
1187 http fetch GET 200 https://registry.npmjs.org/framer-motion/-/framer-motion-12.29.0.tgz 132256ms (cache miss)
1188 http fetch GET 200 https://registry.npmjs.org/@orama/orama/-/orama-3.1.18.tgz 132392ms (cache miss)
1189 http fetch GET 200 https://registry.npmjs.org/caniuse-lite/-/caniuse-lite-1.0.30001764.tgz 132409ms (cache miss)
1190 http fetch GET 200 https://registry.npmjs.org/react-day-picker/-/react-day-picker-9.8.0.tgz 134449ms (cache miss)
1191 http fetch GET 200 https://registry.npmjs.org/date-fns-jalali/-/date-fns-jalali-4.1.0-0.tgz 136740ms (cache miss)
1192 http fetch GET 200 https://registry.npmjs.org/motion-dom/-/motion-dom-12.29.0.tgz 139198ms (cache miss)
1193 http fetch GET 200 https://registry.npmjs.org/es-abstract/-/es-abstract-1.24.1.tgz 139205ms (cache miss)
1194 http fetch GET 200 https://registry.npmjs.org/lucide-react/-/lucide-react-0.454.0.tgz 147650ms (cache miss)
1195 http fetch GET 200 https://registry.npmjs.org/date-fns/-/date-fns-4.1.0.tgz 305492ms (cache miss)
1196 http fetch GET 200 https://registry.npmjs.org/next/-/next-16.0.10.tgz 398855ms (cache miss)
1197 info run sharp@0.34.5 install node_modules/sharp node install/check.js || npm run build
1198 info run sharp@0.34.5 install { code: 0, signal: null }
1199 info run esbuild@0.25.12 postinstall node_modules/esbuild node install.js
1200 info run esbuild@0.25.12 postinstall { code: 0, signal: null }
