0 verbose cli /usr/local/bin/node /usr/local/bin/npm
1 info using npm@10.9.8
2 info using node@v22.22.3
3 silly config load:file:/usr/local/lib/node_modules/npm/npmrc
4 silly config load:file:/opt/data/home/omnidome-web/.npmrc
5 silly config load:file:/opt/data/home/.npmrc
6 silly config load:file:/usr/local/etc/npmrc
7 verbose title npm install
8 verbose argv "install" "--no-audit" "--no-fund" "--legacy-peer-deps"
9 verbose logfile logs-max:10 dir:/opt/data/home/.npm/_logs/2026-06-01T08_38_08_431Z-
10 verbose logfile /opt/data/home/.npm/_logs/2026-06-01T08_38_08_431Z-debug-0.log
11 silly logfile start cleaning logs, removing 1 files
12 silly logfile done cleaning log files
13 silly packumentCache heap:521142272 maxSize:130285568 maxEntrySize:65142784
14 silly idealTree buildDeps
15 silly reify mark retired [ '/opt/data/home/omnidome-web/node_modules/ajv' ]
16 silly reify mark retired [ '/opt/data/home/omnidome-web/node_modules/acorn' ]
17 silly reify mark retired [ '/opt/data/home/omnidome-web/node_modules/argparse' ]
18 silly reify mark retired [ '/opt/data/home/omnidome-web/node_modules/aria-query' ]
19 silly reify mark retired [
19 silly reify   '/opt/data/home/omnidome-web/node_modules/array.prototype.findlastindex'
19 silly reify ]
20 silly reify mark retired [ '/opt/data/home/omnidome-web/node_modules/array.prototype.findlast' ]
21 silly reify mark retired [ '/opt/data/home/omnidome-web/node_modules/array-includes' ]
22 silly reify mark retired [ '/opt/data/home/omnidome-web/node_modules/array.prototype.flat' ]
23 silly reify mark retired [ '/opt/data/home/omnidome-web/node_modules/array.prototype.tosorted' ]
24 silly reify mark retired [ '/opt/data/home/omnidome-web/node_modules/array.prototype.flatmap' ]
25 silly reify mark retired [
25 silly reify   '/opt/data/home/omnidome-web/node_modules/arraybuffer.prototype.slice'
25 silly reify ]
26 silly reify mark retired [ '/opt/data/home/omnidome-web/node_modules/autoprefixer' ]
27 silly reify mark retired [ '/opt/data/home/omnidome-web/node_modules/axe-core' ]
28 silly reify mark retired [ '/opt/data/home/omnidome-web/node_modules/axobject-query' ]
29 silly reify mark retired [ '/opt/data/home/omnidome-web/node_modules/baseline-browser-mapping' ]
30 silly reify mark retired [ '/opt/data/home/omnidome-web/node_modules/braces' ]
31 silly reify mark retired [ '/opt/data/home/omnidome-web/node_modules/caniuse-lite' ]
32 silly reify mark retired [ '/opt/data/home/omnidome-web/node_modules/d3-ease' ]
33 silly reify mark retired [ '/opt/data/home/omnidome-web/node_modules/d3-format' ]
34 silly reify mark retired [ '/opt/data/home/omnidome-web/node_modules/d3-interpolate' ]
35 silly reify mark retired [ '/opt/data/home/omnidome-web/node_modules/d3-scale' ]
36 silly reify mark retired [ '/opt/data/home/omnidome-web/node_modules/csstype' ]
37 silly reify mark retired [ '/opt/data/home/omnidome-web/node_modules/d3-color' ]
38 silly reify mark retired [ '/opt/data/home/omnidome-web/node_modules/d3-shape' ]
39 silly reify mark retired [ '/opt/data/home/omnidome-web/node_modules/d3-time' ]
40 silly reify mark retired [ '/opt/data/home/omnidome-web/node_modules/d3-time-format' ]
41 silly reify mark retired [ '/opt/data/home/omnidome-web/node_modules/date-fns' ]
42 silly reify mark retired [ '/opt/data/home/omnidome-web/node_modules/date-fns-jalali' ]
43 silly reify mark retired [ '/opt/data/home/omnidome-web/node_modules/dom-helpers' ]
44 silly reify mark retired [ '/opt/data/home/omnidome-web/node_modules/embla-carousel' ]
45 silly reify mark retired [ '/opt/data/home/omnidome-web/node_modules/embla-carousel-react' ]
46 silly reify mark retired [
46 silly reify   '/opt/data/home/omnidome-web/node_modules/embla-carousel-reactive-utils'
46 silly reify ]
47 silly reify mark retired [ '/opt/data/home/omnidome-web/node_modules/enhanced-resolve' ]
48 silly reify mark retired [ '/opt/data/home/omnidome-web/node_modules/es-abstract' ]
49 silly reify mark retired [ '/opt/data/home/omnidome-web/node_modules/es-iterator-helpers' ]
50 silly reify mark retired [ '/opt/data/home/omnidome-web/node_modules/d3-array' ]
51 silly reify mark retired [ '/opt/data/home/omnidome-web/node_modules/eslint-plugin-import' ]
52 silly reify mark retired [ '/opt/data/home/omnidome-web/node_modules/eslint-plugin-jsx-a11y' ]
53 silly reify mark retired [ '/opt/data/home/omnidome-web/node_modules/eslint-plugin-react' ]
54 silly reify mark retired [
54 silly reify   '/opt/data/home/omnidome-web/node_modules/eslint-plugin-react-hooks'
54 silly reify ]
55 silly reify mark retired [ '/opt/data/home/omnidome-web/node_modules/eslint-scope' ]
56 silly reify mark retired [ '/opt/data/home/omnidome-web/node_modules/esquery' ]
57 silly reify mark retired [ '/opt/data/home/omnidome-web/node_modules/eslint' ]
58 silly reify mark retired [ '/opt/data/home/omnidome-web/node_modules/fast-glob' ]
59 silly reify mark retired [ '/opt/data/home/omnidome-web/node_modules/fraction.js' ]
60 silly reify mark retired [ '/opt/data/home/omnidome-web/node_modules/framer-motion' ]
61 silly reify mark retired [ '/opt/data/home/omnidome-web/node_modules/fumadocs-core' ]
62 silly reify mark retired [ '/opt/data/home/omnidome-web/node_modules/fumadocs-mdx' ]
63 silly reify mark retired [ '/opt/data/home/omnidome-web/node_modules/fast-equals' ]
64 silly reify mark retired [ '/opt/data/home/omnidome-web/node_modules/fumadocs-ui' ]
65 silly reify mark retired [ '/opt/data/home/omnidome-web/node_modules/hast-util-to-estree' ]
66 silly reify mark retired [ '/opt/data/home/omnidome-web/node_modules/hast-util-to-html' ]
67 silly reify mark retired [ '/opt/data/home/omnidome-web/node_modules/image-size' ]
68 silly reify mark retired [ '/opt/data/home/omnidome-web/node_modules/jiti' ]
69 silly reify mark retired [ '/opt/data/home/omnidome-web/node_modules/js-yaml' ]
70 silly reify mark retired [ '/opt/data/home/omnidome-web/node_modules/jsx-ast-utils' ]
71 silly reify mark retired [ '/opt/data/home/omnidome-web/node_modules/language-subtag-registry' ]
72 silly reify mark retired [
72 silly reify   '/opt/data/home/omnidome-web/node_modules/lightningcss-darwin-arm64'
72 silly reify ]
73 silly reify mark retired [
73 silly reify   '/opt/data/home/omnidome-web/node_modules/lightningcss-android-arm64'
73 silly reify ]
74 silly reify mark retired [ '/opt/data/home/omnidome-web/node_modules/lightningcss-darwin-x64' ]
75 silly reify mark retired [ '/opt/data/home/omnidome-web/node_modules/lightningcss-freebsd-x64' ]
76 silly reify mark retired [
76 silly reify   '/opt/data/home/omnidome-web/node_modules/lightningcss-linux-arm64-gnu'
76 silly reify ]
77 silly reify mark retired [
77 silly reify   '/opt/data/home/omnidome-web/node_modules/lightningcss-linux-arm-gnueabihf'
77 silly reify ]
78 silly reify mark retired [
78 silly reify   '/opt/data/home/omnidome-web/node_modules/lightningcss-win32-arm64-msvc'
78 silly reify ]
79 silly reify mark retired [
79 silly reify   '/opt/data/home/omnidome-web/node_modules/lightningcss-win32-x64-msvc'
79 silly reify ]
80 silly reify mark retired [ '/opt/data/home/omnidome-web/node_modules/lodash' ]
81 silly reify mark retired [
81 silly reify   '/opt/data/home/omnidome-web/node_modules/lightningcss-linux-arm64-musl'
81 silly reify ]
82 silly reify mark retired [ '/opt/data/home/omnidome-web/node_modules/lucide-react' ]
83 silly reify mark retired [ '/opt/data/home/omnidome-web/node_modules/mdast-util-to-hast' ]
84 silly reify mark retired [ '/opt/data/home/omnidome-web/node_modules/mdast-util-to-markdown' ]
85 silly reify mark retired [ '/opt/data/home/omnidome-web/node_modules/micromark' ]
86 silly reify mark retired [
86 silly reify   '/opt/data/home/omnidome-web/node_modules/micromark-core-commonmark'
86 silly reify ]
87 silly reify mark retired [ '/opt/data/home/omnidome-web/node_modules/minimist' ]
88 silly reify mark retired [ '/opt/data/home/omnidome-web/node_modules/motion-dom' ]
89 silly reify mark retired [ '/opt/data/home/omnidome-web/node_modules/next' ]
90 silly reify mark retired [ '/opt/data/home/omnidome-web/node_modules/object-inspect' ]
91 silly reify mark retired [ '/opt/data/home/omnidome-web/node_modules/oniguruma-parser' ]
92 silly reify mark retired [ '/opt/data/home/omnidome-web/node_modules/postcss' ]
93 silly reify mark retired [ '/opt/data/home/omnidome-web/node_modules/postcss-selector-parser' ]
94 silly reify mark retired [ '/opt/data/home/omnidome-web/node_modules/react' ]
95 silly reify mark retired [ '/opt/data/home/omnidome-web/node_modules/react-dom' ]
96 silly reify mark retired [ '/opt/data/home/omnidome-web/node_modules/react-day-picker' ]
97 silly reify mark retired [ '/opt/data/home/omnidome-web/node_modules/react-remove-scroll' ]
98 silly reify mark retired [ '/opt/data/home/omnidome-web/node_modules/react-remove-scroll-bar' ]
99 silly reify mark retired [ '/opt/data/home/omnidome-web/node_modules/react-smooth' ]
100 silly reify mark retired [ '/opt/data/home/omnidome-web/node_modules/react-resizable-panels' ]
101 silly reify mark retired [ '/opt/data/home/omnidome-web/node_modules/react-transition-group' ]
102 silly reify mark retired [ '/opt/data/home/omnidome-web/node_modules/react-style-singleton' ]
103 silly reify mark retired [ '/opt/data/home/omnidome-web/node_modules/recharts-scale' ]
104 silly reify mark retired [ '/opt/data/home/omnidome-web/node_modules/recharts' ]
105 silly reify mark retired [ '/opt/data/home/omnidome-web/node_modules/regex' ]
106 silly reify mark retired [ '/opt/data/home/omnidome-web/node_modules/resolve' ]
107 silly reify mark retired [ '/opt/data/home/omnidome-web/node_modules/semver' ]
108 silly reify mark retired [ '/opt/data/home/omnidome-web/node_modules/sharp' ]
109 silly reify mark retired [ '/opt/data/home/omnidome-web/node_modules/property-information' ]
110 silly reify mark retired [ '/opt/data/home/omnidome-web/node_modules/styled-jsx' ]
111 silly reify mark retired [ '/opt/data/home/omnidome-web/node_modules/typescript' ]
112 silly reify mark retired [ '/opt/data/home/omnidome-web/node_modules/use-sidecar' ]
113 silly reify mark retired [ '/opt/data/home/omnidome-web/node_modules/use-callback-ref' ]
114 silly reify mark retired [ '/opt/data/home/omnidome-web/node_modules/uri-js' ]
115 silly reify mark retired [ '/opt/data/home/omnidome-web/node_modules/victory-vendor' ]
116 silly reify mark retired [ '/opt/data/home/omnidome-web/node_modules/zod' ]
117 silly reify mark retired [ '/opt/data/home/omnidome-web/node_modules/@alloc/quick-lru' ]
118 silly reify mark retired [ '/opt/data/home/omnidome-web/node_modules/@babel/core' ]
119 silly reify mark retired [ '/opt/data/home/omnidome-web/node_modules/@babel/compat-data' ]
120 silly reify mark retired [ '/opt/data/home/omnidome-web/node_modules/@babel/code-frame' ]
121 silly reify mark retired [
121 silly reify   '/opt/data/home/omnidome-web/node_modules/@babel/helper-compilation-targets'
121 silly reify ]
122 silly reify mark retired [ '/opt/data/home/omnidome-web/node_modules/@babel/generator' ]
123 silly reify mark retired [
123 silly reify   '/opt/data/home/omnidome-web/node_modules/@babel/helper-module-imports'
123 silly reify ]
124 silly reify mark retired [
124 silly reify   '/opt/data/home/omnidome-web/node_modules/@babel/helper-module-transforms'
124 silly reify ]
125 silly reify mark retired [ '/opt/data/home/omnidome-web/node_modules/@babel/helper-globals' ]
126 silly reify mark retired [ '/opt/data/home/omnidome-web/node_modules/@babel/helpers' ]
127 silly reify mark retired [
127 silly reify   '/opt/data/home/omnidome-web/node_modules/@babel/helper-string-parser'
127 silly reify ]
128 silly reify mark retired [
128 silly reify   '/opt/data/home/omnidome-web/node_modules/@babel/helper-validator-option'
128 silly reify ]
129 silly reify mark retired [
129 silly reify   '/opt/data/home/omnidome-web/node_modules/@babel/helper-validator-identifier'
129 silly reify ]
130 silly reify mark retired [ '/opt/data/home/omnidome-web/node_modules/@babel/runtime' ]
131 silly reify mark retired [ '/opt/data/home/omnidome-web/node_modules/@babel/parser' ]
132 silly reify mark retired [ '/opt/data/home/omnidome-web/node_modules/@babel/traverse' ]
133 silly reify mark retired [ '/opt/data/home/omnidome-web/node_modules/@babel/template' ]
134 silly reify mark retired [ '/opt/data/home/omnidome-web/node_modules/@beeper/desktop-api' ]
135 silly reify mark retired [ '/opt/data/home/omnidome-web/node_modules/@date-fns/tz' ]
136 silly reify mark retired [ '/opt/data/home/omnidome-web/node_modules/@emnapi/core' ]
137 silly reify mark retired [ '/opt/data/home/omnidome-web/node_modules/@babel/types' ]
138 silly reify mark retired [ '/opt/data/home/omnidome-web/node_modules/@emnapi/runtime' ]
139 silly reify mark retired [ '/opt/data/home/omnidome-web/node_modules/@esbuild/aix-ppc64' ]
140 silly reify mark retired [ '/opt/data/home/omnidome-web/node_modules/@esbuild/android-arm' ]
141 silly reify mark retired [ '/opt/data/home/omnidome-web/node_modules/@emnapi/wasi-threads' ]
142 silly reify mark retired [ '/opt/data/home/omnidome-web/node_modules/@esbuild/darwin-arm64' ]
143 silly reify mark retired [ '/opt/data/home/omnidome-web/node_modules/@esbuild/android-arm64' ]
144 silly reify mark retired [ '/opt/data/home/omnidome-web/node_modules/@esbuild/darwin-x64' ]
145 silly reify mark retired [ '/opt/data/home/omnidome-web/node_modules/@esbuild/android-x64' ]
146 silly reify mark retired [ '/opt/data/home/omnidome-web/node_modules/@esbuild/freebsd-x64' ]
147 silly reify mark retired [ '/opt/data/home/omnidome-web/node_modules/@esbuild/linux-arm' ]
148 silly reify mark retired [ '/opt/data/home/omnidome-web/node_modules/@esbuild/freebsd-arm64' ]
149 silly reify mark retired [ '/opt/data/home/omnidome-web/node_modules/@esbuild/linux-arm64' ]
150 silly reify mark retired [ '/opt/data/home/omnidome-web/node_modules/@esbuild/linux-ia32' ]
151 silly reify mark retired [ '/opt/data/home/omnidome-web/node_modules/@esbuild/linux-loong64' ]
152 silly reify mark retired [ '/opt/data/home/omnidome-web/node_modules/@esbuild/linux-mips64el' ]
153 silly reify mark retired [ '/opt/data/home/omnidome-web/node_modules/@esbuild/linux-x64' ]
154 silly reify mark retired [ '/opt/data/home/omnidome-web/node_modules/@esbuild/linux-ppc64' ]
155 silly reify mark retired [ '/opt/data/home/omnidome-web/node_modules/@esbuild/netbsd-arm64' ]
156 silly reify mark retired [ '/opt/data/home/omnidome-web/node_modules/@esbuild/linux-riscv64' ]
157 silly reify mark retired [ '/opt/data/home/omnidome-web/node_modules/@esbuild/netbsd-x64' ]
158 silly reify mark retired [ '/opt/data/home/omnidome-web/node_modules/@esbuild/openbsd-x64' ]
159 silly reify mark retired [ '/opt/data/home/omnidome-web/node_modules/@esbuild/linux-s390x' ]
160 silly reify mark retired [ '/opt/data/home/omnidome-web/node_modules/@esbuild/openbsd-arm64' ]
161 silly reify mark retired [
161 silly reify   '/opt/data/home/omnidome-web/node_modules/@esbuild/openharmony-arm64'
161 silly reify ]
162 silly reify mark retired [ '/opt/data/home/omnidome-web/node_modules/@esbuild/sunos-x64' ]
163 silly reify mark retired [ '/opt/data/home/omnidome-web/node_modules/@esbuild/win32-arm64' ]
164 silly reify mark retired [ '/opt/data/home/omnidome-web/node_modules/@esbuild/win32-x64' ]
165 silly reify mark retired [ '/opt/data/home/omnidome-web/node_modules/@esbuild/win32-ia32' ]
166 silly reify mark retired [ '/opt/data/home/omnidome-web/node_modules/@eslint/config-helpers' ]
167 silly reify mark retired [ '/opt/data/home/omnidome-web/node_modules/@eslint/core' ]
168 silly reify mark retired [ '/opt/data/home/omnidome-web/node_modules/@eslint/eslintrc' ]
169 silly reify mark retired [ '/opt/data/home/omnidome-web/node_modules/@eslint/config-array' ]
170 silly reify mark retired [
170 silly reify   '/opt/data/home/omnidome-web/node_modules/@eslint-community/eslint-utils'
170 silly reify ]
171 silly reify mark retired [
171 silly reify   '/opt/data/home/omnidome-web/node_modules/@eslint-community/regexpp'
171 silly reify ]
172 silly reify mark retired [ '/opt/data/home/omnidome-web/node_modules/@eslint/js' ]
173 silly reify mark retired [ '/opt/data/home/omnidome-web/node_modules/@eslint/plugin-kit' ]
174 silly reify mark retired [ '/opt/data/home/omnidome-web/node_modules/@eslint/object-schema' ]
175 silly reify mark retired [ '/opt/data/home/omnidome-web/node_modules/@floating-ui/core' ]
176 silly reify mark retired [ '/opt/data/home/omnidome-web/node_modules/@floating-ui/dom' ]
177 silly reify mark retired [
177 silly reify   '/opt/data/home/omnidome-web/node_modules/@formatjs/intl-localematcher'
177 silly reify ]
178 silly reify mark retired [ '/opt/data/home/omnidome-web/node_modules/@floating-ui/react-dom' ]
179 silly reify mark retired [ '/opt/data/home/omnidome-web/node_modules/@hookform/resolvers' ]
180 silly reify mark retired [ '/opt/data/home/omnidome-web/node_modules/@humanfs/core' ]
181 silly reify mark retired [ '/opt/data/home/omnidome-web/node_modules/@floating-ui/utils' ]
182 silly reify mark retired [
182 silly reify   '/opt/data/home/omnidome-web/node_modules/@humanwhocodes/module-importer'
182 silly reify ]
183 silly reify mark retired [ '/opt/data/home/omnidome-web/node_modules/@humanwhocodes/retry' ]
184 silly reify mark retired [ '/opt/data/home/omnidome-web/node_modules/@humanfs/node' ]
185 silly reify mark retired [ '/opt/data/home/omnidome-web/node_modules/@img/sharp-darwin-arm64' ]
186 silly reify mark retired [ '/opt/data/home/omnidome-web/node_modules/@img/colour' ]
187 silly reify mark retired [
187 silly reify   '/opt/data/home/omnidome-web/node_modules/@img/sharp-libvips-darwin-arm64'
187 silly reify ]
188 silly reify mark retired [ '/opt/data/home/omnidome-web/node_modules/@img/sharp-darwin-x64' ]
189 silly reify mark retired [
189 silly reify   '/opt/data/home/omnidome-web/node_modules/@img/sharp-libvips-darwin-x64'
189 silly reify ]
190 silly reify mark retired [
190 silly reify   '/opt/data/home/omnidome-web/node_modules/@img/sharp-libvips-linux-arm'
190 silly reify ]
191 silly reify mark retired [
191 silly reify   '/opt/data/home/omnidome-web/node_modules/@img/sharp-libvips-linux-riscv64'
191 silly reify ]
192 silly reify mark retired [
192 silly reify   '/opt/data/home/omnidome-web/node_modules/@img/sharp-libvips-linux-arm64'
192 silly reify ]
193 silly reify mark retired [
193 silly reify   '/opt/data/home/omnidome-web/node_modules/@img/sharp-libvips-linux-ppc64'
193 silly reify ]
194 silly reify mark retired [
194 silly reify   '/opt/data/home/omnidome-web/node_modules/@img/sharp-libvips-linux-s390x'
194 silly reify ]
195 silly reify mark retired [
195 silly reify   '/opt/data/home/omnidome-web/node_modules/@img/sharp-libvips-linux-x64'
195 silly reify ]
196 silly reify mark retired [
196 silly reify   '/opt/data/home/omnidome-web/node_modules/@img/sharp-libvips-linuxmusl-x64'
196 silly reify ]
197 silly reify mark retired [ '/opt/data/home/omnidome-web/node_modules/@img/sharp-linux-ppc64' ]
198 silly reify mark retired [ '/opt/data/home/omnidome-web/node_modules/@img/sharp-linux-arm' ]
199 silly reify mark retired [
199 silly reify   '/opt/data/home/omnidome-web/node_modules/@img/sharp-libvips-linuxmusl-arm64'
199 silly reify ]
200 silly reify mark retired [ '/opt/data/home/omnidome-web/node_modules/@img/sharp-linux-arm64' ]
201 silly reify mark retired [ '/opt/data/home/omnidome-web/node_modules/@img/sharp-linux-s390x' ]
202 silly reify mark retired [ '/opt/data/home/omnidome-web/node_modules/@img/sharp-linux-x64' ]
203 silly reify mark retired [ '/opt/data/home/omnidome-web/node_modules/@img/sharp-linux-riscv64' ]
204 silly reify mark retired [
204 silly reify   '/opt/data/home/omnidome-web/node_modules/@img/sharp-linuxmusl-arm64'
204 silly reify ]
205 silly reify mark retired [ '/opt/data/home/omnidome-web/node_modules/@img/sharp-wasm32' ]
206 silly reify mark retired [ '/opt/data/home/omnidome-web/node_modules/@img/sharp-win32-arm64' ]
207 silly reify mark retired [ '/opt/data/home/omnidome-web/node_modules/@img/sharp-win32-ia32' ]
208 silly reify mark retired [ '/opt/data/home/omnidome-web/node_modules/@img/sharp-win32-x64' ]
209 silly reify mark retired [ '/opt/data/home/omnidome-web/node_modules/@jridgewell/remapping' ]
210 silly reify mark retired [ '/opt/data/home/omnidome-web/node_modules/@jridgewell/resolve-uri' ]
211 silly reify mark retired [
211 silly reify   '/opt/data/home/omnidome-web/node_modules/@jridgewell/sourcemap-codec'
211 silly reify ]
212 silly reify mark retired [ '/opt/data/home/omnidome-web/node_modules/@img/sharp-linuxmusl-x64' ]
213 silly reify mark retired [
213 silly reify   '/opt/data/home/omnidome-web/node_modules/@jridgewell/trace-mapping'
213 silly reify ]
214 silly reify mark retired [ '/opt/data/home/omnidome-web/node_modules/@mdx-js/mdx' ]
215 silly reify mark retired [ '/opt/data/home/omnidome-web/node_modules/@mdx-js/react' ]
216 silly reify mark retired [ '/opt/data/home/omnidome-web/node_modules/@jridgewell/gen-mapping' ]
217 silly reify mark retired [ '/opt/data/home/omnidome-web/node_modules/@mdx-js/loader' ]
218 silly reify mark retired [ '/opt/data/home/omnidome-web/node_modules/@next/eslint-plugin-next' ]
219 silly reify mark retired [ '/opt/data/home/omnidome-web/node_modules/@next/swc-darwin-arm64' ]
220 silly reify mark retired [ '/opt/data/home/omnidome-web/node_modules/@next/env' ]
221 silly reify mark retired [ '/opt/data/home/omnidome-web/node_modules/@napi-rs/wasm-runtime' ]
222 silly reify mark retired [
222 silly reify   '/opt/data/home/omnidome-web/node_modules/@next/swc-linux-arm64-gnu'
222 silly reify ]
223 silly reify mark retired [ '/opt/data/home/omnidome-web/node_modules/@next/swc-darwin-x64' ]
224 silly reify mark retired [ '/opt/data/home/omnidome-web/node_modules/@next/swc-win32-x64-msvc' ]
225 silly reify mark retired [ '/opt/data/home/omnidome-web/node_modules/@next/swc-linux-x64-musl' ]
226 silly reify mark retired [ '/opt/data/home/omnidome-web/node_modules/@nodelib/fs.stat' ]
227 silly reify mark retired [ '/opt/data/home/omnidome-web/node_modules/@nodelib/fs.walk' ]
228 silly reify mark retired [ '/opt/data/home/omnidome-web/node_modules/@nodelib/fs.scandir' ]
229 silly reify mark retired [ '/opt/data/home/omnidome-web/node_modules/@nolyfill/is-core-module' ]
230 silly reify mark retired [ '/opt/data/home/omnidome-web/node_modules/@orama/orama' ]
231 silly reify mark retired [ '/opt/data/home/omnidome-web/node_modules/@radix-ui/primitive' ]
232 silly reify mark retired [
232 silly reify   '/opt/data/home/omnidome-web/node_modules/@radix-ui/react-accordion'
232 silly reify ]
233 silly reify mark retired [ '/opt/data/home/omnidome-web/node_modules/@radix-ui/react-arrow' ]
234 silly reify mark retired [
234 silly reify   '/opt/data/home/omnidome-web/node_modules/@radix-ui/react-alert-dialog'
234 silly reify ]
235 silly reify mark retired [
235 silly reify   '/opt/data/home/omnidome-web/node_modules/@radix-ui/react-aspect-ratio'
235 silly reify ]
236 silly reify mark retired [ '/opt/data/home/omnidome-web/node_modules/@radix-ui/react-avatar' ]
237 silly reify mark retired [ '/opt/data/home/omnidome-web/node_modules/@radix-ui/react-checkbox' ]
238 silly reify mark retired [
238 silly reify   '/opt/data/home/omnidome-web/node_modules/@radix-ui/react-collapsible'
238 silly reify ]
239 silly reify mark retired [
239 silly reify   '/opt/data/home/omnidome-web/node_modules/@radix-ui/react-collection'
239 silly reify ]
240 silly reify mark retired [
240 silly reify   '/opt/data/home/omnidome-web/node_modules/@next/swc-win32-arm64-msvc'
240 silly reify ]
241 silly reify mark retired [ '/opt/data/home/omnidome-web/node_modules/@radix-ui/number' ]
242 silly reify mark retired [ '/opt/data/home/omnidome-web/node_modules/@radix-ui/react-dialog' ]
243 silly reify mark retired [ '/opt/data/home/omnidome-web/node_modules/@radix-ui/react-context' ]
244 silly reify mark retired [
244 silly reify   '/opt/data/home/omnidome-web/node_modules/@radix-ui/react-compose-refs'
244 silly reify ]
245 silly reify mark retired [
245 silly reify   '/opt/data/home/omnidome-web/node_modules/@radix-ui/react-context-menu'
245 silly reify ]
246 silly reify mark retired [
246 silly reify   '/opt/data/home/omnidome-web/node_modules/@radix-ui/react-direction'
246 silly reify ]
247 silly reify mark retired [
247 silly reify   '/opt/data/home/omnidome-web/node_modules/@radix-ui/react-dismissable-layer'
247 silly reify ]
248 silly reify mark retired [
248 silly reify   '/opt/data/home/omnidome-web/node_modules/@radix-ui/react-dropdown-menu'
248 silly reify ]
249 silly reify mark retired [
249 silly reify   '/opt/data/home/omnidome-web/node_modules/@radix-ui/react-focus-guards'
249 silly reify ]
250 silly reify mark retired [
250 silly reify   '/opt/data/home/omnidome-web/node_modules/@radix-ui/react-focus-scope'
250 silly reify ]
251 silly reify mark retired [
251 silly reify   '/opt/data/home/omnidome-web/node_modules/@radix-ui/react-hover-card'
251 silly reify ]
252 silly reify mark retired [ '/opt/data/home/omnidome-web/node_modules/@radix-ui/react-icons' ]
253 silly reify mark retired [ '/opt/data/home/omnidome-web/node_modules/@radix-ui/react-label' ]
254 silly reify mark retired [ '/opt/data/home/omnidome-web/node_modules/@radix-ui/react-menu' ]
255 silly reify mark retired [ '/opt/data/home/omnidome-web/node_modules/@radix-ui/react-id' ]
256 silly reify mark retired [ '/opt/data/home/omnidome-web/node_modules/@radix-ui/react-popover' ]
257 silly reify mark retired [ '/opt/data/home/omnidome-web/node_modules/@radix-ui/react-menubar' ]
258 silly reify mark retired [
258 silly reify   '/opt/data/home/omnidome-web/node_modules/@radix-ui/react-navigation-menu'
258 silly reify ]
259 silly reify mark retired [ '/opt/data/home/omnidome-web/node_modules/@radix-ui/react-portal' ]
260 silly reify mark retired [ '/opt/data/home/omnidome-web/node_modules/@radix-ui/react-popper' ]
261 silly reify mark retired [ '/opt/data/home/omnidome-web/node_modules/@radix-ui/react-presence' ]
262 silly reify mark retired [
262 silly reify   '/opt/data/home/omnidome-web/node_modules/@radix-ui/react-primitive'
262 silly reify ]
263 silly reify mark retired [ '/opt/data/home/omnidome-web/node_modules/@radix-ui/react-progress' ]
264 silly reify mark retired [
264 silly reify   '/opt/data/home/omnidome-web/node_modules/@radix-ui/react-radio-group'
264 silly reify ]
265 silly reify mark retired [
265 silly reify   '/opt/data/home/omnidome-web/node_modules/@radix-ui/react-roving-focus'
265 silly reify ]
266 silly reify mark retired [
266 silly reify   '/opt/data/home/omnidome-web/node_modules/@radix-ui/react-scroll-area'
266 silly reify ]
267 silly reify mark retired [ '/opt/data/home/omnidome-web/node_modules/@radix-ui/react-select' ]
268 silly reify mark retired [ '/opt/data/home/omnidome-web/node_modules/@radix-ui/react-slider' ]
269 silly reify mark retired [
269 silly reify   '/opt/data/home/omnidome-web/node_modules/@radix-ui/react-separator'
269 silly reify ]
270 silly reify mark retired [ '/opt/data/home/omnidome-web/node_modules/@radix-ui/react-slot' ]
271 silly reify mark retired [ '/opt/data/home/omnidome-web/node_modules/@radix-ui/react-switch' ]
272 silly reify mark retired [ '/opt/data/home/omnidome-web/node_modules/@radix-ui/react-toast' ]
273 silly reify mark retired [ '/opt/data/home/omnidome-web/node_modules/@radix-ui/react-toggle' ]
274 silly reify mark retired [ '/opt/data/home/omnidome-web/node_modules/@radix-ui/react-tabs' ]
275 silly reify mark retired [
275 silly reify   '/opt/data/home/omnidome-web/node_modules/@radix-ui/react-toggle-group'
275 silly reify ]
276 silly reify mark retired [ '/opt/data/home/omnidome-web/node_modules/@radix-ui/react-tooltip' ]
277 silly reify mark retired [
277 silly reify   '/opt/data/home/omnidome-web/node_modules/@radix-ui/react-use-callback-ref'
277 silly reify ]
278 silly reify mark retired [
278 silly reify   '/opt/data/home/omnidome-web/node_modules/@radix-ui/react-use-controllable-state'
278 silly reify ]
279 silly reify mark retired [
279 silly reify   '/opt/data/home/omnidome-web/node_modules/@radix-ui/react-use-escape-keydown'
279 silly reify ]
280 silly reify mark retired [
280 silly reify   '/opt/data/home/omnidome-web/node_modules/@radix-ui/react-use-layout-effect'
280 silly reify ]
281 silly reify mark retired [
281 silly reify   '/opt/data/home/omnidome-web/node_modules/@radix-ui/react-use-previous'
281 silly reify ]
282 silly reify mark retired [ '/opt/data/home/omnidome-web/node_modules/@radix-ui/react-use-rect' ]
283 silly reify mark retired [ '/opt/data/home/omnidome-web/node_modules/@radix-ui/react-use-size' ]
284 silly reify mark retired [
284 silly reify   '/opt/data/home/omnidome-web/node_modules/@radix-ui/react-visually-hidden'
284 silly reify ]
285 silly reify mark retired [ '/opt/data/home/omnidome-web/node_modules/@radix-ui/rect' ]
286 silly reify mark retired [ '/opt/data/home/omnidome-web/node_modules/@supabase/postgrest-js' ]
287 silly reify mark retired [ '/opt/data/home/omnidome-web/node_modules/@supabase/functions-js' ]
288 silly reify mark retired [ '/opt/data/home/omnidome-web/node_modules/@supabase/realtime-js' ]
289 silly reify mark retired [ '/opt/data/home/omnidome-web/node_modules/@supabase/storage-js' ]
290 silly reify mark retired [ '/opt/data/home/omnidome-web/node_modules/@standard-schema/spec' ]
291 silly reify mark retired [ '/opt/data/home/omnidome-web/node_modules/@supabase/auth-js' ]
292 silly reify mark retired [ '/opt/data/home/omnidome-web/node_modules/@supabase/supabase-js' ]
293 silly reify mark retired [ '/opt/data/home/omnidome-web/node_modules/@swc/helpers' ]
294 silly reify mark retired [
294 silly reify   '/opt/data/home/omnidome-web/node_modules/@tailwindcss/oxide-darwin-x64'
294 silly reify ]
295 silly reify mark retired [
295 silly reify   '/opt/data/home/omnidome-web/node_modules/@tailwindcss/oxide-android-arm64'
295 silly reify ]
296 silly reify mark retired [
296 silly reify   '/opt/data/home/omnidome-web/node_modules/@tailwindcss/oxide-freebsd-x64'
296 silly reify ]
297 silly reify mark retired [
297 silly reify   '/opt/data/home/omnidome-web/node_modules/@tailwindcss/oxide-linux-arm-gnueabihf'
297 silly reify ]
298 silly reify mark retired [
298 silly reify   '/opt/data/home/omnidome-web/node_modules/@tailwindcss/oxide-darwin-arm64'
298 silly reify ]
299 silly reify mark retired [
299 silly reify   '/opt/data/home/omnidome-web/node_modules/@tailwindcss/oxide-linux-arm64-gnu'
299 silly reify ]
300 silly reify mark retired [
300 silly reify   '/opt/data/home/omnidome-web/node_modules/@tailwindcss/oxide-wasm32-wasi'
300 silly reify ]
301 silly reify mark retired [
301 silly reify   '/opt/data/home/omnidome-web/node_modules/@tailwindcss/oxide-linux-arm64-musl'
301 silly reify ]
302 silly reify mark retired [
302 silly reify   '/opt/data/home/omnidome-web/node_modules/@tailwindcss/oxide-win32-arm64-msvc'
302 silly reify ]
303 silly reify mark retired [
303 silly reify   '/opt/data/home/omnidome-web/node_modules/@tailwindcss/oxide-win32-x64-msvc'
303 silly reify ]
304 silly reify mark retired [ '/opt/data/home/omnidome-web/node_modules/@tailwindcss/typography' ]
305 silly reify mark retired [ '/opt/data/home/omnidome-web/node_modules/@tybys/wasm-util' ]
306 silly reify mark retired [ '/opt/data/home/omnidome-web/node_modules/@types/node' ]
307 silly reify mark retired [ '/opt/data/home/omnidome-web/node_modules/@types/react' ]
308 silly reify mark retired [
308 silly reify   '/opt/data/home/omnidome-web/node_modules/@typescript-eslint/eslint-plugin'
308 silly reify ]
309 silly reify mark retired [
309 silly reify   '/opt/data/home/omnidome-web/node_modules/@typescript-eslint/type-utils'
309 silly reify ]
310 silly reify mark retired [ '/opt/data/home/omnidome-web/node_modules/@typescript-eslint/types' ]
311 silly reify mark retired [
311 silly reify   '/opt/data/home/omnidome-web/node_modules/@typescript-eslint/scope-manager'
311 silly reify ]
312 silly reify mark retired [ '/opt/data/home/omnidome-web/node_modules/@typescript-eslint/utils' ]
313 silly reify mark retired [ '/opt/data/home/omnidome-web/node_modules/@ungap/structured-clone' ]
314 silly reify mark retired [
314 silly reify   '/opt/data/home/omnidome-web/node_modules/@typescript-eslint/typescript-estree'
314 silly reify ]
315 silly reify mark retired [
315 silly reify   '/opt/data/home/omnidome-web/node_modules/@unrs/resolver-binding-darwin-arm64'
315 silly reify ]
316 silly reify mark retired [
316 silly reify   '/opt/data/home/omnidome-web/node_modules/@unrs/resolver-binding-android-arm-eabi'
316 silly reify ]
317 silly reify mark retired [
317 silly reify   '/opt/data/home/omnidome-web/node_modules/@unrs/resolver-binding-android-arm64'
317 silly reify ]
318 silly reify mark retired [
318 silly reify   '/opt/data/home/omnidome-web/node_modules/@unrs/resolver-binding-freebsd-x64'
318 silly reify ]
319 silly reify mark retired [
319 silly reify   '/opt/data/home/omnidome-web/node_modules/@unrs/resolver-binding-darwin-x64'
319 silly reify ]
320 silly reify mark retired [
320 silly reify   '/opt/data/home/omnidome-web/node_modules/@unrs/resolver-binding-linux-arm-gnueabihf'
320 silly reify ]
321 silly reify mark retired [
321 silly reify   '/opt/data/home/omnidome-web/node_modules/@unrs/resolver-binding-linux-arm-musleabihf'
321 silly reify ]
322 silly reify mark retired [
322 silly reify   '/opt/data/home/omnidome-web/node_modules/@unrs/resolver-binding-linux-arm64-gnu'
322 silly reify ]
323 silly reify mark retired [
323 silly reify   '/opt/data/home/omnidome-web/node_modules/@unrs/resolver-binding-linux-ppc64-gnu'
323 silly reify ]
324 silly reify mark retired [
324 silly reify   '/opt/data/home/omnidome-web/node_modules/@unrs/resolver-binding-linux-arm64-musl'
324 silly reify ]
325 silly reify mark retired [
325 silly reify   '/opt/data/home/omnidome-web/node_modules/@unrs/resolver-binding-linux-riscv64-gnu'
325 silly reify ]
326 silly reify mark retired [
326 silly reify   '/opt/data/home/omnidome-web/node_modules/@unrs/resolver-binding-linux-riscv64-musl'
326 silly reify ]
327 silly reify mark retired [
327 silly reify   '/opt/data/home/omnidome-web/node_modules/@unrs/resolver-binding-linux-s390x-gnu'
327 silly reify ]
328 silly reify mark retired [
328 silly reify   '/opt/data/home/omnidome-web/node_modules/@unrs/resolver-binding-wasm32-wasi'
328 silly reify ]
329 silly reify mark retired [
329 silly reify   '/opt/data/home/omnidome-web/node_modules/@unrs/resolver-binding-win32-arm64-msvc'
329 silly reify ]
330 silly reify mark retired [
330 silly reify   '/opt/data/home/omnidome-web/node_modules/@next/swc-linux-arm64-musl'
330 silly reify ]
331 silly reify mark retired [ '/opt/data/home/omnidome-web/node_modules/@next/swc-linux-x64-gnu' ]
332 silly reify mark retired [
332 silly reify   '/opt/data/home/omnidome-web/node_modules/@unrs/resolver-binding-win32-x64-msvc'
332 silly reify ]
333 silly reify mark retired [ '/opt/data/home/omnidome-web/node_modules/@vercel/analytics' ]
334 silly reify mark retired [
334 silly reify   '/opt/data/home/omnidome-web/node_modules/@unrs/resolver-binding-win32-ia32-msvc'
334 silly reify ]
335 silly reify mark retired [ '/opt/data/home/omnidome-web/node_modules/aria-hidden' ]
336 silly reify mark retired [
336 silly reify   '/opt/data/home/omnidome-web/node_modules/astring',
336 silly reify   '/opt/data/home/omnidome-web/node_modules/.bin/astring'
336 silly reify ]
337 silly reify mark retired [
337 silly reify   '/opt/data/home/omnidome-web/node_modules/browserslist',
337 silly reify   '/opt/data/home/omnidome-web/node_modules/.bin/browserslist'
337 silly reify ]
338 silly reify mark retired [ '/opt/data/home/omnidome-web/node_modules/cross-spawn' ]
339 silly reify mark retired [
339 silly reify   '/opt/data/home/omnidome-web/node_modules/cssesc',
339 silly reify   '/opt/data/home/omnidome-web/node_modules/.bin/cssesc'
339 silly reify ]
340 silly reify mark retired [
340 silly reify   '/opt/data/home/omnidome-web/node_modules/esbuild',
340 silly reify   '/opt/data/home/omnidome-web/node_modules/.bin/esbuild'
340 silly reify ]
341 silly reify mark retired [
341 silly reify   '/opt/data/home/omnidome-web/node_modules/eslint-module-utils/node_modules/debug'
341 silly reify ]
342 silly reify mark retired [
342 silly reify   '/opt/data/home/omnidome-web/node_modules/eslint-config-next/node_modules/globals'
342 silly reify ]
343 silly reify mark retired [
343 silly reify   '/opt/data/home/omnidome-web/node_modules/eslint-import-resolver-node/node_modules/debug'
343 silly reify ]
344 silly reify mark retired [
344 silly reify   '/opt/data/home/omnidome-web/node_modules/jsesc',
344 silly reify   '/opt/data/home/omnidome-web/node_modules/.bin/jsesc'
344 silly reify ]
345 silly reify mark retired [
345 silly reify   '/opt/data/home/omnidome-web/node_modules/json5',
345 silly reify   '/opt/data/home/omnidome-web/node_modules/.bin/json5'
345 silly reify ]
346 silly reify mark retired [
346 silly reify   '/opt/data/home/omnidome-web/node_modules/loose-envify',
346 silly reify   '/opt/data/home/omnidome-web/node_modules/.bin/loose-envify'
346 silly reify ]
347 silly reify mark retired [
347 silly reify   '/opt/data/home/omnidome-web/node_modules/micromatch/node_modules/picomatch'
347 silly reify ]
348 silly reify mark retired [
348 silly reify   '/opt/data/home/omnidome-web/node_modules/minimatch/node_modules/brace-expansion'
348 silly reify ]
349 silly reify mark retired [
349 silly reify   '/opt/data/home/omnidome-web/node_modules/napi-postinstall',
349 silly reify   '/opt/data/home/omnidome-web/node_modules/.bin/napi-postinstall'
349 silly reify ]
350 silly reify mark retired [
350 silly reify   '/opt/data/home/omnidome-web/node_modules/prop-types/node_modules/react-is'
350 silly reify ]
351 silly reify mark retired [
351 silly reify   '/opt/data/home/omnidome-web/node_modules/nanoid',
351 silly reify   '/opt/data/home/omnidome-web/node_modules/.bin/nanoid'
351 silly reify ]
352 silly reify mark retired [
352 silly reify   '/opt/data/home/omnidome-web/node_modules/tsconfig-paths/node_modules/json5'
352 silly reify ]
353 silly reify mark retired [
353 silly reify   '/opt/data/home/omnidome-web/node_modules/update-browserslist-db',
353 silly reify   '/opt/data/home/omnidome-web/node_modules/.bin/update-browserslist-db'
353 silly reify ]
354 silly reify mark retired [
354 silly reify   '/opt/data/home/omnidome-web/node_modules/which',
354 silly reify   '/opt/data/home/omnidome-web/node_modules/.bin/node-which'
354 silly reify ]
355 silly reify mark retired [
355 silly reify   '/opt/data/home/omnidome-web/node_modules/parse-entities/node_modules/@types/unist'
355 silly reify ]
356 silly reify mark retired [ '/opt/data/home/omnidome-web/node_modules/@shikijs/vscode-textmate' ]
357 silly reify mark retired [
357 silly reify   '/opt/data/home/omnidome-web/node_modules/@radix-ui/react-use-effect-event/node_modules/@radix-ui/react-use-layout-effect'
357 silly reify ]
358 silly reify moves {
358 silly reify   '/opt/data/home/omnidome-web/node_modules/ajv': '/opt/data/home/omnidome-web/node_modules/.ajv-B0NL9pOa',
358 silly reify   '/opt/data/home/omnidome-web/node_modules/acorn': '/opt/data/home/omnidome-web/node_modules/.acorn-6UZik9Uj',
358 silly reify   '/opt/data/home/omnidome-web/node_modules/argparse': '/opt/data/home/omnidome-web/node_modules/.argparse-bPHBTa2X',
358 silly reify   '/opt/data/home/omnidome-web/node_modules/aria-query': '/opt/data/home/omnidome-web/node_modules/.aria-query-9TyHdwcZ',
358 silly reify   '/opt/data/home/omnidome-web/node_modules/array.prototype.findlastindex': '/opt/data/home/omnidome-web/node_modules/.array.prototype.findlastindex-ndCyQKZa',
358 silly reify   '/opt/data/home/omnidome-web/node_modules/array.prototype.findlast': '/opt/data/home/omnidome-web/node_modules/.array.prototype.findlast-59AvABJL',
358 silly reify   '/opt/data/home/omnidome-web/node_modules/array-includes': '/opt/data/home/omnidome-web/node_modules/.array-includes-6VjlAzuB',
358 silly reify   '/opt/data/home/omnidome-web/node_modules/array.prototype.flat': '/opt/data/home/omnidome-web/node_modules/.array.prototype.flat-BYsbSrAU',
358 silly reify   '/opt/data/home/omnidome-web/node_modules/array.prototype.tosorted': '/opt/data/home/omnidome-web/node_modules/.array.prototype.tosorted-7ZHDq6Xw',
358 silly reify   '/opt/data/home/omnidome-web/node_modules/array.prototype.flatmap': '/opt/data/home/omnidome-web/node_modules/.array.prototype.flatmap-Na6CVYb3',
358 silly reify   '/opt/data/home/omnidome-web/node_modules/arraybuffer.prototype.slice': '/opt/data/home/omnidome-web/node_modules/.arraybuffer.prototype.slice-4iwwax2h',
358 silly reify   '/opt/data/home/omnidome-web/node_modules/autoprefixer': '/opt/data/home/omnidome-web/node_modules/.autoprefixer-v9SXvC1N',
358 silly reify   '/opt/data/home/omnidome-web/node_modules/axe-core': '/opt/data/home/omnidome-web/node_modules/.axe-core-88ebgfib',
358 silly reify   '/opt/data/home/omnidome-web/node_modules/axobject-query': '/opt/data/home/omnidome-web/node_modules/.axobject-query-teFSt4DA',
358 silly reify   '/opt/data/home/omnidome-web/node_modules/baseline-browser-mapping': '/opt/data/home/omnidome-web/node_modules/.baseline-browser-mapping-2XgM71RU',
358 silly reify   '/opt/data/home/omnidome-web/node_modules/braces': '/opt/data/home/omnidome-web/node_modules/.braces-Fm27gjbV',
358 silly reify   '/opt/data/home/omnidome-web/node_modules/caniuse-lite': '/opt/data/home/omnidome-web/node_modules/.caniuse-lite-o9RdcBkK',
358 silly reify   '/opt/data/home/omnidome-web/node_modules/d3-ease': '/opt/data/home/omnidome-web/node_modules/.d3-ease-9pB8mXF4',
358 silly reify   '/opt/data/home/omnidome-web/node_modules/d3-format': '/opt/data/home/omnidome-web/node_modules/.d3-format-0rmYs7nB',
358 silly reify   '/opt/data/home/omnidome-web/node_modules/d3-interpolate': '/opt/data/home/omnidome-web/node_modules/.d3-interpolate-Ub8fewtP',
358 silly reify   '/opt/data/home/omnidome-web/node_modules/d3-scale': '/opt/data/home/omnidome-web/node_modules/.d3-scale-ZHmeXGSJ',
358 silly reify   '/opt/data/home/omnidome-web/node_modules/csstype': '/opt/data/home/omnidome-web/node_modules/.csstype-cHYHcPDD',
358 silly reify   '/opt/data/home/omnidome-web/node_modules/d3-color': '/opt/data/home/omnidome-web/node_modules/.d3-color-tmLDt59E',
358 silly reify   '/opt/data/home/omnidome-web/node_modules/d3-shape': '/opt/data/home/omnidome-web/node_modules/.d3-shape-fMHbIJnC',
358 silly reify   '/opt/data/home/omnidome-web/node_modules/d3-time': '/opt/data/home/omnidome-web/node_modules/.d3-time-BdB4hX8Y',
358 silly reify   '/opt/data/home/omnidome-web/node_modules/d3-time-format': '/opt/data/home/omnidome-web/node_modules/.d3-time-format-Xox4BE4c',
358 silly reify   '/opt/data/home/omnidome-web/node_modules/date-fns': '/opt/data/home/omnidome-web/node_modules/.date-fns-SgABVs8R',
358 silly reify   '/opt/data/home/omnidome-web/node_modules/date-fns-jalali': '/opt/data/home/omnidome-web/node_modules/.date-fns-jalali-n3W7vsFQ',
358 silly reify   '/opt/data/home/omnidome-web/node_modules/dom-helpers': '/opt/data/home/omnidome-web/node_modules/.dom-helpers-cUbq16cw',
358 silly reify   '/opt/data/home/omnidome-web/node_modules/embla-carousel': '/opt/data/home/omnidome-web/node_modules/.embla-carousel-2L3yeKyq',
358 silly reify   '/opt/data/home/omnidome-web/node_modules/embla-carousel-react': '/opt/data/home/omnidome-web/node_modules/.embla-carousel-react-1Y6a2sNy',
358 silly reify   '/opt/data/home/omnidome-web/node_modules/embla-carousel-reactive-utils': '/opt/data/home/omnidome-web/node_modules/.embla-carousel-reactive-utils-Y8TKeEUm',
358 silly reify   '/opt/data/home/omnidome-web/node_modules/enhanced-resolve': '/opt/data/home/omnidome-web/node_modules/.enhanced-resolve-ICecaAFy',
358 silly reify   '/opt/data/home/omnidome-web/node_modules/es-abstract': '/opt/data/home/omnidome-web/node_modules/.es-abstract-hPE7ax5C',
358 silly reify   '/opt/data/home/omnidome-web/node_modules/es-iterator-helpers': '/opt/data/home/omnidome-web/node_modules/.es-iterator-helpers-VvcK6WIj',
358 silly reify   '/opt/data/home/omnidome-web/node_modules/d3-array': '/opt/data/home/omnidome-web/node_modules/.d3-array-EoeHqvft',
358 silly reify   '/opt/data/home/omnidome-web/node_modules/eslint-plugin-import': '/opt/data/home/omnidome-web/node_modules/.eslint-plugin-import-cgJyDdn0',
358 silly reify   '/opt/data/home/omnidome-web/node_modules/eslint-plugin-jsx-a11y': '/opt/data/home/omnidome-web/node_modules/.eslint-plugin-jsx-a11y-1yNnACTV',
358 silly reify   '/opt/data/home/omnidome-web/node_modules/eslint-plugin-react': '/opt/data/home/omnidome-web/node_modules/.eslint-plugin-react-jLjHZLAj',
358 silly reify   '/opt/data/home/omnidome-web/node_modules/eslint-plugin-react-hooks': '/opt/data/home/omnidome-web/node_modules/.eslint-plugin-react-hooks-Mrwe5HXK',
358 silly reify   '/opt/data/home/omnidome-web/node_modules/eslint-scope': '/opt/data/home/omnidome-web/node_modules/.eslint-scope-uZ6kpjFt',
358 silly reify   '/opt/data/home/omnidome-web/node_modules/esquery': '/opt/data/home/omnidome-web/node_modules/.esquery-nVoliyuT',
358 silly reify   '/opt/data/home/omnidome-web/node_modules/eslint': '/opt/data/home/omnidome-web/node_modules/.eslint-91DcdAQF',
358 silly reify   '/opt/data/home/omnidome-web/node_modules/fast-glob': '/opt/data/home/omnidome-web/node_modules/.fast-glob-7YFDcn1X',
358 silly reify   '/opt/data/home/omnidome-web/node_modules/fraction.js': '/opt/data/home/omnidome-web/node_modules/.fraction.js-72PH7o8n',
358 silly reify   '/opt/data/home/omnidome-web/node_modules/framer-motion': '/opt/data/home/omnidome-web/node_modules/.framer-motion-Vu2DIAw9',
358 silly reify   '/opt/data/home/omnidome-web/node_modules/fumadocs-core': '/opt/data/home/omnidome-web/node_modules/.fumadocs-core-Pg2YKaY4',
358 silly reify   '/opt/data/home/omnidome-web/node_modules/fumadocs-mdx': '/opt/data/home/omnidome-web/node_modules/.fumadocs-mdx-UBjx2TYz',
358 silly reify   '/opt/data/home/omnidome-web/node_modules/fast-equals': '/opt/data/home/omnidome-web/node_modules/.fast-equals-k42uVd0E',
358 silly reify   '/opt/data/home/omnidome-web/node_modules/fumadocs-ui': '/opt/data/home/omnidome-web/node_modules/.fumadocs-ui-cQZQ0YBX',
358 silly reify   '/opt/data/home/omnidome-web/node_modules/hast-util-to-estree': '/opt/data/home/omnidome-web/node_modules/.hast-util-to-estree-KbGOSEp9',
358 silly reify   '/opt/data/home/omnidome-web/node_modules/hast-util-to-html': '/opt/data/home/omnidome-web/node_modules/.hast-util-to-html-OsImu1oi',
358 silly reify   '/opt/data/home/omnidome-web/node_modules/image-size': '/opt/data/home/omnidome-web/node_modules/.image-size-xYajrssZ',
358 silly reify   '/opt/data/home/omnidome-web/node_modules/jiti': '/opt/data/home/omnidome-web/node_modules/.jiti-MpwbofLt',
358 silly reify   '/opt/data/home/omnidome-web/node_modules/js-yaml': '/opt/data/home/omnidome-web/node_modules/.js-yaml-tnhUO1At',
358 silly reify   '/opt/data/home/omnidome-web/node_modules/jsx-ast-utils': '/opt/data/home/omnidome-web/node_modules/.jsx-ast-utils-y7DHzb6r',
358 silly reify   '/opt/data/home/omnidome-web/node_modules/language-subtag-registry': '/opt/data/home/omnidome-web/node_modules/.language-subtag-registry-G9hdVcRK',
358 silly reify   '/opt/data/home/omnidome-web/node_modules/lightningcss-darwin-arm64': '/opt/data/home/omnidome-web/node_modules/.lightningcss-darwin-arm64-K1Xlupf7',
358 silly reify   '/opt/data/home/omnidome-web/node_modules/lightningcss-android-arm64': '/opt/data/home/omnidome-web/node_modules/.lightningcss-android-arm64-gS3NNYjJ',
358 silly reify   '/opt/data/home/omnidome-web/node_modules/lightningcss-darwin-x64': '/opt/data/home/omnidome-web/node_modules/.lightningcss-darwin-x64-U8B1UTSQ',
358 silly reify   '/opt/data/home/omnidome-web/node_modules/lightningcss-freebsd-x64': '/opt/data/home/omnidome-web/node_modules/.lightningcss-freebsd-x64-rh9kA83F',
358 silly reify   '/opt/data/home/omnidome-web/node_modules/lightningcss-linux-arm64-gnu': '/opt/data/home/omnidome-web/node_modules/.lightningcss-linux-arm64-gnu-x102qVZ5',
358 silly reify   '/opt/data/home/omnidome-web/node_modules/lightningcss-linux-arm-gnueabihf': '/opt/data/home/omnidome-web/node_modules/.lightningcss-linux-arm-gnueabihf-4td1y8Dm',
358 silly reify   '/opt/data/home/omnidome-web/node_modules/lightningcss-win32-arm64-msvc': '/opt/data/home/omnidome-web/node_modules/.lightningcss-win32-arm64-msvc-tzbhmKrN',
358 silly reify   '/opt/data/home/omnidome-web/node_modules/lightningcss-win32-x64-msvc': '/opt/data/home/omnidome-web/node_modules/.lightningcss-win32-x64-msvc-emnK1LTg',
358 silly reify   '/opt/data/home/omnidome-web/node_modules/lodash': '/opt/data/home/omnidome-web/node_modules/.lodash-AVpQMY1T',
358 silly reify   '/opt/data/home/omnidome-web/node_modules/lightningcss-linux-arm64-musl': '/opt/data/home/omnidome-web/node_modules/.lightningcss-linux-arm64-musl-6mC17naA',
358 silly reify   '/opt/data/home/omnidome-web/node_modules/lucide-react': '/opt/data/home/omnidome-web/node_modules/.lucide-react-149MNDMZ',
358 silly reify   '/opt/data/home/omnidome-web/node_modules/mdast-util-to-hast': '/opt/data/home/omnidome-web/node_modules/.mdast-util-to-hast-9duD5dmu',
358 silly reify   '/opt/data/home/omnidome-web/node_modules/mdast-util-to-markdown': '/opt/data/home/omnidome-web/node_modules/.mdast-util-to-markdown-kFtFsLnF',
358 silly reify   '/opt/data/home/omnidome-web/node_modules/micromark': '/opt/data/home/omnidome-web/node_modules/.micromark-Xayu5ZNF',
358 silly reify   '/opt/data/home/omnidome-web/node_modules/micromark-core-commonmark': '/opt/data/home/omnidome-web/node_modules/.micromark-core-commonmark-uHbEecVf',
358 silly reify   '/opt/data/home/omnidome-web/node_modules/minimist': '/opt/data/home/omnidome-web/node_modules/.minimist-IGfYUroP',
358 silly reify   '/opt/data/home/omnidome-web/node_modules/motion-dom': '/opt/data/home/omnidome-web/node_modules/.motion-dom-O4ex9Kjg',
358 silly reify   '/opt/data/home/omnidome-web/node_modules/next': '/opt/data/home/omnidome-web/node_modules/.next-3gFgXRNs',
358 silly reify   '/opt/data/home/omnidome-web/node_modules/object-inspect': '/opt/data/home/omnidome-web/node_modules/.object-inspect-wjmHXABc',
358 silly reify   '/opt/data/home/omnidome-web/node_modules/oniguruma-parser': '/opt/data/home/omnidome-web/node_modules/.oniguruma-parser-pLbjiYBH',
358 silly reify   '/opt/data/home/omnidome-web/node_modules/postcss': '/opt/data/home/omnidome-web/node_modules/.postcss-HlN3lwTz',
358 silly reify   '/opt/data/home/omnidome-web/node_modules/postcss-selector-parser': '/opt/data/home/omnidome-web/node_modules/.postcss-selector-parser-JnSoyYgE',
358 silly reify   '/opt/data/home/omnidome-web/node_modules/react': '/opt/data/home/omnidome-web/node_modules/.react-GOcCnuTU',
358 silly reify   '/opt/data/home/omnidome-web/node_modules/react-dom': '/opt/data/home/omnidome-web/node_modules/.react-dom-TeDPDMaZ',
358 silly reify   '/opt/data/home/omnidome-web/node_modules/react-day-picker': '/opt/data/home/omnidome-web/node_modules/.react-day-picker-6qlc8MgN',
358 silly reify   '/opt/data/home/omnidome-web/node_modules/react-remove-scroll': '/opt/data/home/omnidome-web/node_modules/.react-remove-scroll-O3aQG3Ee',
358 silly reify   '/opt/data/home/omnidome-web/node_modules/react-remove-scroll-bar': '/opt/data/home/omnidome-web/node_modules/.react-remove-scroll-bar-rJvUlzXx',
358 silly reify   '/opt/data/home/omnidome-web/node_modules/react-smooth': '/opt/data/home/omnidome-web/node_modules/.react-smooth-5nkN3VGn',
358 silly reify   '/opt/data/home/omnidome-web/node_modules/react-resizable-panels': '/opt/data/home/omnidome-web/node_modules/.react-resizable-panels-Q9kHoGsa',
358 silly reify   '/opt/data/home/omnidome-web/node_modules/react-transition-group': '/opt/data/home/omnidome-web/node_modules/.react-transition-group-YT4OERKI',
358 silly reify   '/opt/data/home/omnidome-web/node_modules/react-style-singleton': '/opt/data/home/omnidome-web/node_modules/.react-style-singleton-GYDe3wmw',
358 silly reify   '/opt/data/home/omnidome-web/node_modules/recharts-scale': '/opt/data/home/omnidome-web/node_modules/.recharts-scale-ayQjYH3Y',
358 silly reify   '/opt/data/home/omnidome-web/node_modules/recharts': '/opt/data/home/omnidome-web/node_modules/.recharts-5LVgngi4',
358 silly reify   '/opt/data/home/omnidome-web/node_modules/regex': '/opt/data/home/omnidome-web/node_modules/.regex-w2zJEHcg',
358 silly reify   '/opt/data/home/omnidome-web/node_modules/resolve': '/opt/data/home/omnidome-web/node_modules/.resolve-pcgJBbZl',
358 silly reify   '/opt/data/home/omnidome-web/node_modules/semver': '/opt/data/home/omnidome-web/node_modules/.semver-VWAtCVjO',
358 silly reify   '/opt/data/home/omnidome-web/node_modules/sharp': '/opt/data/home/omnidome-web/node_modules/.sharp-eTCVPMxw',
358 silly reify   '/opt/data/home/omnidome-web/node_modules/property-information': '/opt/data/home/omnidome-web/node_modules/.property-information-GQLIAWcp',
358 silly reify   '/opt/data/home/omnidome-web/node_modules/styled-jsx': '/opt/data/home/omnidome-web/node_modules/.styled-jsx-wmnhniHr',
358 silly reify   '/opt/data/home/omnidome-web/node_modules/typescript': '/opt/data/home/omnidome-web/node_modules/.typescript-1E6y8gtf',
358 silly reify   '/opt/data/home/omnidome-web/node_modules/use-sidecar': '/opt/data/home/omnidome-web/node_modules/.use-sidecar-dalhRMvm',
358 silly reify   '/opt/data/home/omnidome-web/node_modules/use-callback-ref': '/opt/data/home/omnidome-web/node_modules/.use-callback-ref-moDWyKcH',
358 silly reify   '/opt/data/home/omnidome-web/node_modules/uri-js': '/opt/data/home/omnidome-web/node_modules/.uri-js-Bbr4m7zE',
358 silly reify   '/opt/data/home/omnidome-web/node_modules/victory-vendor': '/opt/data/home/omnidome-web/node_modules/.victory-vendor-POvDny26',
358 silly reify   '/opt/data/home/omnidome-web/node_modules/zod': '/opt/data/home/omnidome-web/node_modules/.zod-sp8rlLjk',
358 silly reify   '/opt/data/home/omnidome-web/node_modules/@alloc/quick-lru': '/opt/data/home/omnidome-web/node_modules/@alloc/.quick-lru-FHOVAeU6',
358 silly reify   '/opt/data/home/omnidome-web/node_modules/@babel/core': '/opt/data/home/omnidome-web/node_modules/@babel/.core-cyRHFlHN',
358 silly reify   '/opt/data/home/omnidome-web/node_modules/@babel/compat-data': '/opt/data/home/omnidome-web/node_modules/@babel/.compat-data-qS44gqBT',
358 silly reify   '/opt/data/home/omnidome-web/node_modules/@babel/code-frame': '/opt/data/home/omnidome-web/node_modules/@babel/.code-frame-1G5WnoiB',
358 silly reify   '/opt/data/home/omnidome-web/node_modules/@babel/helper-compilation-targets': '/opt/data/home/omnidome-web/node_modules/@babel/.helper-compilation-targets-LktNxMaC',
358 silly reify   '/opt/data/home/omnidome-web/node_modules/@babel/generator': '/opt/data/home/omnidome-web/node_modules/@babel/.generator-3NAlFUoI',
358 silly reify   '/opt/data/home/omnidome-web/node_modules/@babel/helper-module-imports': '/opt/data/home/omnidome-web/node_modules/@babel/.helper-module-imports-wxBuu7ck',
358 silly reify   '/opt/data/home/omnidome-web/node_modules/@babel/helper-module-transforms': '/opt/data/home/omnidome-web/node_modules/@babel/.helper-module-transforms-qTr0Xp7c',
358 silly reify   '/opt/data/home/omnidome-web/node_modules/@babel/helper-globals': '/opt/data/home/omnidome-web/node_modules/@babel/.helper-globals-pnTtjbrp',
358 silly reify   '/opt/data/home/omnidome-web/node_modules/@babel/helpers': '/opt/data/home/omnidome-web/node_modules/@babel/.helpers-lZ28b90d',
358 silly reify   '/opt/data/home/omnidome-web/node_modules/@babel/helper-string-parser': '/opt/data/home/omnidome-web/node_modules/@babel/.helper-string-parser-ck7jLfwy',
358 silly reify   '/opt/data/home/omnidome-web/node_modules/@babel/helper-validator-option': '/opt/data/home/omnidome-web/node_modules/@babel/.helper-validator-option-ZVrxpdCQ',
358 silly reify   '/opt/data/home/omnidome-web/node_modules/@babel/helper-validator-identifier': '/opt/data/home/omnidome-web/node_modules/@babel/.helper-validator-identifier-mTHeIol3',
358 silly reify   '/opt/data/home/omnidome-web/node_modules/@babel/runtime': '/opt/data/home/omnidome-web/node_modules/@babel/.runtime-pgJf3XUL',
358 silly reify   '/opt/data/home/omnidome-web/node_modules/@babel/parser': '/opt/data/home/omnidome-web/node_modules/@babel/.parser-se38qdep',
358 silly reify   '/opt/data/home/omnidome-web/node_modules/@babel/traverse': '/opt/data/home/omnidome-web/node_modules/@babel/.traverse-MjORef3T',
358 silly reify   '/opt/data/home/omnidome-web/node_modules/@babel/template': '/opt/data/home/omnidome-web/node_modules/@babel/.template-OaRx8Dfp',
358 silly reify   '/opt/data/home/omnidome-web/node_modules/@beeper/desktop-api': '/opt/data/home/omnidome-web/node_modules/@beeper/.desktop-api-2gmATbDT',
358 silly reify   '/opt/data/home/omnidome-web/node_modules/@date-fns/tz': '/opt/data/home/omnidome-web/node_modules/@date-fns/.tz-eloP9Xlt',
358 silly reify   '/opt/data/home/omnidome-web/node_modules/@emnapi/core': '/opt/data/home/omnidome-web/node_modules/@emnapi/.core-eWCUtndc',
358 silly reify   '/opt/data/home/omnidome-web/node_modules/@babel/types': '/opt/data/home/omnidome-web/node_modules/@babel/.types-2Copf611',
358 silly reify   '/opt/data/home/omnidome-web/node_modules/@emnapi/runtime': '/opt/data/home/omnidome-web/node_modules/@emnapi/.runtime-nGWmXyQQ',
358 silly reify   '/opt/data/home/omnidome-web/node_modules/@esbuild/aix-ppc64': '/opt/data/home/omnidome-web/node_modules/@esbuild/.aix-ppc64-SZRMgyCd',
358 silly reify   '/opt/data/home/omnidome-web/node_modules/@esbuild/android-arm': '/opt/data/home/omnidome-web/node_modules/@esbuild/.android-arm-ORuZj0ot',
358 silly reify   '/opt/data/home/omnidome-web/node_modules/@emnapi/wasi-threads': '/opt/data/home/omnidome-web/node_modules/@emnapi/.wasi-threads-J6ZwqWDZ',
358 silly reify   '/opt/data/home/omnidome-web/node_modules/@esbuild/darwin-arm64': '/opt/data/home/omnidome-web/node_modules/@esbuild/.darwin-arm64-9hDgJaJW',
358 silly reify   '/opt/data/home/omnidome-web/node_modules/@esbuild/android-arm64': '/opt/data/home/omnidome-web/node_modules/@esbuild/.android-arm64-JZB6PRSE',
358 silly reify   '/opt/data/home/omnidome-web/node_modules/@esbuild/darwin-x64': '/opt/data/home/omnidome-web/node_modules/@esbuild/.darwin-x64-XVAKeX5l',
358 silly reify   '/opt/data/home/omnidome-web/node_modules/@esbuild/android-x64': '/opt/data/home/omnidome-web/node_modules/@esbuild/.android-x64-GYRCsLmU',
358 silly reify   '/opt/data/home/omnidome-web/node_modules/@esbuild/freebsd-x64': '/opt/data/home/omnidome-web/node_modules/@esbuild/.freebsd-x64-YunQYBNn',
358 silly reify   '/opt/data/home/omnidome-web/node_modules/@esbuild/linux-arm': '/opt/data/home/omnidome-web/node_modules/@esbuild/.linux-arm-jxxIfKi5',
358 silly reify   '/opt/data/home/omnidome-web/node_modules/@esbuild/freebsd-arm64': '/opt/data/home/omnidome-web/node_modules/@esbuild/.freebsd-arm64-hKEPEGEa',
358 silly reify   '/opt/data/home/omnidome-web/node_modules/@esbuild/linux-arm64': '/opt/data/home/omnidome-web/node_modules/@esbuild/.linux-arm64-CqaSSIPP',
358 silly reify   '/opt/data/home/omnidome-web/node_modules/@esbuild/linux-ia32': '/opt/data/home/omnidome-web/node_modules/@esbuild/.linux-ia32-0xVmayRe',
358 silly reify   '/opt/data/home/omnidome-web/node_modules/@esbuild/linux-loong64': '/opt/data/home/omnidome-web/node_modules/@esbuild/.linux-loong64-gvAgTOER',
358 silly reify   '/opt/data/home/omnidome-web/node_modules/@esbuild/linux-mips64el': '/opt/data/home/omnidome-web/node_modules/@esbuild/.linux-mips64el-heX9dlIC',
358 silly reify   '/opt/data/home/omnidome-web/node_modules/@esbuild/linux-x64': '/opt/data/home/omnidome-web/node_modules/@esbuild/.linux-x64-PpkjP1b8',
358 silly reify   '/opt/data/home/omnidome-web/node_modules/@esbuild/linux-ppc64': '/opt/data/home/omnidome-web/node_modules/@esbuild/.linux-ppc64-PtlCBmFd',
358 silly reify   '/opt/data/home/omnidome-web/node_modules/@esbuild/netbsd-arm64': '/opt/data/home/omnidome-web/node_modules/@esbuild/.netbsd-arm64-BhyT5Wrs',
358 silly reify   '/opt/data/home/omnidome-web/node_modules/@esbuild/linux-riscv64': '/opt/data/home/omnidome-web/node_modules/@esbuild/.linux-riscv64-Qf5QZ85m',
358 silly reify   '/opt/data/home/omnidome-web/node_modules/@esbuild/netbsd-x64': '/opt/data/home/omnidome-web/node_modules/@esbuild/.netbsd-x64-QlFmGnQZ',
358 silly reify   '/opt/data/home/omnidome-web/node_modules/@esbuild/openbsd-x64': '/opt/data/home/omnidome-web/node_modules/@esbuild/.openbsd-x64-kSWgmZmQ',
358 silly reify   '/opt/data/home/omnidome-web/node_modules/@esbuild/linux-s390x': '/opt/data/home/omnidome-web/node_modules/@esbuild/.linux-s390x-6o54IXcF',
358 silly reify   '/opt/data/home/omnidome-web/node_modules/@esbuild/openbsd-arm64': '/opt/data/home/omnidome-web/node_modules/@esbuild/.openbsd-arm64-e4DlBEbm',
358 silly reify   '/opt/data/home/omnidome-web/node_modules/@esbuild/openharmony-arm64': '/opt/data/home/omnidome-web/node_modules/@esbuild/.openharmony-arm64-h8axAieR',
358 silly reify   '/opt/data/home/omnidome-web/node_modules/@esbuild/sunos-x64': '/opt/data/home/omnidome-web/node_modules/@esbuild/.sunos-x64-yaL3bmFM',
358 silly reify   '/opt/data/home/omnidome-web/node_modules/@esbuild/win32-arm64': '/opt/data/home/omnidome-web/node_modules/@esbuild/.win32-arm64-tfxMa92o',
358 silly reify   '/opt/data/home/omnidome-web/node_modules/@esbuild/win32-x64': '/opt/data/home/omnidome-web/node_modules/@esbuild/.win32-x64-trRwc3Sb',
358 silly reify   '/opt/data/home/omnidome-web/node_modules/@esbuild/win32-ia32': '/opt/data/home/omnidome-web/node_modules/@esbuild/.win32-ia32-LiLzN6rR',
358 silly reify   '/opt/data/home/omnidome-web/node_modules/@eslint/config-helpers': '/opt/data/home/omnidome-web/node_modules/@eslint/.config-helpers-HEzkt3at',
358 silly reify   '/opt/data/home/omnidome-web/node_modules/@eslint/core': '/opt/data/home/omnidome-web/node_modules/@eslint/.core-kDpS0Taz',
358 silly reify   '/opt/data/home/omnidome-web/node_modules/@eslint/eslintrc': '/opt/data/home/omnidome-web/node_modules/@eslint/.eslintrc-vcKb3VYL',
358 silly reify   '/opt/data/home/omnidome-web/node_modules/@eslint/config-array': '/opt/data/home/omnidome-web/node_modules/@eslint/.config-array-HUN6xICi',
358 silly reify   '/opt/data/home/omnidome-web/node_modules/@eslint-community/eslint-utils': '/opt/data/home/omnidome-web/node_modules/@eslint-community/.eslint-utils-el2nOgzo',
358 silly reify   '/opt/data/home/omnidome-web/node_modules/@eslint-community/regexpp': '/opt/data/home/omnidome-web/node_modules/@eslint-community/.regexpp-jGAzg7Qc',
358 silly reify   '/opt/data/home/omnidome-web/node_modules/@eslint/js': '/opt/data/home/omnidome-web/node_modules/@eslint/.js-7xwdCgkN',
358 silly reify   '/opt/data/home/omnidome-web/node_modules/@eslint/plugin-kit': '/opt/data/home/omnidome-web/node_modules/@eslint/.plugin-kit-V712dK4x',
358 silly reify   '/opt/data/home/omnidome-web/node_modules/@eslint/object-schema': '/opt/data/home/omnidome-web/node_modules/@eslint/.object-schema-81VrXB5w',
358 silly reify   '/opt/data/home/omnidome-web/node_modules/@floating-ui/core': '/opt/data/home/omnidome-web/node_modules/@floating-ui/.core-dRl1C8q9',
358 silly reify   '/opt/data/home/omnidome-web/node_modules/@floating-ui/dom': '/opt/data/home/omnidome-web/node_modules/@floating-ui/.dom-JUyZ88lR',
358 silly reify   '/opt/data/home/omnidome-web/node_modules/@formatjs/intl-localematcher': '/opt/data/home/omnidome-web/node_modules/@formatjs/.intl-localematcher-t5mQF5AM',
358 silly reify   '/opt/data/home/omnidome-web/node_modules/@floating-ui/react-dom': '/opt/data/home/omnidome-web/node_modules/@floating-ui/.react-dom-5g6hbyLp',
358 silly reify   '/opt/data/home/omnidome-web/node_modules/@hookform/resolvers': '/opt/data/home/omnidome-web/node_modules/@hookform/.resolvers-0QmNYkY2',
358 silly reify   '/opt/data/home/omnidome-web/node_modules/@humanfs/core': '/opt/data/home/omnidome-web/node_modules/@humanfs/.core-ImlMD2wb',
358 silly reify   '/opt/data/home/omnidome-web/node_modules/@floating-ui/utils': '/opt/data/home/omnidome-web/node_modules/@floating-ui/.utils-uBFqLhHW',
358 silly reify   '/opt/data/home/omnidome-web/node_modules/@humanwhocodes/module-importer': '/opt/data/home/omnidome-web/node_modules/@humanwhocodes/.module-importer-bQ6VIFsY',
358 silly reify   '/opt/data/home/omnidome-web/node_modules/@humanwhocodes/retry': '/opt/data/home/omnidome-web/node_modules/@humanwhocodes/.retry-MEIrxhAN',
358 silly reify   '/opt/data/home/omnidome-web/node_modules/@humanfs/node': '/opt/data/home/omnidome-web/node_modules/@humanfs/.node-GJlDptQk',
358 silly reify   '/opt/data/home/omnidome-web/node_modules/@img/sharp-darwin-arm64': '/opt/data/home/omnidome-web/node_modules/@img/.sharp-darwin-arm64-9hnoj6M8',
358 silly reify   '/opt/data/home/omnidome-web/node_modules/@img/colour': '/opt/data/home/omnidome-web/node_modules/@img/.colour-K86H7bS6',
358 silly reify   '/opt/data/home/omnidome-web/node_modules/@img/sharp-libvips-darwin-arm64': '/opt/data/home/omnidome-web/node_modules/@img/.sharp-libvips-darwin-arm64-aT5DjFhr',
358 silly reify   '/opt/data/home/omnidome-web/node_modules/@img/sharp-darwin-x64': '/opt/data/home/omnidome-web/node_modules/@img/.sharp-darwin-x64-DzXn2CBx',
358 silly reify   '/opt/data/home/omnidome-web/node_modules/@img/sharp-libvips-darwin-x64': '/opt/data/home/omnidome-web/node_modules/@img/.sharp-libvips-darwin-x64-28AEJgfP',
358 silly reify   '/opt/data/home/omnidome-web/node_modules/@img/sharp-libvips-linux-arm': '/opt/data/home/omnidome-web/node_modules/@img/.sharp-libvips-linux-arm-mIEtsAAp',
358 silly reify   '/opt/data/home/omnidome-web/node_modules/@img/sharp-libvips-linux-riscv64': '/opt/data/home/omnidome-web/node_modules/@img/.sharp-libvips-linux-riscv64-PvwwLBMy',
358 silly reify   '/opt/data/home/omnidome-web/node_modules/@img/sharp-libvips-linux-arm64': '/opt/data/home/omnidome-web/node_modules/@img/.sharp-libvips-linux-arm64-fnLa0grs',
358 silly reify   '/opt/data/home/omnidome-web/node_modules/@img/sharp-libvips-linux-ppc64': '/opt/data/home/omnidome-web/node_modules/@img/.sharp-libvips-linux-ppc64-UMIWsiyl',
358 silly reify   '/opt/data/home/omnidome-web/node_modules/@img/sharp-libvips-linux-s390x': '/opt/data/home/omnidome-web/node_modules/@img/.sharp-libvips-linux-s390x-YHkHinlp',
358 silly reify   '/opt/data/home/omnidome-web/node_modules/@img/sharp-libvips-linux-x64': '/opt/data/home/omnidome-web/node_modules/@img/.sharp-libvips-linux-x64-xc1Am9LC',
358 silly reify   '/opt/data/home/omnidome-web/node_modules/@img/sharp-libvips-linuxmusl-x64': '/opt/data/home/omnidome-web/node_modules/@img/.sharp-libvips-linuxmusl-x64-GvcmjPR2',
358 silly reify   '/opt/data/home/omnidome-web/node_modules/@img/sharp-linux-ppc64': '/opt/data/home/omnidome-web/node_modules/@img/.sharp-linux-ppc64-zw2COu9U',
358 silly reify   '/opt/data/home/omnidome-web/node_modules/@img/sharp-linux-arm': '/opt/data/home/omnidome-web/node_modules/@img/.sharp-linux-arm-p0b274JE',
358 silly reify   '/opt/data/home/omnidome-web/node_modules/@img/sharp-libvips-linuxmusl-arm64': '/opt/data/home/omnidome-web/node_modules/@img/.sharp-libvips-linuxmusl-arm64-WapdgUa6',
358 silly reify   '/opt/data/home/omnidome-web/node_modules/@img/sharp-linux-arm64': '/opt/data/home/omnidome-web/node_modules/@img/.sharp-linux-arm64-9iVFsRFD',
358 silly reify   '/opt/data/home/omnidome-web/node_modules/@img/sharp-linux-s390x': '/opt/data/home/omnidome-web/node_modules/@img/.sharp-linux-s390x-ilntozo6',
358 silly reify   '/opt/data/home/omnidome-web/node_modules/@img/sharp-linux-x64': '/opt/data/home/omnidome-web/node_modules/@img/.sharp-linux-x64-wyCyhIF0',
358 silly reify   '/opt/data/home/omnidome-web/node_modules/@img/sharp-linux-riscv64': '/opt/data/home/omnidome-web/node_modules/@img/.sharp-linux-riscv64-5NzVTdBR',
358 silly reify   '/opt/data/home/omnidome-web/node_modules/@img/sharp-linuxmusl-arm64': '/opt/data/home/omnidome-web/node_modules/@img/.sharp-linuxmusl-arm64-bkqaQlWu',
358 silly reify   '/opt/data/home/omnidome-web/node_modules/@img/sharp-wasm32': '/opt/data/home/omnidome-web/node_modules/@img/.sharp-wasm32-vb3wRpuq',
358 silly reify   '/opt/data/home/omnidome-web/node_modules/@img/sharp-win32-arm64': '/opt/data/home/omnidome-web/node_modules/@img/.sharp-win32-arm64-ZiXfWw39',
358 silly reify   '/opt/data/home/omnidome-web/node_modules/@img/sharp-win32-ia32': '/opt/data/home/omnidome-web/node_modules/@img/.sharp-win32-ia32-nn4ELBD6',
358 silly reify   '/opt/data/home/omnidome-web/node_modules/@img/sharp-win32-x64': '/opt/data/home/omnidome-web/node_modules/@img/.sharp-win32-x64-yUs9Zdgc',
358 silly reify   '/opt/data/home/omnidome-web/node_modules/@jridgewell/remapping': '/opt/data/home/omnidome-web/node_modules/@jridgewell/.remapping-BtqDzbQv',
358 silly reify   '/opt/data/home/omnidome-web/node_modules/@jridgewell/resolve-uri': '/opt/data/home/omnidome-web/node_modules/@jridgewell/.resolve-uri-u85wD55F',
358 silly reify   '/opt/data/home/omnidome-web/node_modules/@jridgewell/sourcemap-codec': '/opt/data/home/omnidome-web/node_modules/@jridgewell/.sourcemap-codec-wW8t2cml',
358 silly reify   '/opt/data/home/omnidome-web/node_modules/@img/sharp-linuxmusl-x64': '/opt/data/home/omnidome-web/node_modules/@img/.sharp-linuxmusl-x64-KsI3BMQD',
358 silly reify   '/opt/data/home/omnidome-web/node_modules/@jridgewell/trace-mapping': '/opt/data/home/omnidome-web/node_modules/@jridgewell/.trace-mapping-2itSohFu',
358 silly reify   '/opt/data/home/omnidome-web/node_modules/@mdx-js/mdx': '/opt/data/home/omnidome-web/node_modules/@mdx-js/.mdx-8aEHbNNV',
358 silly reify   '/opt/data/home/omnidome-web/node_modules/@mdx-js/react': '/opt/data/home/omnidome-web/node_modules/@mdx-js/.react-GSgQHizm',
358 silly reify   '/opt/data/home/omnidome-web/node_modules/@jridgewell/gen-mapping': '/opt/data/home/omnidome-web/node_modules/@jridgewell/.gen-mapping-la2LDDMF',
358 silly reify   '/opt/data/home/omnidome-web/node_modules/@mdx-js/loader': '/opt/data/home/omnidome-web/node_modules/@mdx-js/.loader-eqW3SVYl',
358 silly reify   '/opt/data/home/omnidome-web/node_modules/@next/eslint-plugin-next': '/opt/data/home/omnidome-web/node_modules/@next/.eslint-plugin-next-pOQxqu4h',
358 silly reify   '/opt/data/home/omnidome-web/node_modules/@next/swc-darwin-arm64': '/opt/data/home/omnidome-web/node_modules/@next/.swc-darwin-arm64-jqyeVluG',
358 silly reify   '/opt/data/home/omnidome-web/node_modules/@next/env': '/opt/data/home/omnidome-web/node_modules/@next/.env-wv4s1lvS',
358 silly reify   '/opt/data/home/omnidome-web/node_modules/@napi-rs/wasm-runtime': '/opt/data/home/omnidome-web/node_modules/@napi-rs/.wasm-runtime-MG21Mi7g',
358 silly reify   '/opt/data/home/omnidome-web/node_modules/@next/swc-linux-arm64-gnu': '/opt/data/home/omnidome-web/node_modules/@next/.swc-linux-arm64-gnu-1xdC8mhy',
358 silly reify   '/opt/data/home/omnidome-web/node_modules/@next/swc-darwin-x64': '/opt/data/home/omnidome-web/node_modules/@next/.swc-darwin-x64-4obiryvH',
358 silly reify   '/opt/data/home/omnidome-web/node_modules/@next/swc-win32-x64-msvc': '/opt/data/home/omnidome-web/node_modules/@next/.swc-win32-x64-msvc-6CsO1zud',
358 silly reify   '/opt/data/home/omnidome-web/node_modules/@next/swc-linux-x64-musl': '/opt/data/home/omnidome-web/node_modules/@next/.swc-linux-x64-musl-GpAXxXhu',
358 silly reify   '/opt/data/home/omnidome-web/node_modules/@nodelib/fs.stat': '/opt/data/home/omnidome-web/node_modules/@nodelib/.fs.stat-XzXyPuZH',
358 silly reify   '/opt/data/home/omnidome-web/node_modules/@nodelib/fs.walk': '/opt/data/home/omnidome-web/node_modules/@nodelib/.fs.walk-hKGoX9L2',
358 silly reify   '/opt/data/home/omnidome-web/node_modules/@nodelib/fs.scandir': '/opt/data/home/omnidome-web/node_modules/@nodelib/.fs.scandir-co0rmQQ8',
358 silly reify   '/opt/data/home/omnidome-web/node_modules/@nolyfill/is-core-module': '/opt/data/home/omnidome-web/node_modules/@nolyfill/.is-core-module-EA7Nkpkm',
358 silly reify   '/opt/data/home/omnidome-web/node_modules/@orama/orama': '/opt/data/home/omnidome-web/node_modules/@orama/.orama-AC6KpBI4',
358 silly reify   '/opt/data/home/omnidome-web/node_modules/@radix-ui/primitive': '/opt/data/home/omnidome-web/node_modules/@radix-ui/.primitive-altrFXzC',
358 silly reify   '/opt/data/home/omnidome-web/node_modules/@radix-ui/react-accordion': '/opt/data/home/omnidome-web/node_modules/@radix-ui/.react-accordion-u3bfwPVK',
358 silly reify   '/opt/data/home/omnidome-web/node_modules/@radix-ui/react-arrow': '/opt/data/home/omnidome-web/node_modules/@radix-ui/.react-arrow-cw46dJK2',
358 silly reify   '/opt/data/home/omnidome-web/node_modules/@radix-ui/react-alert-dialog': '/opt/data/home/omnidome-web/node_modules/@radix-ui/.react-alert-dialog-luhOQva7',
358 silly reify   '/opt/data/home/omnidome-web/node_modules/@radix-ui/react-aspect-ratio': '/opt/data/home/omnidome-web/node_modules/@radix-ui/.react-aspect-ratio-yJ0GKMG0',
358 silly reify   '/opt/data/home/omnidome-web/node_modules/@radix-ui/react-avatar': '/opt/data/home/omnidome-web/node_modules/@radix-ui/.react-avatar-0xBoNvG3',
358 silly reify   '/opt/data/home/omnidome-web/node_modules/@radix-ui/react-checkbox': '/opt/data/home/omnidome-web/node_modules/@radix-ui/.react-checkbox-w0KVAiP4',
358 silly reify   '/opt/data/home/omnidome-web/node_modules/@radix-ui/react-collapsible': '/opt/data/home/omnidome-web/node_modules/@radix-ui/.react-collapsible-eC7Gflqv',
358 silly reify   '/opt/data/home/omnidome-web/node_modules/@radix-ui/react-collection': '/opt/data/home/omnidome-web/node_modules/@radix-ui/.react-collection-EC016bwR',
358 silly reify   '/opt/data/home/omnidome-web/node_modules/@next/swc-win32-arm64-msvc': '/opt/data/home/omnidome-web/node_modules/@next/.swc-win32-arm64-msvc-xkVgkXm1',
358 silly reify   '/opt/data/home/omnidome-web/node_modules/@radix-ui/number': '/opt/data/home/omnidome-web/node_modules/@radix-ui/.number-l8YOJYyL',
358 silly reify   '/opt/data/home/omnidome-web/node_modules/@radix-ui/react-dialog': '/opt/data/home/omnidome-web/node_modules/@radix-ui/.react-dialog-gckb1lgB',
358 silly reify   '/opt/data/home/omnidome-web/node_modules/@radix-ui/react-context': '/opt/data/home/omnidome-web/node_modules/@radix-ui/.react-context-0HHNkHtI',
358 silly reify   '/opt/data/home/omnidome-web/node_modules/@radix-ui/react-compose-refs': '/opt/data/home/omnidome-web/node_modules/@radix-ui/.react-compose-refs-RUMQ2JB9',
358 silly reify   '/opt/data/home/omnidome-web/node_modules/@radix-ui/react-context-menu': '/opt/data/home/omnidome-web/node_modules/@radix-ui/.react-context-menu-wFKMPcLD',
358 silly reify   '/opt/data/home/omnidome-web/node_modules/@radix-ui/react-direction': '/opt/data/home/omnidome-web/node_modules/@radix-ui/.react-direction-zfWUzo4j',
358 silly reify   '/opt/data/home/omnidome-web/node_modules/@radix-ui/react-dismissable-layer': '/opt/data/home/omnidome-web/node_modules/@radix-ui/.react-dismissable-layer-42njcZol',
358 silly reify   '/opt/data/home/omnidome-web/node_modules/@radix-ui/react-dropdown-menu': '/opt/data/home/omnidome-web/node_modules/@radix-ui/.react-dropdown-menu-015X1q6j',
358 silly reify   '/opt/data/home/omnidome-web/node_modules/@radix-ui/react-focus-guards': '/opt/data/home/omnidome-web/node_modules/@radix-ui/.react-focus-guards-9kDZrKIu',
358 silly reify   '/opt/data/home/omnidome-web/node_modules/@radix-ui/react-focus-scope': '/opt/data/home/omnidome-web/node_modules/@radix-ui/.react-focus-scope-5ZwccGnS',
358 silly reify   '/opt/data/home/omnidome-web/node_modules/@radix-ui/react-hover-card': '/opt/data/home/omnidome-web/node_modules/@radix-ui/.react-hover-card-khcFEV6g',
358 silly reify   '/opt/data/home/omnidome-web/node_modules/@radix-ui/react-icons': '/opt/data/home/omnidome-web/node_modules/@radix-ui/.react-icons-uUeZbpaB',
358 silly reify   '/opt/data/home/omnidome-web/node_modules/@radix-ui/react-label': '/opt/data/home/omnidome-web/node_modules/@radix-ui/.react-label-Pw0fMaQ6',
358 silly reify   '/opt/data/home/omnidome-web/node_modules/@radix-ui/react-menu': '/opt/data/home/omnidome-web/node_modules/@radix-ui/.react-menu-78Tmq0JF',
358 silly reify   '/opt/data/home/omnidome-web/node_modules/@radix-ui/react-id': '/opt/data/home/omnidome-web/node_modules/@radix-ui/.react-id-pVnjUnpG',
358 silly reify   '/opt/data/home/omnidome-web/node_modules/@radix-ui/react-popover': '/opt/data/home/omnidome-web/node_modules/@radix-ui/.react-popover-juxwFvfb',
358 silly reify   '/opt/data/home/omnidome-web/node_modules/@radix-ui/react-menubar': '/opt/data/home/omnidome-web/node_modules/@radix-ui/.react-menubar-ejggVd6z',
358 silly reify   '/opt/data/home/omnidome-web/node_modules/@radix-ui/react-navigation-menu': '/opt/data/home/omnidome-web/node_modules/@radix-ui/.react-navigation-menu-yVNUOYq2',
358 silly reify   '/opt/data/home/omnidome-web/node_modules/@radix-ui/react-portal': '/opt/data/home/omnidome-web/node_modules/@radix-ui/.react-portal-OxEgprZk',
358 silly reify   '/opt/data/home/omnidome-web/node_modules/@radix-ui/react-popper': '/opt/data/home/omnidome-web/node_modules/@radix-ui/.react-popper-3kCdDh04',
358 silly reify   '/opt/data/home/omnidome-web/node_modules/@radix-ui/react-presence': '/opt/data/home/omnidome-web/node_modules/@radix-ui/.react-presence-Clq48k9q',
358 silly reify   '/opt/data/home/omnidome-web/node_modules/@radix-ui/react-primitive': '/opt/data/home/omnidome-web/node_modules/@radix-ui/.react-primitive-CTQFs2di',
358 silly reify   '/opt/data/home/omnidome-web/node_modules/@radix-ui/react-progress': '/opt/data/home/omnidome-web/node_modules/@radix-ui/.react-progress-SCxXQ9nW',
358 silly reify   '/opt/data/home/omnidome-web/node_modules/@radix-ui/react-radio-group': '/opt/data/home/omnidome-web/node_modules/@radix-ui/.react-radio-group-zZQRdl4L',
358 silly reify   '/opt/data/home/omnidome-web/node_modules/@radix-ui/react-roving-focus': '/opt/data/home/omnidome-web/node_modules/@radix-ui/.react-roving-focus-liX0RUKn',
358 silly reify   '/opt/data/home/omnidome-web/node_modules/@radix-ui/react-scroll-area': '/opt/data/home/omnidome-web/node_modules/@radix-ui/.react-scroll-area-9iPwryBv',
358 silly reify   '/opt/data/home/omnidome-web/node_modules/@radix-ui/react-select': '/opt/data/home/omnidome-web/node_modules/@radix-ui/.react-select-pMBP27DJ',
358 silly reify   '/opt/data/home/omnidome-web/node_modules/@radix-ui/react-slider': '/opt/data/home/omnidome-web/node_modules/@radix-ui/.react-slider-y74c2P2I',
358 silly reify   '/opt/data/home/omnidome-web/node_modules/@radix-ui/react-separator': '/opt/data/home/omnidome-web/node_modules/@radix-ui/.react-separator-T3IR8e5Q',
358 silly reify   '/opt/data/home/omnidome-web/node_modules/@radix-ui/react-slot': '/opt/data/home/omnidome-web/node_modules/@radix-ui/.react-slot-X4kAYUuV',
358 silly reify   '/opt/data/home/omnidome-web/node_modules/@radix-ui/react-switch': '/opt/data/home/omnidome-web/node_modules/@radix-ui/.react-switch-vsbUHUWM',
358 silly reify   '/opt/data/home/omnidome-web/node_modules/@radix-ui/react-toast': '/opt/data/home/omnidome-web/node_modules/@radix-ui/.react-toast-v746vMPM',
358 silly reify   '/opt/data/home/omnidome-web/node_modules/@radix-ui/react-toggle': '/opt/data/home/omnidome-web/node_modules/@radix-ui/.react-toggle-AECa7txp',
358 silly reify   '/opt/data/home/omnidome-web/node_modules/@radix-ui/react-tabs': '/opt/data/home/omnidome-web/node_modules/@radix-ui/.react-tabs-HbyJY64V',
358 silly reify   '/opt/data/home/omnidome-web/node_modules/@radix-ui/react-toggle-group': '/opt/data/home/omnidome-web/node_modules/@radix-ui/.react-toggle-group-Ov3Q4VIk',
358 silly reify   '/opt/data/home/omnidome-web/node_modules/@radix-ui/react-tooltip': '/opt/data/home/omnidome-web/node_modules/@radix-ui/.react-tooltip-RbbdiGxC',
358 silly reify   '/opt/data/home/omnidome-web/node_modules/@radix-ui/react-use-callback-ref': '/opt/data/home/omnidome-web/node_modules/@radix-ui/.react-use-callback-ref-gxF1vsTw',
358 silly reify   '/opt/data/home/omnidome-web/node_modules/@radix-ui/react-use-controllable-state': '/opt/data/home/omnidome-web/node_modules/@radix-ui/.react-use-controllable-state-ALwgJotC',
358 silly reify   '/opt/data/home/omnidome-web/node_modules/@radix-ui/react-use-escape-keydown': '/opt/data/home/omnidome-web/node_modules/@radix-ui/.react-use-escape-keydown-zM3T1rPS',
358 silly reify   '/opt/data/home/omnidome-web/node_modules/@radix-ui/react-use-layout-effect': '/opt/data/home/omnidome-web/node_modules/@radix-ui/.react-use-layout-effect-0IBJlDQl',
358 silly reify   '/opt/data/home/omnidome-web/node_modules/@radix-ui/react-use-previous': '/opt/data/home/omnidome-web/node_modules/@radix-ui/.react-use-previous-VApbYDVE',
358 silly reify   '/opt/data/home/omnidome-web/node_modules/@radix-ui/react-use-rect': '/opt/data/home/omnidome-web/node_modules/@radix-ui/.react-use-rect-Z7l92KTN',
358 silly reify   '/opt/data/home/omnidome-web/node_modules/@radix-ui/react-use-size': '/opt/data/home/omnidome-web/node_modules/@radix-ui/.react-use-size-yaGS6cKa',
358 silly reify   '/opt/data/home/omnidome-web/node_modules/@radix-ui/react-visually-hidden': '/opt/data/home/omnidome-web/node_modules/@radix-ui/.react-visually-hidden-0kl1jDg5',
358 silly reify   '/opt/data/home/omnidome-web/node_modules/@radix-ui/rect': '/opt/data/home/omnidome-web/node_modules/@radix-ui/.rect-hyYf62rF',
358 silly reify   '/opt/data/home/omnidome-web/node_modules/@supabase/postgrest-js': '/opt/data/home/omnidome-web/node_modules/@supabase/.postgrest-js-SbYvzSd8',
358 silly reify   '/opt/data/home/omnidome-web/node_modules/@supabase/functions-js': '/opt/data/home/omnidome-web/node_modules/@supabase/.functions-js-0vLr8hhx',
358 silly reify   '/opt/data/home/omnidome-web/node_modules/@supabase/realtime-js': '/opt/data/home/omnidome-web/node_modules/@supabase/.realtime-js-ik4WFz2g',
358 silly reify   '/opt/data/home/omnidome-web/node_modules/@supabase/storage-js': '/opt/data/home/omnidome-web/node_modules/@supabase/.storage-js-aswggVlt',
358 silly reify   '/opt/data/home/omnidome-web/node_modules/@standard-schema/spec': '/opt/data/home/omnidome-web/node_modules/@standard-schema/.spec-t66vyit1',
358 silly reify   '/opt/data/home/omnidome-web/node_modules/@supabase/auth-js': '/opt/data/home/omnidome-web/node_modules/@supabase/.auth-js-tihDXvdX',
358 silly reify   '/opt/data/home/omnidome-web/node_modules/@supabase/supabase-js': '/opt/data/home/omnidome-web/node_modules/@supabase/.supabase-js-xK9XrO8l',
358 silly reify   '/opt/data/home/omnidome-web/node_modules/@swc/helpers': '/opt/data/home/omnidome-web/node_modules/@swc/.helpers-x0K61nYG',
358 silly reify   '/opt/data/home/omnidome-web/node_modules/@tailwindcss/oxide-darwin-x64': '/opt/data/home/omnidome-web/node_modules/@tailwindcss/.oxide-darwin-x64-6qNUUh1v',
358 silly reify   '/opt/data/home/omnidome-web/node_modules/@tailwindcss/oxide-android-arm64': '/opt/data/home/omnidome-web/node_modules/@tailwindcss/.oxide-android-arm64-TY2BuLDq',
358 silly reify   '/opt/data/home/omnidome-web/node_modules/@tailwindcss/oxide-freebsd-x64': '/opt/data/home/omnidome-web/node_modules/@tailwindcss/.oxide-freebsd-x64-RI4DeSfm',
358 silly reify   '/opt/data/home/omnidome-web/node_modules/@tailwindcss/oxide-linux-arm-gnueabihf': '/opt/data/home/omnidome-web/node_modules/@tailwindcss/.oxide-linux-arm-gnueabihf-osdnpEp5',
358 silly reify   '/opt/data/home/omnidome-web/node_modules/@tailwindcss/oxide-darwin-arm64': '/opt/data/home/omnidome-web/node_modules/@tailwindcss/.oxide-darwin-arm64-xi5fQRRK',
358 silly reify   '/opt/data/home/omnidome-web/node_modules/@tailwindcss/oxide-linux-arm64-gnu': '/opt/data/home/omnidome-web/node_modules/@tailwindcss/.oxide-linux-arm64-gnu-m071EZmS',
358 silly reify   '/opt/data/home/omnidome-web/node_modules/@tailwindcss/oxide-wasm32-wasi': '/opt/data/home/omnidome-web/node_modules/@tailwindcss/.oxide-wasm32-wasi-LJRxq5FR',
358 silly reify   '/opt/data/home/omnidome-web/node_modules/@tailwindcss/oxide-linux-arm64-musl': '/opt/data/home/omnidome-web/node_modules/@tailwindcss/.oxide-linux-arm64-musl-NPfouUSP',
358 silly reify   '/opt/data/home/omnidome-web/node_modules/@tailwindcss/oxide-win32-arm64-msvc': '/opt/data/home/omnidome-web/node_modules/@tailwindcss/.oxide-win32-arm64-msvc-y0Drr5Yj',
358 silly reify   '/opt/data/home/omnidome-web/node_modules/@tailwindcss/oxide-win32-x64-msvc': '/opt/data/home/omnidome-web/node_modules/@tailwindcss/.oxide-win32-x64-msvc-altnIDxe',
358 silly reify   '/opt/data/home/omnidome-web/node_modules/@tailwindcss/typography': '/opt/data/home/omnidome-web/node_modules/@tailwindcss/.typography-WX2KhPXl',
358 silly reify   '/opt/data/home/omnidome-web/node_modules/@tybys/wasm-util': '/opt/data/home/omnidome-web/node_modules/@tybys/.wasm-util-DPKLlMcO',
358 silly reify   '/opt/data/home/omnidome-web/node_modules/@types/node': '/opt/data/home/omnidome-web/node_modules/@types/.node-Q9ghztvK',
358 silly reify   '/opt/data/home/omnidome-web/node_modules/@types/react': '/opt/data/home/omnidome-web/node_modules/@types/.react-Y50AVqZp',
358 silly reify   '/opt/data/home/omnidome-web/node_modules/@typescript-eslint/eslint-plugin': '/opt/data/home/omnidome-web/node_modules/@typescript-eslint/.eslint-plugin-18Nzibt8',
358 silly reify   '/opt/data/home/omnidome-web/node_modules/@typescript-eslint/type-utils': '/opt/data/home/omnidome-web/node_modules/@typescript-eslint/.type-utils-RJ86fFAw',
358 silly reify   '/opt/data/home/omnidome-web/node_modules/@typescript-eslint/types': '/opt/data/home/omnidome-web/node_modules/@typescript-eslint/.types-b1BXV7J4',
358 silly reify   '/opt/data/home/omnidome-web/node_modules/@typescript-eslint/scope-manager': '/opt/data/home/omnidome-web/node_modules/@typescript-eslint/.scope-manager-Hu0M8UXN',
358 silly reify   '/opt/data/home/omnidome-web/node_modules/@typescript-eslint/utils': '/opt/data/home/omnidome-web/node_modules/@typescript-eslint/.utils-ONzpd4CH',
358 silly reify   '/opt/data/home/omnidome-web/node_modules/@ungap/structured-clone': '/opt/data/home/omnidome-web/node_modules/@ungap/.structured-clone-fC0bqDZe',
358 silly reify   '/opt/data/home/omnidome-web/node_modules/@typescript-eslint/typescript-estree': '/opt/data/home/omnidome-web/node_modules/@typescript-eslint/.typescript-estree-u5jIFxs8',
358 silly reify   '/opt/data/home/omnidome-web/node_modules/@unrs/resolver-binding-darwin-arm64': '/opt/data/home/omnidome-web/node_modules/@unrs/.resolver-binding-darwin-arm64-TR3DQob7',
358 silly reify   '/opt/data/home/omnidome-web/node_modules/@unrs/resolver-binding-android-arm-eabi': '/opt/data/home/omnidome-web/node_modules/@unrs/.resolver-binding-android-arm-eabi-6LfTIpl3',
358 silly reify   '/opt/data/home/omnidome-web/node_modules/@unrs/resolver-binding-android-arm64': '/opt/data/home/omnidome-web/node_modules/@unrs/.resolver-binding-android-arm64-bD4BjW64',
358 silly reify   '/opt/data/home/omnidome-web/node_modules/@unrs/resolver-binding-freebsd-x64': '/opt/data/home/omnidome-web/node_modules/@unrs/.resolver-binding-freebsd-x64-QcE5Qvm2',
358 silly reify   '/opt/data/home/omnidome-web/node_modules/@unrs/resolver-binding-darwin-x64': '/opt/data/home/omnidome-web/node_modules/@unrs/.resolver-binding-darwin-x64-un5W0MTE',
358 silly reify   '/opt/data/home/omnidome-web/node_modules/@unrs/resolver-binding-linux-arm-gnueabihf': '/opt/data/home/omnidome-web/node_modules/@unrs/.resolver-binding-linux-arm-gnueabihf-pQPrg25B',
358 silly reify   '/opt/data/home/omnidome-web/node_modules/@unrs/resolver-binding-linux-arm-musleabihf': '/opt/data/home/omnidome-web/node_modules/@unrs/.resolver-binding-linux-arm-musleabihf-pJ0wIeX0',
358 silly reify   '/opt/data/home/omnidome-web/node_modules/@unrs/resolver-binding-linux-arm64-gnu': '/opt/data/home/omnidome-web/node_modules/@unrs/.resolver-binding-linux-arm64-gnu-a8KczHzj',
358 silly reify   '/opt/data/home/omnidome-web/node_modules/@unrs/resolver-binding-linux-ppc64-gnu': '/opt/data/home/omnidome-web/node_modules/@unrs/.resolver-binding-linux-ppc64-gnu-nngQri8m',
358 silly reify   '/opt/data/home/omnidome-web/node_modules/@unrs/resolver-binding-linux-arm64-musl': '/opt/data/home/omnidome-web/node_modules/@unrs/.resolver-binding-linux-arm64-musl-pC2qIgG7',
358 silly reify   '/opt/data/home/omnidome-web/node_modules/@unrs/resolver-binding-linux-riscv64-gnu': '/opt/data/home/omnidome-web/node_modules/@unrs/.resolver-binding-linux-riscv64-gnu-D3BdM6EW',
358 silly reify   '/opt/data/home/omnidome-web/node_modules/@unrs/resolver-binding-linux-riscv64-musl': '/opt/data/home/omnidome-web/node_modules/@unrs/.resolver-binding-linux-riscv64-musl-nC6IeA2D',
358 silly reify   '/opt/data/home/omnidome-web/node_modules/@unrs/resolver-binding-linux-s390x-gnu': '/opt/data/home/omnidome-web/node_modules/@unrs/.resolver-binding-linux-s390x-gnu-7pGnMPIM',
358 silly reify   '/opt/data/home/omnidome-web/node_modules/@unrs/resolver-binding-wasm32-wasi': '/opt/data/home/omnidome-web/node_modules/@unrs/.resolver-binding-wasm32-wasi-p7gqY13R',
358 silly reify   '/opt/data/home/omnidome-web/node_modules/@unrs/resolver-binding-win32-arm64-msvc': '/opt/data/home/omnidome-web/node_modules/@unrs/.resolver-binding-win32-arm64-msvc-WPvCTJfO',
358 silly reify   '/opt/data/home/omnidome-web/node_modules/@next/swc-linux-arm64-musl': '/opt/data/home/omnidome-web/node_modules/@next/.swc-linux-arm64-musl-pD0LHawI',
358 silly reify   '/opt/data/home/omnidome-web/node_modules/@next/swc-linux-x64-gnu': '/opt/data/home/omnidome-web/node_modules/@next/.swc-linux-x64-gnu-uEiwx2xO',
358 silly reify   '/opt/data/home/omnidome-web/node_modules/@unrs/resolver-binding-win32-x64-msvc': '/opt/data/home/omnidome-web/node_modules/@unrs/.resolver-binding-win32-x64-msvc-hyJkLZB6',
358 silly reify   '/opt/data/home/omnidome-web/node_modules/@vercel/analytics': '/opt/data/home/omnidome-web/node_modules/@vercel/.analytics-4K3pTOql',
358 silly reify   '/opt/data/home/omnidome-web/node_modules/@unrs/resolver-binding-win32-ia32-msvc': '/opt/data/home/omnidome-web/node_modules/@unrs/.resolver-binding-win32-ia32-msvc-J7ztwX3R',
358 silly reify   '/opt/data/home/omnidome-web/node_modules/aria-hidden': '/opt/data/home/omnidome-web/node_modules/.aria-hidden-wWQaPblr',
358 silly reify   '/opt/data/home/omnidome-web/node_modules/astring': '/opt/data/home/omnidome-web/node_modules/.astring-TigbHRJq',
358 silly reify   '/opt/data/home/omnidome-web/node_modules/.bin/astring': '/opt/data/home/omnidome-web/node_modules/.bin/.astring-SriPkpDJ',
358 silly reify   '/opt/data/home/omnidome-web/node_modules/browserslist': '/opt/data/home/omnidome-web/node_modules/.browserslist-QFCFZZmR',
358 silly reify   '/opt/data/home/omnidome-web/node_modules/.bin/browserslist': '/opt/data/home/omnidome-web/node_modules/.bin/.browserslist-rAj6oXIj',
358 silly reify   '/opt/data/home/omnidome-web/node_modules/cross-spawn': '/opt/data/home/omnidome-web/node_modules/.cross-spawn-fGbJEN4G',
358 silly reify   '/opt/data/home/omnidome-web/node_modules/cssesc': '/opt/data/home/omnidome-web/node_modules/.cssesc-626oolu7',
358 silly reify   '/opt/data/home/omnidome-web/node_modules/.bin/cssesc': '/opt/data/home/omnidome-web/node_modules/.bin/.cssesc-srIE2hDd',
358 silly reify   '/opt/data/home/omnidome-web/node_modules/esbuild': '/opt/data/home/omnidome-web/node_modules/.esbuild-OoAsoZfr',
358 silly reify   '/opt/data/home/omnidome-web/node_modules/.bin/esbuild': '/opt/data/home/omnidome-web/node_modules/.bin/.esbuild-XQuqpo11',
358 silly reify   '/opt/data/home/omnidome-web/node_modules/eslint-module-utils/node_modules/debug': '/opt/data/home/omnidome-web/node_modules/eslint-module-utils/node_modules/.debug-6o5epKDj',
358 silly reify   '/opt/data/home/omnidome-web/node_modules/eslint-config-next/node_modules/globals': '/opt/data/home/omnidome-web/node_modules/eslint-config-next/node_modules/.globals-kvx9qInF',
358 silly reify   '/opt/data/home/omnidome-web/node_modules/eslint-import-resolver-node/node_modules/debug': '/opt/data/home/omnidome-web/node_modules/eslint-import-resolver-node/node_modules/.debug-VhIrcdDD',
358 silly reify   '/opt/data/home/omnidome-web/node_modules/jsesc': '/opt/data/home/omnidome-web/node_modules/.jsesc-Z6qyoU88',
358 silly reify   '/opt/data/home/omnidome-web/node_modules/.bin/jsesc': '/opt/data/home/omnidome-web/node_modules/.bin/.jsesc-UU8YKFyz',
358 silly reify   '/opt/data/home/omnidome-web/node_modules/json5': '/opt/data/home/omnidome-web/node_modules/.json5-CLeqwrX6',
358 silly reify   '/opt/data/home/omnidome-web/node_modules/.bin/json5': '/opt/data/home/omnidome-web/node_modules/.bin/.json5-d1LGyJCK',
358 silly reify   '/opt/data/home/omnidome-web/node_modules/loose-envify': '/opt/data/home/omnidome-web/node_modules/.loose-envify-x8fRlZZM',
358 silly reify   '/opt/data/home/omnidome-web/node_modules/.bin/loose-envify': '/opt/data/home/omnidome-web/node_modules/.bin/.loose-envify-FA5NhK9d',
358 silly reify   '/opt/data/home/omnidome-web/node_modules/micromatch/node_modules/picomatch': '/opt/data/home/omnidome-web/node_modules/micromatch/node_modules/.picomatch-39EkqQde',
358 silly reify   '/opt/data/home/omnidome-web/node_modules/minimatch/node_modules/brace-expansion': '/opt/data/home/omnidome-web/node_modules/minimatch/node_modules/.brace-expansion-GsbpnGUo',
358 silly reify   '/opt/data/home/omnidome-web/node_modules/napi-postinstall': '/opt/data/home/omnidome-web/node_modules/.napi-postinstall-tpWhjDUg',
358 silly reify   '/opt/data/home/omnidome-web/node_modules/.bin/napi-postinstall': '/opt/data/home/omnidome-web/node_modules/.bin/.napi-postinstall-LrGWVog3',
358 silly reify   '/opt/data/home/omnidome-web/node_modules/prop-types/node_modules/react-is': '/opt/data/home/omnidome-web/node_modules/prop-types/node_modules/.react-is-rcSijPDf',
358 silly reify   '/opt/data/home/omnidome-web/node_modules/nanoid': '/opt/data/home/omnidome-web/node_modules/.nanoid-Sw3djqpV',
358 silly reify   '/opt/data/home/omnidome-web/node_modules/.bin/nanoid': '/opt/data/home/omnidome-web/node_modules/.bin/.nanoid-zOGk4rCH',
358 silly reify   '/opt/data/home/omnidome-web/node_modules/tsconfig-paths/node_modules/json5': '/opt/data/home/omnidome-web/node_modules/tsconfig-paths/node_modules/.json5-IRF5Gkhq',
358 silly reify   '/opt/data/home/omnidome-web/node_modules/update-browserslist-db': '/opt/data/home/omnidome-web/node_modules/.update-browserslist-db-3CRv2Naw',
358 silly reify   '/opt/data/home/omnidome-web/node_modules/.bin/update-browserslist-db': '/opt/data/home/omnidome-web/node_modules/.bin/.update-browserslist-db-xQup8WjI',
358 silly reify   '/opt/data/home/omnidome-web/node_modules/which': '/opt/data/home/omnidome-web/node_modules/.which-kZo2fy56',
358 silly reify   '/opt/data/home/omnidome-web/node_modules/.bin/node-which': '/opt/data/home/omnidome-web/node_modules/.bin/.node-which-iJYy4sjy',
358 silly reify   '/opt/data/home/omnidome-web/node_modules/parse-entities/node_modules/@types/unist': '/opt/data/home/omnidome-web/node_modules/parse-entities/node_modules/@types/.unist-orUx2Ey3',
358 silly reify   '/opt/data/home/omnidome-web/node_modules/@shikijs/vscode-textmate': '/opt/data/home/omnidome-web/node_modules/@shikijs/.vscode-textmate-v8jGEuYW',
358 silly reify   '/opt/data/home/omnidome-web/node_modules/@radix-ui/react-use-effect-event/node_modules/@radix-ui/react-use-layout-effect': '/opt/data/home/omnidome-web/node_modules/@radix-ui/react-use-effect-event/node_modules/@radix-ui/.react-use-layout-effect-mrVGIzXd'
358 silly reify }
359 verbose reify failed optional dependency /opt/data/home/omnidome-web/node_modules/@tailwindcss/oxide-wasm32-wasi
360 silly reify mark deleted [
360 silly reify   '/opt/data/home/omnidome-web/node_modules/@tailwindcss/oxide-wasm32-wasi'
360 silly reify ]
361 verbose reify failed optional dependency /opt/data/home/omnidome-web/node_modules/@unrs/resolver-binding-win32-ia32-msvc
362 silly reify mark deleted [
362 silly reify   '/opt/data/home/omnidome-web/node_modules/@unrs/resolver-binding-win32-ia32-msvc'
362 silly reify ]
363 verbose reify failed optional dependency /opt/data/home/omnidome-web/node_modules/@unrs/resolver-binding-win32-x64-msvc
364 silly reify mark deleted [
364 silly reify   '/opt/data/home/omnidome-web/node_modules/@unrs/resolver-binding-win32-x64-msvc'
364 silly reify ]
365 verbose reify failed optional dependency /opt/data/home/omnidome-web/node_modules/@next/swc-linux-arm64-musl
366 silly reify mark deleted [
366 silly reify   '/opt/data/home/omnidome-web/node_modules/@next/swc-linux-arm64-musl'
366 silly reify ]
367 verbose reify failed optional dependency /opt/data/home/omnidome-web/node_modules/@unrs/resolver-binding-win32-arm64-msvc
368 silly reify mark deleted [
368 silly reify   '/opt/data/home/omnidome-web/node_modules/@unrs/resolver-binding-win32-arm64-msvc'
368 silly reify ]
369 verbose reify failed optional dependency /opt/data/home/omnidome-web/node_modules/@unrs/resolver-binding-wasm32-wasi
370 silly reify mark deleted [
370 silly reify   '/opt/data/home/omnidome-web/node_modules/@unrs/resolver-binding-wasm32-wasi'
370 silly reify ]
371 verbose reify failed optional dependency /opt/data/home/omnidome-web/node_modules/@unrs/resolver-binding-linux-s390x-gnu
372 silly reify mark deleted [
372 silly reify   '/opt/data/home/omnidome-web/node_modules/@unrs/resolver-binding-linux-s390x-gnu'
372 silly reify ]
373 verbose reify failed optional dependency /opt/data/home/omnidome-web/node_modules/@unrs/resolver-binding-linux-riscv64-musl
374 silly reify mark deleted [
374 silly reify   '/opt/data/home/omnidome-web/node_modules/@unrs/resolver-binding-linux-riscv64-musl'
374 silly reify ]
375 verbose reify failed optional dependency /opt/data/home/omnidome-web/node_modules/@unrs/resolver-binding-linux-riscv64-gnu
376 silly reify mark deleted [
376 silly reify   '/opt/data/home/omnidome-web/node_modules/@unrs/resolver-binding-linux-riscv64-gnu'
376 silly reify ]
377 verbose reify failed optional dependency /opt/data/home/omnidome-web/node_modules/@unrs/resolver-binding-linux-arm64-musl
378 silly reify mark deleted [
378 silly reify   '/opt/data/home/omnidome-web/node_modules/@unrs/resolver-binding-linux-arm64-musl'
378 silly reify ]
379 verbose reify failed optional dependency /opt/data/home/omnidome-web/node_modules/@unrs/resolver-binding-linux-ppc64-gnu
380 silly reify mark deleted [
380 silly reify   '/opt/data/home/omnidome-web/node_modules/@unrs/resolver-binding-linux-ppc64-gnu'
380 silly reify ]
381 verbose reify failed optional dependency /opt/data/home/omnidome-web/node_modules/@unrs/resolver-binding-linux-arm64-gnu
382 silly reify mark deleted [
382 silly reify   '/opt/data/home/omnidome-web/node_modules/@unrs/resolver-binding-linux-arm64-gnu'
382 silly reify ]
383 verbose reify failed optional dependency /opt/data/home/omnidome-web/node_modules/@unrs/resolver-binding-linux-arm-musleabihf
384 silly reify mark deleted [
384 silly reify   '/opt/data/home/omnidome-web/node_modules/@unrs/resolver-binding-linux-arm-musleabihf'
384 silly reify ]
385 verbose reify failed optional dependency /opt/data/home/omnidome-web/node_modules/@unrs/resolver-binding-linux-arm-gnueabihf
386 silly reify mark deleted [
386 silly reify   '/opt/data/home/omnidome-web/node_modules/@unrs/resolver-binding-linux-arm-gnueabihf'
386 silly reify ]
387 verbose reify failed optional dependency /opt/data/home/omnidome-web/node_modules/@unrs/resolver-binding-darwin-x64
388 silly reify mark deleted [
388 silly reify   '/opt/data/home/omnidome-web/node_modules/@unrs/resolver-binding-darwin-x64'
388 silly reify ]
389 verbose reify failed optional dependency /opt/data/home/omnidome-web/node_modules/@unrs/resolver-binding-freebsd-x64
390 silly reify mark deleted [
390 silly reify   '/opt/data/home/omnidome-web/node_modules/@unrs/resolver-binding-freebsd-x64'
390 silly reify ]
391 verbose reify failed optional dependency /opt/data/home/omnidome-web/node_modules/@unrs/resolver-binding-android-arm64
392 silly reify mark deleted [
392 silly reify   '/opt/data/home/omnidome-web/node_modules/@unrs/resolver-binding-android-arm64'
392 silly reify ]
393 verbose reify failed optional dependency /opt/data/home/omnidome-web/node_modules/@unrs/resolver-binding-android-arm-eabi
394 silly reify mark deleted [
394 silly reify   '/opt/data/home/omnidome-web/node_modules/@unrs/resolver-binding-android-arm-eabi'
394 silly reify ]
395 verbose reify failed optional dependency /opt/data/home/omnidome-web/node_modules/@unrs/resolver-binding-darwin-arm64
396 silly reify mark deleted [
396 silly reify   '/opt/data/home/omnidome-web/node_modules/@unrs/resolver-binding-darwin-arm64'
396 silly reify ]
397 verbose reify failed optional dependency /opt/data/home/omnidome-web/node_modules/@tailwindcss/oxide-win32-x64-msvc
398 silly reify mark deleted [
398 silly reify   '/opt/data/home/omnidome-web/node_modules/@tailwindcss/oxide-win32-x64-msvc'
398 silly reify ]
399 verbose reify failed optional dependency /opt/data/home/omnidome-web/node_modules/@tailwindcss/oxide-win32-arm64-msvc
400 silly reify mark deleted [
400 silly reify   '/opt/data/home/omnidome-web/node_modules/@tailwindcss/oxide-win32-arm64-msvc'
400 silly reify ]
401 verbose reify failed optional dependency /opt/data/home/omnidome-web/node_modules/@tailwindcss/oxide-linux-arm64-musl
402 silly reify mark deleted [
402 silly reify   '/opt/data/home/omnidome-web/node_modules/@tailwindcss/oxide-linux-arm64-musl'
402 silly reify ]
403 verbose reify failed optional dependency /opt/data/home/omnidome-web/node_modules/@tailwindcss/oxide-linux-arm64-gnu
404 silly reify mark deleted [
404 silly reify   '/opt/data/home/omnidome-web/node_modules/@tailwindcss/oxide-linux-arm64-gnu'
404 silly reify ]
405 verbose reify failed optional dependency /opt/data/home/omnidome-web/node_modules/@tailwindcss/oxide-darwin-arm64
406 silly reify mark deleted [
406 silly reify   '/opt/data/home/omnidome-web/node_modules/@tailwindcss/oxide-darwin-arm64'
406 silly reify ]
407 verbose reify failed optional dependency /opt/data/home/omnidome-web/node_modules/@tailwindcss/oxide-linux-arm-gnueabihf
408 silly reify mark deleted [
408 silly reify   '/opt/data/home/omnidome-web/node_modules/@tailwindcss/oxide-linux-arm-gnueabihf'
408 silly reify ]
409 verbose reify failed optional dependency /opt/data/home/omnidome-web/node_modules/@tailwindcss/oxide-freebsd-x64
410 silly reify mark deleted [
410 silly reify   '/opt/data/home/omnidome-web/node_modules/@tailwindcss/oxide-freebsd-x64'
410 silly reify ]
411 verbose reify failed optional dependency /opt/data/home/omnidome-web/node_modules/@tailwindcss/oxide-android-arm64
412 silly reify mark deleted [
412 silly reify   '/opt/data/home/omnidome-web/node_modules/@tailwindcss/oxide-android-arm64'
412 silly reify ]
413 verbose reify failed optional dependency /opt/data/home/omnidome-web/node_modules/@tailwindcss/oxide-darwin-x64
414 silly reify mark deleted [
414 silly reify   '/opt/data/home/omnidome-web/node_modules/@tailwindcss/oxide-darwin-x64'
414 silly reify ]
415 verbose reify failed optional dependency /opt/data/home/omnidome-web/node_modules/@next/swc-win32-arm64-msvc
416 silly reify mark deleted [
416 silly reify   '/opt/data/home/omnidome-web/node_modules/@next/swc-win32-arm64-msvc'
416 silly reify ]
417 verbose reify failed optional dependency /opt/data/home/omnidome-web/node_modules/@next/swc-win32-x64-msvc
418 silly reify mark deleted [ '/opt/data/home/omnidome-web/node_modules/@next/swc-win32-x64-msvc' ]
419 verbose reify failed optional dependency /opt/data/home/omnidome-web/node_modules/@next/swc-darwin-x64
420 silly reify mark deleted [ '/opt/data/home/omnidome-web/node_modules/@next/swc-darwin-x64' ]
421 verbose reify failed optional dependency /opt/data/home/omnidome-web/node_modules/@next/swc-linux-arm64-gnu
422 silly reify mark deleted [
422 silly reify   '/opt/data/home/omnidome-web/node_modules/@next/swc-linux-arm64-gnu'
422 silly reify ]
423 verbose reify failed optional dependency /opt/data/home/omnidome-web/node_modules/@next/swc-darwin-arm64
424 silly reify mark deleted [ '/opt/data/home/omnidome-web/node_modules/@next/swc-darwin-arm64' ]
425 verbose reify failed optional dependency /opt/data/home/omnidome-web/node_modules/@img/sharp-win32-x64
426 silly reify mark deleted [ '/opt/data/home/omnidome-web/node_modules/@img/sharp-win32-x64' ]
427 verbose reify failed optional dependency /opt/data/home/omnidome-web/node_modules/@img/sharp-win32-ia32
428 silly reify mark deleted [ '/opt/data/home/omnidome-web/node_modules/@img/sharp-win32-ia32' ]
429 verbose reify failed optional dependency /opt/data/home/omnidome-web/node_modules/@img/sharp-win32-arm64
430 silly reify mark deleted [ '/opt/data/home/omnidome-web/node_modules/@img/sharp-win32-arm64' ]
431 verbose reify failed optional dependency /opt/data/home/omnidome-web/node_modules/@img/sharp-wasm32
432 silly reify mark deleted [ '/opt/data/home/omnidome-web/node_modules/@img/sharp-wasm32' ]
433 verbose reify failed optional dependency /opt/data/home/omnidome-web/node_modules/@img/sharp-linuxmusl-arm64
434 silly reify mark deleted [
434 silly reify   '/opt/data/home/omnidome-web/node_modules/@img/sharp-linuxmusl-arm64'
434 silly reify ]
435 verbose reify failed optional dependency /opt/data/home/omnidome-web/node_modules/@img/sharp-linux-riscv64
436 silly reify mark deleted [ '/opt/data/home/omnidome-web/node_modules/@img/sharp-linux-riscv64' ]
437 verbose reify failed optional dependency /opt/data/home/omnidome-web/node_modules/@img/sharp-linux-s390x
438 silly reify mark deleted [ '/opt/data/home/omnidome-web/node_modules/@img/sharp-linux-s390x' ]
439 verbose reify failed optional dependency /opt/data/home/omnidome-web/node_modules/@img/sharp-linux-arm64
440 silly reify mark deleted [ '/opt/data/home/omnidome-web/node_modules/@img/sharp-linux-arm64' ]
441 verbose reify failed optional dependency /opt/data/home/omnidome-web/node_modules/@img/sharp-libvips-linuxmusl-arm64
442 silly reify mark deleted [
442 silly reify   '/opt/data/home/omnidome-web/node_modules/@img/sharp-libvips-linuxmusl-arm64'
442 silly reify ]
443 verbose reify failed optional dependency /opt/data/home/omnidome-web/node_modules/@img/sharp-linux-arm
444 silly reify mark deleted [ '/opt/data/home/omnidome-web/node_modules/@img/sharp-linux-arm' ]
445 verbose reify failed optional dependency /opt/data/home/omnidome-web/node_modules/@img/sharp-linux-ppc64
446 silly reify mark deleted [ '/opt/data/home/omnidome-web/node_modules/@img/sharp-linux-ppc64' ]
447 verbose reify failed optional dependency /opt/data/home/omnidome-web/node_modules/@img/sharp-libvips-linux-s390x
448 silly reify mark deleted [
448 silly reify   '/opt/data/home/omnidome-web/node_modules/@img/sharp-libvips-linux-s390x'
448 silly reify ]
449 verbose reify failed optional dependency /opt/data/home/omnidome-web/node_modules/@img/sharp-libvips-linux-ppc64
450 silly reify mark deleted [
450 silly reify   '/opt/data/home/omnidome-web/node_modules/@img/sharp-libvips-linux-ppc64'
450 silly reify ]
451 verbose reify failed optional dependency /opt/data/home/omnidome-web/node_modules/@img/sharp-libvips-linux-arm64
452 silly reify mark deleted [
452 silly reify   '/opt/data/home/omnidome-web/node_modules/@img/sharp-libvips-linux-arm64'
452 silly reify ]
453 verbose reify failed optional dependency /opt/data/home/omnidome-web/node_modules/@img/sharp-libvips-linux-riscv64
454 silly reify mark deleted [
454 silly reify   '/opt/data/home/omnidome-web/node_modules/@img/sharp-libvips-linux-riscv64'
454 silly reify ]
455 verbose reify failed optional dependency /opt/data/home/omnidome-web/node_modules/@img/sharp-libvips-linux-arm
456 silly reify mark deleted [
456 silly reify   '/opt/data/home/omnidome-web/node_modules/@img/sharp-libvips-linux-arm'
456 silly reify ]
457 verbose reify failed optional dependency /opt/data/home/omnidome-web/node_modules/@img/sharp-libvips-darwin-x64
458 silly reify mark deleted [
458 silly reify   '/opt/data/home/omnidome-web/node_modules/@img/sharp-libvips-darwin-x64'
458 silly reify ]
459 verbose reify failed optional dependency /opt/data/home/omnidome-web/node_modules/@img/sharp-darwin-x64
460 silly reify mark deleted [ '/opt/data/home/omnidome-web/node_modules/@img/sharp-darwin-x64' ]
461 verbose reify failed optional dependency /opt/data/home/omnidome-web/node_modules/@img/sharp-libvips-darwin-arm64
462 silly reify mark deleted [
462 silly reify   '/opt/data/home/omnidome-web/node_modules/@img/sharp-libvips-darwin-arm64'
462 silly reify ]
463 verbose reify failed optional dependency /opt/data/home/omnidome-web/node_modules/@img/sharp-darwin-arm64
464 silly reify mark deleted [ '/opt/data/home/omnidome-web/node_modules/@img/sharp-darwin-arm64' ]
465 verbose reify failed optional dependency /opt/data/home/omnidome-web/node_modules/@esbuild/win32-ia32
466 silly reify mark deleted [ '/opt/data/home/omnidome-web/node_modules/@esbuild/win32-ia32' ]
467 verbose reify failed optional dependency /opt/data/home/omnidome-web/node_modules/@esbuild/win32-x64
468 silly reify mark deleted [ '/opt/data/home/omnidome-web/node_modules/@esbuild/win32-x64' ]
469 verbose reify failed optional dependency /opt/data/home/omnidome-web/node_modules/@esbuild/win32-arm64
470 silly reify mark deleted [ '/opt/data/home/omnidome-web/node_modules/@esbuild/win32-arm64' ]
471 verbose reify failed optional dependency /opt/data/home/omnidome-web/node_modules/@esbuild/sunos-x64
472 silly reify mark deleted [ '/opt/data/home/omnidome-web/node_modules/@esbuild/sunos-x64' ]
473 verbose reify failed optional dependency /opt/data/home/omnidome-web/node_modules/@esbuild/openharmony-arm64
474 silly reify mark deleted [
474 silly reify   '/opt/data/home/omnidome-web/node_modules/@esbuild/openharmony-arm64'
474 silly reify ]
475 verbose reify failed optional dependency /opt/data/home/omnidome-web/node_modules/@esbuild/openbsd-arm64
476 silly reify mark deleted [ '/opt/data/home/omnidome-web/node_modules/@esbuild/openbsd-arm64' ]
477 verbose reify failed optional dependency /opt/data/home/omnidome-web/node_modules/@esbuild/linux-s390x
478 silly reify mark deleted [ '/opt/data/home/omnidome-web/node_modules/@esbuild/linux-s390x' ]
479 verbose reify failed optional dependency /opt/data/home/omnidome-web/node_modules/@esbuild/openbsd-x64
480 silly reify mark deleted [ '/opt/data/home/omnidome-web/node_modules/@esbuild/openbsd-x64' ]
481 verbose reify failed optional dependency /opt/data/home/omnidome-web/node_modules/@esbuild/netbsd-x64
482 silly reify mark deleted [ '/opt/data/home/omnidome-web/node_modules/@esbuild/netbsd-x64' ]
483 verbose reify failed optional dependency /opt/data/home/omnidome-web/node_modules/@esbuild/linux-riscv64
484 silly reify mark deleted [ '/opt/data/home/omnidome-web/node_modules/@esbuild/linux-riscv64' ]
485 verbose reify failed optional dependency /opt/data/home/omnidome-web/node_modules/@esbuild/netbsd-arm64
486 silly reify mark deleted [ '/opt/data/home/omnidome-web/node_modules/@esbuild/netbsd-arm64' ]
487 verbose reify failed optional dependency /opt/data/home/omnidome-web/node_modules/@esbuild/linux-ppc64
488 silly reify mark deleted [ '/opt/data/home/omnidome-web/node_modules/@esbuild/linux-ppc64' ]
489 verbose reify failed optional dependency /opt/data/home/omnidome-web/node_modules/@esbuild/linux-mips64el
490 silly reify mark deleted [ '/opt/data/home/omnidome-web/node_modules/@esbuild/linux-mips64el' ]
491 verbose reify failed optional dependency /opt/data/home/omnidome-web/node_modules/@esbuild/linux-loong64
492 silly reify mark deleted [ '/opt/data/home/omnidome-web/node_modules/@esbuild/linux-loong64' ]
493 verbose reify failed optional dependency /opt/data/home/omnidome-web/node_modules/@esbuild/linux-ia32
494 silly reify mark deleted [ '/opt/data/home/omnidome-web/node_modules/@esbuild/linux-ia32' ]
495 verbose reify failed optional dependency /opt/data/home/omnidome-web/node_modules/@esbuild/linux-arm64
496 silly reify mark deleted [ '/opt/data/home/omnidome-web/node_modules/@esbuild/linux-arm64' ]
497 verbose reify failed optional dependency /opt/data/home/omnidome-web/node_modules/@esbuild/freebsd-arm64
498 silly reify mark deleted [ '/opt/data/home/omnidome-web/node_modules/@esbuild/freebsd-arm64' ]
499 verbose reify failed optional dependency /opt/data/home/omnidome-web/node_modules/@esbuild/linux-arm
500 silly reify mark deleted [ '/opt/data/home/omnidome-web/node_modules/@esbuild/linux-arm' ]
501 verbose reify failed optional dependency /opt/data/home/omnidome-web/node_modules/@esbuild/freebsd-x64
502 silly reify mark deleted [ '/opt/data/home/omnidome-web/node_modules/@esbuild/freebsd-x64' ]
503 verbose reify failed optional dependency /opt/data/home/omnidome-web/node_modules/@esbuild/android-x64
504 silly reify mark deleted [ '/opt/data/home/omnidome-web/node_modules/@esbuild/android-x64' ]
505 verbose reify failed optional dependency /opt/data/home/omnidome-web/node_modules/@esbuild/darwin-x64
506 silly reify mark deleted [ '/opt/data/home/omnidome-web/node_modules/@esbuild/darwin-x64' ]
507 verbose reify failed optional dependency /opt/data/home/omnidome-web/node_modules/@esbuild/android-arm64
508 silly reify mark deleted [ '/opt/data/home/omnidome-web/node_modules/@esbuild/android-arm64' ]
509 verbose reify failed optional dependency /opt/data/home/omnidome-web/node_modules/@esbuild/darwin-arm64
510 silly reify mark deleted [ '/opt/data/home/omnidome-web/node_modules/@esbuild/darwin-arm64' ]
511 verbose reify failed optional dependency /opt/data/home/omnidome-web/node_modules/@esbuild/android-arm
512 silly reify mark deleted [ '/opt/data/home/omnidome-web/node_modules/@esbuild/android-arm' ]
513 verbose reify failed optional dependency /opt/data/home/omnidome-web/node_modules/@esbuild/aix-ppc64
514 silly reify mark deleted [ '/opt/data/home/omnidome-web/node_modules/@esbuild/aix-ppc64' ]
515 verbose reify failed optional dependency /opt/data/home/omnidome-web/node_modules/lightningcss-linux-arm64-musl
516 silly reify mark deleted [
516 silly reify   '/opt/data/home/omnidome-web/node_modules/lightningcss-linux-arm64-musl'
516 silly reify ]
517 verbose reify failed optional dependency /opt/data/home/omnidome-web/node_modules/lightningcss-win32-x64-msvc
518 silly reify mark deleted [
518 silly reify   '/opt/data/home/omnidome-web/node_modules/lightningcss-win32-x64-msvc'
518 silly reify ]
519 verbose reify failed optional dependency /opt/data/home/omnidome-web/node_modules/lightningcss-win32-arm64-msvc
520 silly reify mark deleted [
520 silly reify   '/opt/data/home/omnidome-web/node_modules/lightningcss-win32-arm64-msvc'
520 silly reify ]
521 verbose reify failed optional dependency /opt/data/home/omnidome-web/node_modules/lightningcss-linux-arm-gnueabihf
522 silly reify mark deleted [
522 silly reify   '/opt/data/home/omnidome-web/node_modules/lightningcss-linux-arm-gnueabihf'
522 silly reify ]
523 verbose reify failed optional dependency /opt/data/home/omnidome-web/node_modules/lightningcss-linux-arm64-gnu
524 silly reify mark deleted [
524 silly reify   '/opt/data/home/omnidome-web/node_modules/lightningcss-linux-arm64-gnu'
524 silly reify ]
525 verbose reify failed optional dependency /opt/data/home/omnidome-web/node_modules/lightningcss-freebsd-x64
526 silly reify mark deleted [ '/opt/data/home/omnidome-web/node_modules/lightningcss-freebsd-x64' ]
527 verbose reify failed optional dependency /opt/data/home/omnidome-web/node_modules/lightningcss-darwin-x64
528 silly reify mark deleted [ '/opt/data/home/omnidome-web/node_modules/lightningcss-darwin-x64' ]
529 verbose reify failed optional dependency /opt/data/home/omnidome-web/node_modules/lightningcss-android-arm64
530 silly reify mark deleted [
530 silly reify   '/opt/data/home/omnidome-web/node_modules/lightningcss-android-arm64'
530 silly reify ]
531 verbose reify failed optional dependency /opt/data/home/omnidome-web/node_modules/lightningcss-darwin-arm64
532 silly reify mark deleted [
532 silly reify   '/opt/data/home/omnidome-web/node_modules/lightningcss-darwin-arm64'
532 silly reify ]
533 http cache @shikijs/vscode-textmate@https://registry.npmjs.org/@shikijs/vscode-textmate/-/vscode-textmate-10.0.2.tgz 1ms (cache hit)
534 http cache which@https://registry.npmjs.org/which/-/which-2.0.2.tgz 0ms (cache hit)
535 http cache update-browserslist-db@https://registry.npmjs.org/update-browserslist-db/-/update-browserslist-db-1.2.3.tgz 0ms (cache hit)
536 http cache nanoid@https://registry.npmjs.org/nanoid/-/nanoid-3.3.11.tgz 0ms (cache hit)
537 http cache napi-postinstall@https://registry.npmjs.org/napi-postinstall/-/napi-postinstall-0.3.4.tgz 0ms (cache hit)
538 http cache loose-envify@https://registry.npmjs.org/loose-envify/-/loose-envify-1.4.0.tgz 0ms (cache hit)
539 http cache json5@https://registry.npmjs.org/json5/-/json5-2.2.3.tgz 0ms (cache hit)
540 http cache jsesc@https://registry.npmjs.org/jsesc/-/jsesc-3.1.0.tgz 1ms (cache hit)
541 http cache esbuild@https://registry.npmjs.org/esbuild/-/esbuild-0.25.12.tgz 0ms (cache hit)
542 http cache cssesc@https://registry.npmjs.org/cssesc/-/cssesc-3.0.0.tgz 0ms (cache hit)
543 http cache cross-spawn@https://registry.npmjs.org/cross-spawn/-/cross-spawn-7.0.6.tgz 0ms (cache hit)
544 http cache browserslist@https://registry.npmjs.org/browserslist/-/browserslist-4.28.1.tgz 0ms (cache hit)
545 http cache astring@https://registry.npmjs.org/astring/-/astring-1.9.0.tgz 0ms (cache hit)
546 http cache aria-hidden@https://registry.npmjs.org/aria-hidden/-/aria-hidden-1.2.6.tgz 0ms (cache hit)
547 http cache @vercel/analytics@https://registry.npmjs.org/@vercel/analytics/-/analytics-1.3.1.tgz 0ms (cache hit)
548 http cache @next/swc-linux-x64-gnu@https://registry.npmjs.org/@next/swc-linux-x64-gnu/-/swc-linux-x64-gnu-16.0.10.tgz 0ms (cache hit)
549 http cache @typescript-eslint/typescript-estree@https://registry.npmjs.org/@typescript-eslint/typescript-estree/-/typescript-estree-8.54.0.tgz 0ms (cache hit)
550 http cache @ungap/structured-clone@https://registry.npmjs.org/@ungap/structured-clone/-/structured-clone-1.3.0.tgz 0ms (cache hit)
551 http cache @typescript-eslint/utils@https://registry.npmjs.org/@typescript-eslint/utils/-/utils-8.54.0.tgz 0ms (cache hit)
552 http cache @typescript-eslint/scope-manager@https://registry.npmjs.org/@typescript-eslint/scope-manager/-/scope-manager-8.54.0.tgz 0ms (cache hit)
553 http cache @typescript-eslint/types@https://registry.npmjs.org/@typescript-eslint/types/-/types-8.54.0.tgz 0ms (cache hit)
554 http cache @typescript-eslint/type-utils@https://registry.npmjs.org/@typescript-eslint/type-utils/-/type-utils-8.54.0.tgz 0ms (cache hit)
555 http cache @typescript-eslint/eslint-plugin@https://registry.npmjs.org/@typescript-eslint/eslint-plugin/-/eslint-plugin-8.54.0.tgz 0ms (cache hit)
556 http cache @types/react@https://registry.npmjs.org/@types/react/-/react-19.2.8.tgz 0ms (cache hit)
557 http cache @types/node@https://registry.npmjs.org/@types/node/-/node-22.19.6.tgz 0ms (cache hit)
558 http cache @tybys/wasm-util@https://registry.npmjs.org/@tybys/wasm-util/-/wasm-util-0.10.1.tgz 0ms (cache hit)
559 http cache @tailwindcss/typography@https://registry.npmjs.org/@tailwindcss/typography/-/typography-0.5.19.tgz 0ms (cache hit)
560 http cache @swc/helpers@https://registry.npmjs.org/@swc/helpers/-/helpers-0.5.15.tgz 0ms (cache hit)
561 http cache @supabase/supabase-js@https://registry.npmjs.org/@supabase/supabase-js/-/supabase-js-2.93.3.tgz 0ms (cache hit)
562 http cache @supabase/auth-js@https://registry.npmjs.org/@supabase/auth-js/-/auth-js-2.93.3.tgz 0ms (cache hit)
563 http cache @standard-schema/spec@https://registry.npmjs.org/@standard-schema/spec/-/spec-1.1.0.tgz 0ms (cache hit)
564 http cache @supabase/storage-js@https://registry.npmjs.org/@supabase/storage-js/-/storage-js-2.93.3.tgz 0ms (cache hit)
565 http cache @supabase/realtime-js@https://registry.npmjs.org/@supabase/realtime-js/-/realtime-js-2.93.3.tgz 0ms (cache hit)
566 http cache @supabase/functions-js@https://registry.npmjs.org/@supabase/functions-js/-/functions-js-2.93.3.tgz 0ms (cache hit)
567 http cache @supabase/postgrest-js@https://registry.npmjs.org/@supabase/postgrest-js/-/postgrest-js-2.93.3.tgz 0ms (cache hit)
568 http cache @radix-ui/rect@https://registry.npmjs.org/@radix-ui/rect/-/rect-1.1.0.tgz 0ms (cache hit)
569 http cache @radix-ui/react-visually-hidden@https://registry.npmjs.org/@radix-ui/react-visually-hidden/-/react-visually-hidden-1.1.1.tgz 0ms (cache hit)
570 http cache @radix-ui/react-use-size@https://registry.npmjs.org/@radix-ui/react-use-size/-/react-use-size-1.1.0.tgz 0ms (cache hit)
571 http cache @radix-ui/react-use-rect@https://registry.npmjs.org/@radix-ui/react-use-rect/-/react-use-rect-1.1.0.tgz 0ms (cache hit)
572 http cache @radix-ui/react-use-previous@https://registry.npmjs.org/@radix-ui/react-use-previous/-/react-use-previous-1.1.0.tgz 0ms (cache hit)
573 http cache @radix-ui/react-use-layout-effect@https://registry.npmjs.org/@radix-ui/react-use-layout-effect/-/react-use-layout-effect-1.1.0.tgz 0ms (cache hit)
574 http cache @radix-ui/react-use-escape-keydown@https://registry.npmjs.org/@radix-ui/react-use-escape-keydown/-/react-use-escape-keydown-1.1.0.tgz 0ms (cache hit)
575 http cache @radix-ui/react-use-controllable-state@https://registry.npmjs.org/@radix-ui/react-use-controllable-state/-/react-use-controllable-state-1.1.0.tgz 0ms (cache hit)
576 http cache @radix-ui/react-use-callback-ref@https://registry.npmjs.org/@radix-ui/react-use-callback-ref/-/react-use-callback-ref-1.1.0.tgz 0ms (cache hit)
577 http cache @radix-ui/react-tooltip@https://registry.npmjs.org/@radix-ui/react-tooltip/-/react-tooltip-1.1.6.tgz 0ms (cache hit)
578 http cache @radix-ui/react-toggle-group@https://registry.npmjs.org/@radix-ui/react-toggle-group/-/react-toggle-group-1.1.1.tgz 0ms (cache hit)
579 http cache @radix-ui/react-tabs@https://registry.npmjs.org/@radix-ui/react-tabs/-/react-tabs-1.1.2.tgz 0ms (cache hit)
580 http cache @radix-ui/react-toggle@https://registry.npmjs.org/@radix-ui/react-toggle/-/react-toggle-1.1.1.tgz 0ms (cache hit)
581 http cache @radix-ui/react-toast@https://registry.npmjs.org/@radix-ui/react-toast/-/react-toast-1.2.4.tgz 0ms (cache hit)
582 http cache @radix-ui/react-switch@https://registry.npmjs.org/@radix-ui/react-switch/-/react-switch-1.1.2.tgz 0ms (cache hit)
583 http cache @radix-ui/react-slot@https://registry.npmjs.org/@radix-ui/react-slot/-/react-slot-1.1.1.tgz 0ms (cache hit)
584 http cache @radix-ui/react-separator@https://registry.npmjs.org/@radix-ui/react-separator/-/react-separator-1.1.1.tgz 0ms (cache hit)
585 http cache @radix-ui/react-slider@https://registry.npmjs.org/@radix-ui/react-slider/-/react-slider-1.2.2.tgz 0ms (cache hit)
586 http cache @radix-ui/react-select@https://registry.npmjs.org/@radix-ui/react-select/-/react-select-2.1.4.tgz 0ms (cache hit)
587 http cache @radix-ui/react-scroll-area@https://registry.npmjs.org/@radix-ui/react-scroll-area/-/react-scroll-area-1.2.2.tgz 0ms (cache hit)
588 http cache @radix-ui/react-roving-focus@https://registry.npmjs.org/@radix-ui/react-roving-focus/-/react-roving-focus-1.1.1.tgz 0ms (cache hit)
589 http cache @radix-ui/react-radio-group@https://registry.npmjs.org/@radix-ui/react-radio-group/-/react-radio-group-1.2.2.tgz 0ms (cache hit)
590 http cache @radix-ui/react-progress@https://registry.npmjs.org/@radix-ui/react-progress/-/react-progress-1.1.1.tgz 0ms (cache hit)
591 http cache @radix-ui/react-primitive@https://registry.npmjs.org/@radix-ui/react-primitive/-/react-primitive-2.0.1.tgz 0ms (cache hit)
592 http cache @radix-ui/react-presence@https://registry.npmjs.org/@radix-ui/react-presence/-/react-presence-1.1.2.tgz 0ms (cache hit)
593 http cache @radix-ui/react-popper@https://registry.npmjs.org/@radix-ui/react-popper/-/react-popper-1.2.1.tgz 0ms (cache hit)
594 http cache @radix-ui/react-portal@https://registry.npmjs.org/@radix-ui/react-portal/-/react-portal-1.1.3.tgz 0ms (cache hit)
595 http cache @radix-ui/react-navigation-menu@https://registry.npmjs.org/@radix-ui/react-navigation-menu/-/react-navigation-menu-1.2.3.tgz 0ms (cache hit)
596 http cache @radix-ui/react-menubar@https://registry.npmjs.org/@radix-ui/react-menubar/-/react-menubar-1.1.4.tgz 0ms (cache hit)
597 http cache @radix-ui/react-popover@https://registry.npmjs.org/@radix-ui/react-popover/-/react-popover-1.1.4.tgz 0ms (cache hit)
598 http cache @radix-ui/react-id@https://registry.npmjs.org/@radix-ui/react-id/-/react-id-1.1.0.tgz 0ms (cache hit)
599 http cache @radix-ui/react-menu@https://registry.npmjs.org/@radix-ui/react-menu/-/react-menu-2.1.4.tgz 0ms (cache hit)
600 http cache @radix-ui/react-label@https://registry.npmjs.org/@radix-ui/react-label/-/react-label-2.1.1.tgz 0ms (cache hit)
601 http cache @radix-ui/react-icons@https://registry.npmjs.org/@radix-ui/react-icons/-/react-icons-1.3.2.tgz 0ms (cache hit)
602 http cache @radix-ui/react-hover-card@https://registry.npmjs.org/@radix-ui/react-hover-card/-/react-hover-card-1.1.4.tgz 0ms (cache hit)
603 http cache @radix-ui/react-focus-scope@https://registry.npmjs.org/@radix-ui/react-focus-scope/-/react-focus-scope-1.1.1.tgz 0ms (cache hit)
604 http cache @radix-ui/react-focus-guards@https://registry.npmjs.org/@radix-ui/react-focus-guards/-/react-focus-guards-1.1.1.tgz 0ms (cache hit)
605 http cache @radix-ui/react-dropdown-menu@https://registry.npmjs.org/@radix-ui/react-dropdown-menu/-/react-dropdown-menu-2.1.4.tgz 0ms (cache hit)
606 http cache @radix-ui/react-dismissable-layer@https://registry.npmjs.org/@radix-ui/react-dismissable-layer/-/react-dismissable-layer-1.1.3.tgz 0ms (cache hit)
607 http cache @radix-ui/react-direction@https://registry.npmjs.org/@radix-ui/react-direction/-/react-direction-1.1.0.tgz 0ms (cache hit)
608 http cache @radix-ui/react-context-menu@https://registry.npmjs.org/@radix-ui/react-context-menu/-/react-context-menu-2.2.4.tgz 0ms (cache hit)
609 http cache @radix-ui/react-compose-refs@https://registry.npmjs.org/@radix-ui/react-compose-refs/-/react-compose-refs-1.1.1.tgz 0ms (cache hit)
610 http cache @radix-ui/react-context@https://registry.npmjs.org/@radix-ui/react-context/-/react-context-1.1.1.tgz 0ms (cache hit)
611 http cache @radix-ui/react-dialog@https://registry.npmjs.org/@radix-ui/react-dialog/-/react-dialog-1.1.4.tgz 0ms (cache hit)
612 http cache @radix-ui/number@https://registry.npmjs.org/@radix-ui/number/-/number-1.1.0.tgz 0ms (cache hit)
613 http cache @radix-ui/react-collection@https://registry.npmjs.org/@radix-ui/react-collection/-/react-collection-1.1.1.tgz 0ms (cache hit)
614 http cache @radix-ui/react-collapsible@https://registry.npmjs.org/@radix-ui/react-collapsible/-/react-collapsible-1.1.2.tgz 0ms (cache hit)
615 http cache @radix-ui/react-checkbox@https://registry.npmjs.org/@radix-ui/react-checkbox/-/react-checkbox-1.1.3.tgz 0ms (cache hit)
616 http cache @radix-ui/react-avatar@https://registry.npmjs.org/@radix-ui/react-avatar/-/react-avatar-1.1.2.tgz 0ms (cache hit)
617 http cache @radix-ui/react-aspect-ratio@https://registry.npmjs.org/@radix-ui/react-aspect-ratio/-/react-aspect-ratio-1.1.1.tgz 0ms (cache hit)
618 http cache @radix-ui/react-alert-dialog@https://registry.npmjs.org/@radix-ui/react-alert-dialog/-/react-alert-dialog-1.1.4.tgz 0ms (cache hit)
619 http cache @radix-ui/react-arrow@https://registry.npmjs.org/@radix-ui/react-arrow/-/react-arrow-1.1.1.tgz 0ms (cache hit)
620 http cache @radix-ui/react-accordion@https://registry.npmjs.org/@radix-ui/react-accordion/-/react-accordion-1.2.2.tgz 0ms (cache hit)
621 http cache @radix-ui/primitive@https://registry.npmjs.org/@radix-ui/primitive/-/primitive-1.1.1.tgz 0ms (cache hit)
622 http cache @orama/orama@https://registry.npmjs.org/@orama/orama/-/orama-3.1.18.tgz 0ms (cache hit)
623 http cache @nolyfill/is-core-module@https://registry.npmjs.org/@nolyfill/is-core-module/-/is-core-module-1.0.39.tgz 0ms (cache hit)
624 http cache @nodelib/fs.scandir@https://registry.npmjs.org/@nodelib/fs.scandir/-/fs.scandir-2.1.5.tgz 0ms (cache hit)
625 http cache @nodelib/fs.walk@https://registry.npmjs.org/@nodelib/fs.walk/-/fs.walk-1.2.8.tgz 0ms (cache hit)
626 http cache @nodelib/fs.stat@https://registry.npmjs.org/@nodelib/fs.stat/-/fs.stat-2.0.5.tgz 0ms (cache hit)
627 http cache @next/swc-linux-x64-musl@https://registry.npmjs.org/@next/swc-linux-x64-musl/-/swc-linux-x64-musl-16.0.10.tgz 0ms (cache hit)
628 http cache @napi-rs/wasm-runtime@https://registry.npmjs.org/@napi-rs/wasm-runtime/-/wasm-runtime-0.2.12.tgz 0ms (cache hit)
629 http cache @next/env@https://registry.npmjs.org/@next/env/-/env-16.0.10.tgz 0ms (cache hit)
630 http cache @next/eslint-plugin-next@https://registry.npmjs.org/@next/eslint-plugin-next/-/eslint-plugin-next-16.1.6.tgz 0ms (cache hit)
631 http cache @mdx-js/loader@https://registry.npmjs.org/@mdx-js/loader/-/loader-3.1.1.tgz 0ms (cache hit)
632 http cache @jridgewell/gen-mapping@https://registry.npmjs.org/@jridgewell/gen-mapping/-/gen-mapping-0.3.13.tgz 0ms (cache hit)
633 http cache @mdx-js/react@https://registry.npmjs.org/@mdx-js/react/-/react-3.1.1.tgz 0ms (cache hit)
634 http cache @mdx-js/mdx@https://registry.npmjs.org/@mdx-js/mdx/-/mdx-3.1.1.tgz 0ms (cache hit)
635 http cache @jridgewell/trace-mapping@https://registry.npmjs.org/@jridgewell/trace-mapping/-/trace-mapping-0.3.31.tgz 0ms (cache hit)
636 http cache @img/sharp-linuxmusl-x64@https://registry.npmjs.org/@img/sharp-linuxmusl-x64/-/sharp-linuxmusl-x64-0.34.5.tgz 0ms (cache hit)
637 http cache @jridgewell/sourcemap-codec@https://registry.npmjs.org/@jridgewell/sourcemap-codec/-/sourcemap-codec-1.5.5.tgz 0ms (cache hit)
638 http cache @jridgewell/resolve-uri@https://registry.npmjs.org/@jridgewell/resolve-uri/-/resolve-uri-3.1.2.tgz 0ms (cache hit)
639 http cache @jridgewell/remapping@https://registry.npmjs.org/@jridgewell/remapping/-/remapping-2.3.5.tgz 0ms (cache hit)
640 http cache @img/sharp-linux-x64@https://registry.npmjs.org/@img/sharp-linux-x64/-/sharp-linux-x64-0.34.5.tgz 0ms (cache hit)
641 http cache @img/sharp-libvips-linuxmusl-x64@https://registry.npmjs.org/@img/sharp-libvips-linuxmusl-x64/-/sharp-libvips-linuxmusl-x64-1.2.4.tgz 0ms (cache hit)
642 http cache @img/sharp-libvips-linux-x64@https://registry.npmjs.org/@img/sharp-libvips-linux-x64/-/sharp-libvips-linux-x64-1.2.4.tgz 0ms (cache hit)
643 http cache @img/colour@https://registry.npmjs.org/@img/colour/-/colour-1.0.0.tgz 0ms (cache hit)
644 http cache @humanfs/node@https://registry.npmjs.org/@humanfs/node/-/node-0.16.7.tgz 0ms (cache hit)
645 http cache @humanwhocodes/retry@https://registry.npmjs.org/@humanwhocodes/retry/-/retry-0.4.3.tgz 0ms (cache hit)
646 http cache @humanwhocodes/module-importer@https://registry.npmjs.org/@humanwhocodes/module-importer/-/module-importer-1.0.1.tgz 0ms (cache hit)
647 http cache @floating-ui/utils@https://registry.npmjs.org/@floating-ui/utils/-/utils-0.2.10.tgz 0ms (cache hit)
648 http cache @humanfs/core@https://registry.npmjs.org/@humanfs/core/-/core-0.19.1.tgz 0ms (cache hit)
649 http cache @hookform/resolvers@https://registry.npmjs.org/@hookform/resolvers/-/resolvers-3.10.0.tgz 0ms (cache hit)
650 http cache @floating-ui/react-dom@https://registry.npmjs.org/@floating-ui/react-dom/-/react-dom-2.1.6.tgz 0ms (cache hit)
651 http cache @formatjs/intl-localematcher@https://registry.npmjs.org/@formatjs/intl-localematcher/-/intl-localematcher-0.6.2.tgz 0ms (cache hit)
652 http cache @floating-ui/dom@https://registry.npmjs.org/@floating-ui/dom/-/dom-1.7.4.tgz 0ms (cache hit)
653 http cache @floating-ui/core@https://registry.npmjs.org/@floating-ui/core/-/core-1.7.3.tgz 0ms (cache hit)
654 http cache @eslint/object-schema@https://registry.npmjs.org/@eslint/object-schema/-/object-schema-2.1.7.tgz 0ms (cache hit)
655 http cache @eslint/plugin-kit@https://registry.npmjs.org/@eslint/plugin-kit/-/plugin-kit-0.4.1.tgz 0ms (cache hit)
656 http cache @eslint/js@https://registry.npmjs.org/@eslint/js/-/js-9.39.2.tgz 0ms (cache hit)
657 http cache @eslint-community/regexpp@https://registry.npmjs.org/@eslint-community/regexpp/-/regexpp-4.12.2.tgz 0ms (cache hit)
658 http cache @eslint-community/eslint-utils@https://registry.npmjs.org/@eslint-community/eslint-utils/-/eslint-utils-4.9.1.tgz 0ms (cache hit)
659 http cache @eslint/config-array@https://registry.npmjs.org/@eslint/config-array/-/config-array-0.21.1.tgz 0ms (cache hit)
660 http cache @eslint/eslintrc@https://registry.npmjs.org/@eslint/eslintrc/-/eslintrc-3.3.3.tgz 0ms (cache hit)
661 http cache @eslint/core@https://registry.npmjs.org/@eslint/core/-/core-0.17.0.tgz 0ms (cache hit)
662 http cache @eslint/config-helpers@https://registry.npmjs.org/@eslint/config-helpers/-/config-helpers-0.4.2.tgz 0ms (cache hit)
663 http cache @esbuild/linux-x64@https://registry.npmjs.org/@esbuild/linux-x64/-/linux-x64-0.25.12.tgz 0ms (cache hit)
664 http cache @emnapi/wasi-threads@https://registry.npmjs.org/@emnapi/wasi-threads/-/wasi-threads-1.1.0.tgz 0ms (cache hit)
665 http cache @emnapi/runtime@https://registry.npmjs.org/@emnapi/runtime/-/runtime-1.8.1.tgz 0ms (cache hit)
666 http cache @babel/types@https://registry.npmjs.org/@babel/types/-/types-7.29.0.tgz 0ms (cache hit)
667 http cache @emnapi/core@https://registry.npmjs.org/@emnapi/core/-/core-1.8.1.tgz 0ms (cache hit)
668 http cache @date-fns/tz@https://registry.npmjs.org/@date-fns/tz/-/tz-1.2.0.tgz 0ms (cache hit)
669 http cache @beeper/desktop-api@https://registry.npmjs.org/@beeper/desktop-api/-/desktop-api-0.1.5.tgz 0ms (cache hit)
670 http cache @babel/template@https://registry.npmjs.org/@babel/template/-/template-7.28.6.tgz 0ms (cache hit)
671 http cache @babel/traverse@https://registry.npmjs.org/@babel/traverse/-/traverse-7.29.0.tgz 0ms (cache hit)
672 http cache @babel/parser@https://registry.npmjs.org/@babel/parser/-/parser-7.29.0.tgz 0ms (cache hit)
673 http cache @babel/runtime@https://registry.npmjs.org/@babel/runtime/-/runtime-7.28.6.tgz 0ms (cache hit)
674 http cache @babel/helper-validator-identifier@https://registry.npmjs.org/@babel/helper-validator-identifier/-/helper-validator-identifier-7.28.5.tgz 0ms (cache hit)
675 http cache @babel/helper-validator-option@https://registry.npmjs.org/@babel/helper-validator-option/-/helper-validator-option-7.27.1.tgz 0ms (cache hit)
676 http cache @babel/helper-string-parser@https://registry.npmjs.org/@babel/helper-string-parser/-/helper-string-parser-7.27.1.tgz 0ms (cache hit)
677 http cache @babel/helpers@https://registry.npmjs.org/@babel/helpers/-/helpers-7.28.6.tgz 1ms (cache hit)
678 http cache @babel/helper-globals@https://registry.npmjs.org/@babel/helper-globals/-/helper-globals-7.28.0.tgz 0ms (cache hit)
679 http cache @babel/helper-module-transforms@https://registry.npmjs.org/@babel/helper-module-transforms/-/helper-module-transforms-7.28.6.tgz 0ms (cache hit)
680 http cache @babel/helper-module-imports@https://registry.npmjs.org/@babel/helper-module-imports/-/helper-module-imports-7.28.6.tgz 0ms (cache hit)
681 http cache @babel/generator@https://registry.npmjs.org/@babel/generator/-/generator-7.29.1.tgz 0ms (cache hit)
682 http cache @babel/helper-compilation-targets@https://registry.npmjs.org/@babel/helper-compilation-targets/-/helper-compilation-targets-7.28.6.tgz 0ms (cache hit)
683 http cache @babel/code-frame@https://registry.npmjs.org/@babel/code-frame/-/code-frame-7.29.0.tgz 0ms (cache hit)
684 http cache @babel/compat-data@https://registry.npmjs.org/@babel/compat-data/-/compat-data-7.29.0.tgz 0ms (cache hit)
685 http cache @babel/core@https://registry.npmjs.org/@babel/core/-/core-7.29.0.tgz 0ms (cache hit)
686 http cache @alloc/quick-lru@https://registry.npmjs.org/@alloc/quick-lru/-/quick-lru-5.2.0.tgz 0ms (cache hit)
687 http cache zod@https://registry.npmjs.org/zod/-/zod-3.25.76.tgz 0ms (cache hit)
688 http cache victory-vendor@https://registry.npmjs.org/victory-vendor/-/victory-vendor-36.9.2.tgz 0ms (cache hit)
689 http cache uri-js@https://registry.npmjs.org/uri-js/-/uri-js-4.4.1.tgz 0ms (cache hit)
690 http cache use-callback-ref@https://registry.npmjs.org/use-callback-ref/-/use-callback-ref-1.3.3.tgz 0ms (cache hit)
691 http cache use-sidecar@https://registry.npmjs.org/use-sidecar/-/use-sidecar-1.1.3.tgz 0ms (cache hit)
692 http cache typescript@https://registry.npmjs.org/typescript/-/typescript-5.9.3.tgz 0ms (cache hit)
693 http cache styled-jsx@https://registry.npmjs.org/styled-jsx/-/styled-jsx-5.1.6.tgz 0ms (cache hit)
694 http cache property-information@https://registry.npmjs.org/property-information/-/property-information-7.1.0.tgz 0ms (cache hit)
695 http cache sharp@https://registry.npmjs.org/sharp/-/sharp-0.34.5.tgz 0ms (cache hit)
696 http cache semver@https://registry.npmjs.org/semver/-/semver-7.7.3.tgz 0ms (cache hit)
697 http cache resolve@https://registry.npmjs.org/resolve/-/resolve-1.22.11.tgz 0ms (cache hit)
698 http cache regex@https://registry.npmjs.org/regex/-/regex-6.1.0.tgz 0ms (cache hit)
699 http cache recharts@https://registry.npmjs.org/recharts/-/recharts-2.15.4.tgz 0ms (cache hit)
700 http cache recharts-scale@https://registry.npmjs.org/recharts-scale/-/recharts-scale-0.4.5.tgz 0ms (cache hit)
701 http cache react-style-singleton@https://registry.npmjs.org/react-style-singleton/-/react-style-singleton-2.2.3.tgz 0ms (cache hit)
702 http cache react-transition-group@https://registry.npmjs.org/react-transition-group/-/react-transition-group-4.4.5.tgz 0ms (cache hit)
703 http cache react-resizable-panels@https://registry.npmjs.org/react-resizable-panels/-/react-resizable-panels-2.1.9.tgz 0ms (cache hit)
704 http cache react-smooth@https://registry.npmjs.org/react-smooth/-/react-smooth-4.0.4.tgz 0ms (cache hit)
705 http cache react-remove-scroll-bar@https://registry.npmjs.org/react-remove-scroll-bar/-/react-remove-scroll-bar-2.3.8.tgz 0ms (cache hit)
706 http cache react-remove-scroll@https://registry.npmjs.org/react-remove-scroll/-/react-remove-scroll-2.7.2.tgz 0ms (cache hit)
707 http cache react-day-picker@https://registry.npmjs.org/react-day-picker/-/react-day-picker-9.8.0.tgz 0ms (cache hit)
708 http cache react-dom@https://registry.npmjs.org/react-dom/-/react-dom-19.2.0.tgz 0ms (cache hit)
709 http cache react@https://registry.npmjs.org/react/-/react-19.2.0.tgz 0ms (cache hit)
710 http cache postcss-selector-parser@https://registry.npmjs.org/postcss-selector-parser/-/postcss-selector-parser-6.0.10.tgz 0ms (cache hit)
711 http cache postcss@https://registry.npmjs.org/postcss/-/postcss-8.5.6.tgz 0ms (cache hit)
712 http cache oniguruma-parser@https://registry.npmjs.org/oniguruma-parser/-/oniguruma-parser-0.12.1.tgz 0ms (cache hit)
713 http cache object-inspect@https://registry.npmjs.org/object-inspect/-/object-inspect-1.13.4.tgz 0ms (cache hit)
714 http cache next@https://registry.npmjs.org/next/-/next-16.0.10.tgz 0ms (cache hit)
715 http cache motion-dom@https://registry.npmjs.org/motion-dom/-/motion-dom-12.29.0.tgz 0ms (cache hit)
716 http cache minimist@https://registry.npmjs.org/minimist/-/minimist-1.2.8.tgz 0ms (cache hit)
717 http cache micromark-core-commonmark@https://registry.npmjs.org/micromark-core-commonmark/-/micromark-core-commonmark-2.0.3.tgz 0ms (cache hit)
718 http cache micromark@https://registry.npmjs.org/micromark/-/micromark-4.0.2.tgz 0ms (cache hit)
719 http cache mdast-util-to-markdown@https://registry.npmjs.org/mdast-util-to-markdown/-/mdast-util-to-markdown-2.1.2.tgz 0ms (cache hit)
720 http cache mdast-util-to-hast@https://registry.npmjs.org/mdast-util-to-hast/-/mdast-util-to-hast-13.2.1.tgz 0ms (cache hit)
721 http cache lucide-react@https://registry.npmjs.org/lucide-react/-/lucide-react-0.454.0.tgz 0ms (cache hit)
722 http cache lodash@https://registry.npmjs.org/lodash/-/lodash-4.17.21.tgz 0ms (cache hit)
723 http cache language-subtag-registry@https://registry.npmjs.org/language-subtag-registry/-/language-subtag-registry-0.3.23.tgz 0ms (cache hit)
724 http cache jsx-ast-utils@https://registry.npmjs.org/jsx-ast-utils/-/jsx-ast-utils-3.3.5.tgz 0ms (cache hit)
725 http cache js-yaml@https://registry.npmjs.org/js-yaml/-/js-yaml-4.1.1.tgz 0ms (cache hit)
726 http cache jiti@https://registry.npmjs.org/jiti/-/jiti-2.6.1.tgz 0ms (cache hit)
727 http cache image-size@https://registry.npmjs.org/image-size/-/image-size-2.0.2.tgz 0ms (cache hit)
728 http cache hast-util-to-html@https://registry.npmjs.org/hast-util-to-html/-/hast-util-to-html-9.0.5.tgz 0ms (cache hit)
729 http cache hast-util-to-estree@https://registry.npmjs.org/hast-util-to-estree/-/hast-util-to-estree-3.1.3.tgz 0ms (cache hit)
730 http cache fumadocs-ui@https://registry.npmjs.org/fumadocs-ui/-/fumadocs-ui-15.6.2.tgz 0ms (cache hit)
731 http cache fast-equals@https://registry.npmjs.org/fast-equals/-/fast-equals-5.4.0.tgz 0ms (cache hit)
732 http cache fumadocs-mdx@https://registry.npmjs.org/fumadocs-mdx/-/fumadocs-mdx-11.6.10.tgz 0ms (cache hit)
733 http cache fumadocs-core@https://registry.npmjs.org/fumadocs-core/-/fumadocs-core-15.6.2.tgz 0ms (cache hit)
734 http cache framer-motion@https://registry.npmjs.org/framer-motion/-/framer-motion-12.29.0.tgz 0ms (cache hit)
735 http cache fraction.js@https://registry.npmjs.org/fraction.js/-/fraction.js-5.3.4.tgz 0ms (cache hit)
736 http cache fast-glob@https://registry.npmjs.org/fast-glob/-/fast-glob-3.3.1.tgz 0ms (cache hit)
737 http cache eslint@https://registry.npmjs.org/eslint/-/eslint-9.39.2.tgz 0ms (cache hit)
738 http cache esquery@https://registry.npmjs.org/esquery/-/esquery-1.7.0.tgz 0ms (cache hit)
739 http cache eslint-scope@https://registry.npmjs.org/eslint-scope/-/eslint-scope-8.4.0.tgz 0ms (cache hit)
740 http cache eslint-plugin-react-hooks@https://registry.npmjs.org/eslint-plugin-react-hooks/-/eslint-plugin-react-hooks-7.0.1.tgz 0ms (cache hit)
741 http cache eslint-plugin-react@https://registry.npmjs.org/eslint-plugin-react/-/eslint-plugin-react-7.37.5.tgz 0ms (cache hit)
742 http cache eslint-plugin-jsx-a11y@https://registry.npmjs.org/eslint-plugin-jsx-a11y/-/eslint-plugin-jsx-a11y-6.10.2.tgz 0ms (cache hit)
743 http cache eslint-plugin-import@https://registry.npmjs.org/eslint-plugin-import/-/eslint-plugin-import-2.32.0.tgz 0ms (cache hit)
744 http cache d3-array@https://registry.npmjs.org/d3-array/-/d3-array-3.2.4.tgz 0ms (cache hit)
745 http cache es-iterator-helpers@https://registry.npmjs.org/es-iterator-helpers/-/es-iterator-helpers-1.2.2.tgz 0ms (cache hit)
746 http cache es-abstract@https://registry.npmjs.org/es-abstract/-/es-abstract-1.24.1.tgz 0ms (cache hit)
747 http cache enhanced-resolve@https://registry.npmjs.org/enhanced-resolve/-/enhanced-resolve-5.18.4.tgz 0ms (cache hit)
748 http cache embla-carousel-reactive-utils@https://registry.npmjs.org/embla-carousel-reactive-utils/-/embla-carousel-reactive-utils-8.5.1.tgz 0ms (cache hit)
749 http cache embla-carousel-react@https://registry.npmjs.org/embla-carousel-react/-/embla-carousel-react-8.5.1.tgz 0ms (cache hit)
750 http cache embla-carousel@https://registry.npmjs.org/embla-carousel/-/embla-carousel-8.5.1.tgz 0ms (cache hit)
751 http cache dom-helpers@https://registry.npmjs.org/dom-helpers/-/dom-helpers-5.2.1.tgz 0ms (cache hit)
752 http cache date-fns-jalali@https://registry.npmjs.org/date-fns-jalali/-/date-fns-jalali-4.1.0-0.tgz 0ms (cache hit)
753 http cache date-fns@https://registry.npmjs.org/date-fns/-/date-fns-4.1.0.tgz 0ms (cache hit)
754 http cache d3-time-format@https://registry.npmjs.org/d3-time-format/-/d3-time-format-4.1.0.tgz 0ms (cache hit)
755 http cache d3-time@https://registry.npmjs.org/d3-time/-/d3-time-3.1.0.tgz 0ms (cache hit)
756 http cache d3-shape@https://registry.npmjs.org/d3-shape/-/d3-shape-3.2.0.tgz 0ms (cache hit)
757 http cache d3-color@https://registry.npmjs.org/d3-color/-/d3-color-3.1.0.tgz 0ms (cache hit)
758 http cache csstype@https://registry.npmjs.org/csstype/-/csstype-3.2.3.tgz 0ms (cache hit)
759 http cache d3-scale@https://registry.npmjs.org/d3-scale/-/d3-scale-4.0.2.tgz 0ms (cache hit)
760 http cache d3-interpolate@https://registry.npmjs.org/d3-interpolate/-/d3-interpolate-3.0.1.tgz 0ms (cache hit)
761 http cache d3-format@https://registry.npmjs.org/d3-format/-/d3-format-3.1.1.tgz 0ms (cache hit)
762 http cache d3-ease@https://registry.npmjs.org/d3-ease/-/d3-ease-3.0.1.tgz 0ms (cache hit)
763 http cache caniuse-lite@https://registry.npmjs.org/caniuse-lite/-/caniuse-lite-1.0.30001764.tgz 0ms (cache hit)
764 http cache braces@https://registry.npmjs.org/braces/-/braces-3.0.3.tgz 0ms (cache hit)
765 http cache baseline-browser-mapping@https://registry.npmjs.org/baseline-browser-mapping/-/baseline-browser-mapping-2.9.14.tgz 0ms (cache hit)
766 http cache axobject-query@https://registry.npmjs.org/axobject-query/-/axobject-query-4.1.0.tgz 0ms (cache hit)
767 http cache axe-core@https://registry.npmjs.org/axe-core/-/axe-core-4.11.1.tgz 0ms (cache hit)
768 http cache autoprefixer@https://registry.npmjs.org/autoprefixer/-/autoprefixer-10.4.23.tgz 0ms (cache hit)
769 http cache arraybuffer.prototype.slice@https://registry.npmjs.org/arraybuffer.prototype.slice/-/arraybuffer.prototype.slice-1.0.4.tgz 0ms (cache hit)
770 http cache array.prototype.flatmap@https://registry.npmjs.org/array.prototype.flatmap/-/array.prototype.flatmap-1.3.3.tgz 0ms (cache hit)
771 http cache array.prototype.tosorted@https://registry.npmjs.org/array.prototype.tosorted/-/array.prototype.tosorted-1.1.4.tgz 0ms (cache hit)
772 http cache array.prototype.flat@https://registry.npmjs.org/array.prototype.flat/-/array.prototype.flat-1.3.3.tgz 0ms (cache hit)
773 http cache array-includes@https://registry.npmjs.org/array-includes/-/array-includes-3.1.9.tgz 0ms (cache hit)
774 http cache array.prototype.findlast@https://registry.npmjs.org/array.prototype.findlast/-/array.prototype.findlast-1.2.5.tgz 0ms (cache hit)
775 http cache array.prototype.findlastindex@https://registry.npmjs.org/array.prototype.findlastindex/-/array.prototype.findlastindex-1.2.6.tgz 0ms (cache hit)
776 http cache aria-query@https://registry.npmjs.org/aria-query/-/aria-query-5.3.2.tgz 0ms (cache hit)
777 http cache argparse@https://registry.npmjs.org/argparse/-/argparse-2.0.1.tgz 0ms (cache hit)
778 http cache acorn@https://registry.npmjs.org/acorn/-/acorn-8.15.0.tgz 0ms (cache hit)
779 http cache ajv@https://registry.npmjs.org/ajv/-/ajv-6.12.6.tgz 0ms (cache hit)
780 http cache @radix-ui/react-use-layout-effect@https://registry.npmjs.org/@radix-ui/react-use-layout-effect/-/react-use-layout-effect-1.1.1.tgz 0ms (cache hit)
781 http cache @types/unist@https://registry.npmjs.org/@types/unist/-/unist-2.0.11.tgz 0ms (cache hit)
782 http cache json5@https://registry.npmjs.org/json5/-/json5-1.0.2.tgz 0ms (cache hit)
783 http cache react-is@https://registry.npmjs.org/react-is/-/react-is-16.13.1.tgz 0ms (cache hit)
784 http cache brace-expansion@https://registry.npmjs.org/brace-expansion/-/brace-expansion-1.1.12.tgz 0ms (cache hit)
785 http cache picomatch@https://registry.npmjs.org/picomatch/-/picomatch-2.3.1.tgz 0ms (cache hit)
786 http cache debug@https://registry.npmjs.org/debug/-/debug-3.2.7.tgz 0ms (cache hit)
787 http cache globals@https://registry.npmjs.org/globals/-/globals-16.4.0.tgz 0ms (cache hit)
788 http cache debug@https://registry.npmjs.org/debug/-/debug-3.2.7.tgz 0ms (cache hit)
789 http cache minimatch@https://registry.npmjs.org/minimatch/-/minimatch-9.0.5.tgz 0ms (cache hit)
790 http cache ignore@https://registry.npmjs.org/ignore/-/ignore-7.0.5.tgz 0ms (cache hit)
791 http cache eslint-visitor-keys@https://registry.npmjs.org/eslint-visitor-keys/-/eslint-visitor-keys-3.4.3.tgz 0ms (cache hit)
792 http cache lru-cache@https://registry.npmjs.org/lru-cache/-/lru-cache-5.1.1.tgz 0ms (cache hit)
793 http cache semver@https://registry.npmjs.org/semver/-/semver-6.3.1.tgz 0ms (cache hit)
794 http cache semver@https://registry.npmjs.org/semver/-/semver-6.3.1.tgz 0ms (cache hit)
795 http cache postcss@https://registry.npmjs.org/postcss/-/postcss-8.4.31.tgz 0ms (cache hit)
796 http cache @radix-ui/react-primitive@https://registry.npmjs.org/@radix-ui/react-primitive/-/react-primitive-2.1.3.tgz 0ms (cache hit)
797 http cache @radix-ui/react-slot@https://registry.npmjs.org/@radix-ui/react-slot/-/react-slot-1.2.3.tgz 0ms (cache hit)
798 http cache @radix-ui/react-popover@https://registry.npmjs.org/@radix-ui/react-popover/-/react-popover-1.1.15.tgz 0ms (cache hit)
799 http cache @radix-ui/react-slot@https://registry.npmjs.org/@radix-ui/react-slot/-/react-slot-1.2.3.tgz 0ms (cache hit)
800 http cache @radix-ui/rect@https://registry.npmjs.org/@radix-ui/rect/-/rect-1.1.1.tgz 0ms (cache hit)
801 http cache @radix-ui/react-visually-hidden@https://registry.npmjs.org/@radix-ui/react-visually-hidden/-/react-visually-hidden-1.2.3.tgz 0ms (cache hit)
802 http cache @radix-ui/react-use-size@https://registry.npmjs.org/@radix-ui/react-use-size/-/react-use-size-1.1.1.tgz 0ms (cache hit)
803 http cache @radix-ui/react-use-rect@https://registry.npmjs.org/@radix-ui/react-use-rect/-/react-use-rect-1.1.1.tgz 0ms (cache hit)
804 http cache @radix-ui/react-use-previous@https://registry.npmjs.org/@radix-ui/react-use-previous/-/react-use-previous-1.1.1.tgz 0ms (cache hit)
805 http cache @radix-ui/react-use-layout-effect@https://registry.npmjs.org/@radix-ui/react-use-layout-effect/-/react-use-layout-effect-1.1.1.tgz 0ms (cache hit)
806 http cache @radix-ui/react-use-escape-keydown@https://registry.npmjs.org/@radix-ui/react-use-escape-keydown/-/react-use-escape-keydown-1.1.1.tgz 0ms (cache hit)
807 http cache @radix-ui/react-use-controllable-state@https://registry.npmjs.org/@radix-ui/react-use-controllable-state/-/react-use-controllable-state-1.2.2.tgz 0ms (cache hit)
808 http cache @radix-ui/react-use-callback-ref@https://registry.npmjs.org/@radix-ui/react-use-callback-ref/-/react-use-callback-ref-1.1.1.tgz 0ms (cache hit)
809 http cache @radix-ui/react-tabs@https://registry.npmjs.org/@radix-ui/react-tabs/-/react-tabs-1.1.13.tgz 0ms (cache hit)
810 http cache @radix-ui/react-slot@https://registry.npmjs.org/@radix-ui/react-slot/-/react-slot-1.2.4.tgz 0ms (cache hit)
811 http cache @radix-ui/react-scroll-area@https://registry.npmjs.org/@radix-ui/react-scroll-area/-/react-scroll-area-1.2.10.tgz 0ms (cache hit)
812 http cache @radix-ui/react-roving-focus@https://registry.npmjs.org/@radix-ui/react-roving-focus/-/react-roving-focus-1.1.11.tgz 0ms (cache hit)
813 http cache @radix-ui/react-presence@https://registry.npmjs.org/@radix-ui/react-presence/-/react-presence-1.1.5.tgz 0ms (cache hit)
814 http cache @radix-ui/react-portal@https://registry.npmjs.org/@radix-ui/react-portal/-/react-portal-1.1.9.tgz 0ms (cache hit)
815 http cache @radix-ui/react-popper@https://registry.npmjs.org/@radix-ui/react-popper/-/react-popper-1.2.8.tgz 0ms (cache hit)
816 http cache @radix-ui/react-navigation-menu@https://registry.npmjs.org/@radix-ui/react-navigation-menu/-/react-navigation-menu-1.2.14.tgz 0ms (cache hit)
817 http cache @radix-ui/react-collection@https://registry.npmjs.org/@radix-ui/react-collection/-/react-collection-1.1.7.tgz 0ms (cache hit)
818 http cache @radix-ui/react-slot@https://registry.npmjs.org/@radix-ui/react-slot/-/react-slot-1.2.3.tgz 0ms (cache hit)
819 http cache @radix-ui/react-dialog@https://registry.npmjs.org/@radix-ui/react-dialog/-/react-dialog-1.1.15.tgz 0ms (cache hit)
820 http cache @radix-ui/react-slot@https://registry.npmjs.org/@radix-ui/react-slot/-/react-slot-1.2.3.tgz 0ms (cache hit)
821 http cache @radix-ui/number@https://registry.npmjs.org/@radix-ui/number/-/number-1.1.1.tgz 0ms (cache hit)
822 http cache @radix-ui/react-id@https://registry.npmjs.org/@radix-ui/react-id/-/react-id-1.1.1.tgz 0ms (cache hit)
823 http cache @radix-ui/react-focus-scope@https://registry.npmjs.org/@radix-ui/react-focus-scope/-/react-focus-scope-1.1.7.tgz 0ms (cache hit)
824 http cache @radix-ui/react-focus-guards@https://registry.npmjs.org/@radix-ui/react-focus-guards/-/react-focus-guards-1.1.3.tgz 0ms (cache hit)
825 http cache @radix-ui/react-dismissable-layer@https://registry.npmjs.org/@radix-ui/react-dismissable-layer/-/react-dismissable-layer-1.1.11.tgz 0ms (cache hit)
826 http cache @radix-ui/react-direction@https://registry.npmjs.org/@radix-ui/react-direction/-/react-direction-1.1.1.tgz 0ms (cache hit)
827 http cache @radix-ui/react-context@https://registry.npmjs.org/@radix-ui/react-context/-/react-context-1.1.2.tgz 0ms (cache hit)
828 http cache @radix-ui/react-compose-refs@https://registry.npmjs.org/@radix-ui/react-compose-refs/-/react-compose-refs-1.1.2.tgz 0ms (cache hit)
829 http cache @radix-ui/react-collapsible@https://registry.npmjs.org/@radix-ui/react-collapsible/-/react-collapsible-1.1.12.tgz 0ms (cache hit)
830 http cache @radix-ui/react-arrow@https://registry.npmjs.org/@radix-ui/react-arrow/-/react-arrow-1.1.7.tgz 0ms (cache hit)
831 http cache postcss-selector-parser@https://registry.npmjs.org/postcss-selector-parser/-/postcss-selector-parser-7.1.1.tgz 0ms (cache hit)
832 http cache @radix-ui/react-accordion@https://registry.npmjs.org/@radix-ui/react-accordion/-/react-accordion-1.2.12.tgz 0ms (cache hit)
833 http cache @radix-ui/primitive@https://registry.npmjs.org/@radix-ui/primitive/-/primitive-1.1.3.tgz 0ms (cache hit)
834 http cache glob-parent@https://registry.npmjs.org/glob-parent/-/glob-parent-5.1.2.tgz 0ms (cache hit)
835 http cache escape-string-regexp@https://registry.npmjs.org/escape-string-regexp/-/escape-string-regexp-4.0.0.tgz 0ms (cache hit)
836 http cache semver@https://registry.npmjs.org/semver/-/semver-6.3.1.tgz 0ms (cache hit)
837 http cache resolve@https://registry.npmjs.org/resolve/-/resolve-2.0.0-next.5.tgz 0ms (cache hit)
838 http cache debug@https://registry.npmjs.org/debug/-/debug-3.2.7.tgz 0ms (cache hit)
839 http cache semver@https://registry.npmjs.org/semver/-/semver-6.3.1.tgz 0ms (cache hit)
840 silly tarball no local data for @typescript-eslint/typescript-estree@https://registry.npmjs.org/@typescript-eslint/typescript-estree/-/typescript-estree-8.54.0.tgz. Extracting by manifest.
841 silly tarball no local data for @next/swc-linux-x64-gnu@https://registry.npmjs.org/@next/swc-linux-x64-gnu/-/swc-linux-x64-gnu-16.0.10.tgz. Extracting by manifest.
842 silly tarball no local data for @types/react@https://registry.npmjs.org/@types/react/-/react-19.2.8.tgz. Extracting by manifest.
843 silly tarball no local data for @typescript-eslint/eslint-plugin@https://registry.npmjs.org/@typescript-eslint/eslint-plugin/-/eslint-plugin-8.54.0.tgz. Extracting by manifest.
844 silly tarball no local data for @types/node@https://registry.npmjs.org/@types/node/-/node-22.19.6.tgz. Extracting by manifest.
845 silly tarball no local data for @tybys/wasm-util@https://registry.npmjs.org/@tybys/wasm-util/-/wasm-util-0.10.1.tgz. Extracting by manifest.
846 silly tarball no local data for @supabase/auth-js@https://registry.npmjs.org/@supabase/auth-js/-/auth-js-2.93.3.tgz. Extracting by manifest.
847 silly tarball no local data for @supabase/supabase-js@https://registry.npmjs.org/@supabase/supabase-js/-/supabase-js-2.93.3.tgz. Extracting by manifest.
848 silly tarball no local data for @supabase/storage-js@https://registry.npmjs.org/@supabase/storage-js/-/storage-js-2.93.3.tgz. Extracting by manifest.
849 silly tarball no local data for @supabase/realtime-js@https://registry.npmjs.org/@supabase/realtime-js/-/realtime-js-2.93.3.tgz. Extracting by manifest.
850 silly tarball no local data for @supabase/postgrest-js@https://registry.npmjs.org/@supabase/postgrest-js/-/postgrest-js-2.93.3.tgz. Extracting by manifest.
851 silly tarball no local data for @radix-ui/react-use-size@https://registry.npmjs.org/@radix-ui/react-use-size/-/react-use-size-1.1.0.tgz. Extracting by manifest.
852 silly tarball no local data for @radix-ui/react-use-previous@https://registry.npmjs.org/@radix-ui/react-use-previous/-/react-use-previous-1.1.0.tgz. Extracting by manifest.
853 silly tarball no local data for @radix-ui/react-use-callback-ref@https://registry.npmjs.org/@radix-ui/react-use-callback-ref/-/react-use-callback-ref-1.1.0.tgz. Extracting by manifest.
854 silly tarball no local data for @radix-ui/react-tooltip@https://registry.npmjs.org/@radix-ui/react-tooltip/-/react-tooltip-1.1.6.tgz. Extracting by manifest.
855 silly tarball no local data for @radix-ui/react-toggle-group@https://registry.npmjs.org/@radix-ui/react-toggle-group/-/react-toggle-group-1.1.1.tgz. Extracting by manifest.
856 silly tarball no local data for @radix-ui/react-toggle@https://registry.npmjs.org/@radix-ui/react-toggle/-/react-toggle-1.1.1.tgz. Extracting by manifest.
857 silly tarball no local data for @radix-ui/react-toast@https://registry.npmjs.org/@radix-ui/react-toast/-/react-toast-1.2.4.tgz. Extracting by manifest.
858 silly tarball no local data for @radix-ui/react-tabs@https://registry.npmjs.org/@radix-ui/react-tabs/-/react-tabs-1.1.2.tgz. Extracting by manifest.
859 silly tarball no local data for @radix-ui/react-switch@https://registry.npmjs.org/@radix-ui/react-switch/-/react-switch-1.1.2.tgz. Extracting by manifest.
860 silly tarball no local data for @radix-ui/react-slot@https://registry.npmjs.org/@radix-ui/react-slot/-/react-slot-1.1.1.tgz. Extracting by manifest.
861 silly tarball no local data for @radix-ui/react-select@https://registry.npmjs.org/@radix-ui/react-select/-/react-select-2.1.4.tgz. Extracting by manifest.
862 silly tarball no local data for @radix-ui/react-slider@https://registry.npmjs.org/@radix-ui/react-slider/-/react-slider-1.2.2.tgz. Extracting by manifest.
863 silly tarball no local data for @radix-ui/react-roving-focus@https://registry.npmjs.org/@radix-ui/react-roving-focus/-/react-roving-focus-1.1.1.tgz. Extracting by manifest.
864 silly tarball no local data for @radix-ui/react-scroll-area@https://registry.npmjs.org/@radix-ui/react-scroll-area/-/react-scroll-area-1.2.2.tgz. Extracting by manifest.
865 silly tarball no local data for @radix-ui/react-separator@https://registry.npmjs.org/@radix-ui/react-separator/-/react-separator-1.1.1.tgz. Extracting by manifest.
866 silly tarball no local data for @radix-ui/react-primitive@https://registry.npmjs.org/@radix-ui/react-primitive/-/react-primitive-2.0.1.tgz. Extracting by manifest.
867 silly tarball no local data for @radix-ui/react-presence@https://registry.npmjs.org/@radix-ui/react-presence/-/react-presence-1.1.2.tgz. Extracting by manifest.
868 silly tarball no local data for @radix-ui/react-progress@https://registry.npmjs.org/@radix-ui/react-progress/-/react-progress-1.1.1.tgz. Extracting by manifest.
869 silly tarball no local data for @radix-ui/react-radio-group@https://registry.npmjs.org/@radix-ui/react-radio-group/-/react-radio-group-1.2.2.tgz. Extracting by manifest.
870 silly tarball no local data for @radix-ui/react-navigation-menu@https://registry.npmjs.org/@radix-ui/react-navigation-menu/-/react-navigation-menu-1.2.3.tgz. Extracting by manifest.
871 silly tarball no local data for @radix-ui/react-menubar@https://registry.npmjs.org/@radix-ui/react-menubar/-/react-menubar-1.1.4.tgz. Extracting by manifest.
872 silly tarball no local data for @radix-ui/react-popover@https://registry.npmjs.org/@radix-ui/react-popover/-/react-popover-1.1.4.tgz. Extracting by manifest.
873 silly tarball no local data for @radix-ui/react-id@https://registry.npmjs.org/@radix-ui/react-id/-/react-id-1.1.0.tgz. Extracting by manifest.
874 silly tarball no local data for @radix-ui/react-popper@https://registry.npmjs.org/@radix-ui/react-popper/-/react-popper-1.2.1.tgz. Extracting by manifest.
875 silly tarball no local data for @radix-ui/react-label@https://registry.npmjs.org/@radix-ui/react-label/-/react-label-2.1.1.tgz. Extracting by manifest.
876 silly tarball no local data for @radix-ui/react-icons@https://registry.npmjs.org/@radix-ui/react-icons/-/react-icons-1.3.2.tgz. Extracting by manifest.
877 silly tarball no local data for @radix-ui/react-portal@https://registry.npmjs.org/@radix-ui/react-portal/-/react-portal-1.1.3.tgz. Extracting by manifest.
878 silly tarball no local data for @radix-ui/react-menu@https://registry.npmjs.org/@radix-ui/react-menu/-/react-menu-2.1.4.tgz. Extracting by manifest.
879 silly tarball no local data for @radix-ui/react-focus-guards@https://registry.npmjs.org/@radix-ui/react-focus-guards/-/react-focus-guards-1.1.1.tgz. Extracting by manifest.
880 silly tarball no local data for @radix-ui/react-dropdown-menu@https://registry.npmjs.org/@radix-ui/react-dropdown-menu/-/react-dropdown-menu-2.1.4.tgz. Extracting by manifest.
881 silly tarball no local data for @radix-ui/react-dismissable-layer@https://registry.npmjs.org/@radix-ui/react-dismissable-layer/-/react-dismissable-layer-1.1.3.tgz. Extracting by manifest.
882 silly tarball no local data for @radix-ui/react-hover-card@https://registry.npmjs.org/@radix-ui/react-hover-card/-/react-hover-card-1.1.4.tgz. Extracting by manifest.
883 silly tarball no local data for @radix-ui/react-direction@https://registry.npmjs.org/@radix-ui/react-direction/-/react-direction-1.1.0.tgz. Extracting by manifest.
884 silly tarball no local data for @radix-ui/react-focus-scope@https://registry.npmjs.org/@radix-ui/react-focus-scope/-/react-focus-scope-1.1.1.tgz. Extracting by manifest.
885 silly tarball no local data for @radix-ui/react-context@https://registry.npmjs.org/@radix-ui/react-context/-/react-context-1.1.1.tgz. Extracting by manifest.
886 silly tarball no local data for @radix-ui/react-context-menu@https://registry.npmjs.org/@radix-ui/react-context-menu/-/react-context-menu-2.2.4.tgz. Extracting by manifest.
887 silly tarball no local data for @radix-ui/number@https://registry.npmjs.org/@radix-ui/number/-/number-1.1.0.tgz. Extracting by manifest.
888 silly tarball no local data for @radix-ui/react-collection@https://registry.npmjs.org/@radix-ui/react-collection/-/react-collection-1.1.1.tgz. Extracting by manifest.
889 silly tarball no local data for @radix-ui/react-collapsible@https://registry.npmjs.org/@radix-ui/react-collapsible/-/react-collapsible-1.1.2.tgz. Extracting by manifest.
890 silly tarball no local data for @radix-ui/react-checkbox@https://registry.npmjs.org/@radix-ui/react-checkbox/-/react-checkbox-1.1.3.tgz. Extracting by manifest.
891 silly tarball no local data for @radix-ui/react-compose-refs@https://registry.npmjs.org/@radix-ui/react-compose-refs/-/react-compose-refs-1.1.1.tgz. Extracting by manifest.
892 silly tarball no local data for @radix-ui/react-avatar@https://registry.npmjs.org/@radix-ui/react-avatar/-/react-avatar-1.1.2.tgz. Extracting by manifest.
893 silly tarball no local data for @radix-ui/react-alert-dialog@https://registry.npmjs.org/@radix-ui/react-alert-dialog/-/react-alert-dialog-1.1.4.tgz. Extracting by manifest.
894 silly tarball no local data for @radix-ui/react-arrow@https://registry.npmjs.org/@radix-ui/react-arrow/-/react-arrow-1.1.1.tgz. Extracting by manifest.
895 silly tarball no local data for @radix-ui/react-aspect-ratio@https://registry.npmjs.org/@radix-ui/react-aspect-ratio/-/react-aspect-ratio-1.1.1.tgz. Extracting by manifest.
896 silly tarball no local data for @radix-ui/react-accordion@https://registry.npmjs.org/@radix-ui/react-accordion/-/react-accordion-1.2.2.tgz. Extracting by manifest.
897 silly tarball no local data for @orama/orama@https://registry.npmjs.org/@orama/orama/-/orama-3.1.18.tgz. Extracting by manifest.
898 silly tarball no local data for @radix-ui/primitive@https://registry.npmjs.org/@radix-ui/primitive/-/primitive-1.1.1.tgz. Extracting by manifest.
899 silly tarball no local data for @nolyfill/is-core-module@https://registry.npmjs.org/@nolyfill/is-core-module/-/is-core-module-1.0.39.tgz. Extracting by manifest.
900 silly tarball no local data for @nodelib/fs.scandir@https://registry.npmjs.org/@nodelib/fs.scandir/-/fs.scandir-2.1.5.tgz. Extracting by manifest.
901 silly tarball no local data for @nodelib/fs.walk@https://registry.npmjs.org/@nodelib/fs.walk/-/fs.walk-1.2.8.tgz. Extracting by manifest.
902 silly tarball no local data for @nodelib/fs.stat@https://registry.npmjs.org/@nodelib/fs.stat/-/fs.stat-2.0.5.tgz. Extracting by manifest.
903 silly tarball no local data for @next/env@https://registry.npmjs.org/@next/env/-/env-16.0.10.tgz. Extracting by manifest.
904 silly tarball no local data for @next/eslint-plugin-next@https://registry.npmjs.org/@next/eslint-plugin-next/-/eslint-plugin-next-16.1.6.tgz. Extracting by manifest.
905 silly tarball no local data for @next/swc-linux-x64-musl@https://registry.npmjs.org/@next/swc-linux-x64-musl/-/swc-linux-x64-musl-16.0.10.tgz. Extracting by manifest.
906 silly tarball no local data for @jridgewell/gen-mapping@https://registry.npmjs.org/@jridgewell/gen-mapping/-/gen-mapping-0.3.13.tgz. Extracting by manifest.
907 silly tarball no local data for @mdx-js/react@https://registry.npmjs.org/@mdx-js/react/-/react-3.1.1.tgz. Extracting by manifest.
908 silly tarball no local data for @mdx-js/mdx@https://registry.npmjs.org/@mdx-js/mdx/-/mdx-3.1.1.tgz. Extracting by manifest.
909 silly tarball no local data for @napi-rs/wasm-runtime@https://registry.npmjs.org/@napi-rs/wasm-runtime/-/wasm-runtime-0.2.12.tgz. Extracting by manifest.
910 silly tarball no local data for @img/sharp-linuxmusl-x64@https://registry.npmjs.org/@img/sharp-linuxmusl-x64/-/sharp-linuxmusl-x64-0.34.5.tgz. Extracting by manifest.
911 silly tarball no local data for @jridgewell/trace-mapping@https://registry.npmjs.org/@jridgewell/trace-mapping/-/trace-mapping-0.3.31.tgz. Extracting by manifest.
912 silly tarball no local data for @jridgewell/resolve-uri@https://registry.npmjs.org/@jridgewell/resolve-uri/-/resolve-uri-3.1.2.tgz. Extracting by manifest.
913 silly tarball no local data for @jridgewell/remapping@https://registry.npmjs.org/@jridgewell/remapping/-/remapping-2.3.5.tgz. Extracting by manifest.
914 silly tarball no local data for @mdx-js/loader@https://registry.npmjs.org/@mdx-js/loader/-/loader-3.1.1.tgz. Extracting by manifest.
915 silly tarball no local data for @img/sharp-libvips-linuxmusl-x64@https://registry.npmjs.org/@img/sharp-libvips-linuxmusl-x64/-/sharp-libvips-linuxmusl-x64-1.2.4.tgz. Extracting by manifest.
916 silly tarball no local data for @jridgewell/sourcemap-codec@https://registry.npmjs.org/@jridgewell/sourcemap-codec/-/sourcemap-codec-1.5.5.tgz. Extracting by manifest.
917 silly tarball no local data for @img/colour@https://registry.npmjs.org/@img/colour/-/colour-1.0.0.tgz. Extracting by manifest.
918 silly tarball no local data for @img/sharp-linux-x64@https://registry.npmjs.org/@img/sharp-linux-x64/-/sharp-linux-x64-0.34.5.tgz. Extracting by manifest.
919 silly tarball no local data for @humanwhocodes/retry@https://registry.npmjs.org/@humanwhocodes/retry/-/retry-0.4.3.tgz. Extracting by manifest.
920 silly tarball no local data for @humanwhocodes/module-importer@https://registry.npmjs.org/@humanwhocodes/module-importer/-/module-importer-1.0.1.tgz. Extracting by manifest.
921 silly tarball no local data for @floating-ui/utils@https://registry.npmjs.org/@floating-ui/utils/-/utils-0.2.10.tgz. Extracting by manifest.
922 silly tarball no local data for @img/sharp-libvips-linux-x64@https://registry.npmjs.org/@img/sharp-libvips-linux-x64/-/sharp-libvips-linux-x64-1.2.4.tgz. Extracting by manifest.
923 silly tarball no local data for @humanfs/node@https://registry.npmjs.org/@humanfs/node/-/node-0.16.7.tgz. Extracting by manifest.
924 silly tarball no local data for @humanfs/core@https://registry.npmjs.org/@humanfs/core/-/core-0.19.1.tgz. Extracting by manifest.
925 silly tarball no local data for @formatjs/intl-localematcher@https://registry.npmjs.org/@formatjs/intl-localematcher/-/intl-localematcher-0.6.2.tgz. Extracting by manifest.
926 silly tarball no local data for @hookform/resolvers@https://registry.npmjs.org/@hookform/resolvers/-/resolvers-3.10.0.tgz. Extracting by manifest.
927 silly tarball no local data for @floating-ui/core@https://registry.npmjs.org/@floating-ui/core/-/core-1.7.3.tgz. Extracting by manifest.
928 silly tarball no local data for @floating-ui/react-dom@https://registry.npmjs.org/@floating-ui/react-dom/-/react-dom-2.1.6.tgz. Extracting by manifest.
929 silly tarball no local data for @floating-ui/dom@https://registry.npmjs.org/@floating-ui/dom/-/dom-1.7.4.tgz. Extracting by manifest.
930 silly tarball no local data for @eslint/js@https://registry.npmjs.org/@eslint/js/-/js-9.39.2.tgz. Extracting by manifest.
931 silly tarball no local data for @eslint/plugin-kit@https://registry.npmjs.org/@eslint/plugin-kit/-/plugin-kit-0.4.1.tgz. Extracting by manifest.
932 silly tarball no local data for @radix-ui/react-dialog@https://registry.npmjs.org/@radix-ui/react-dialog/-/react-dialog-1.1.4.tgz. Extracting by manifest.
933 silly tarball no local data for @eslint/config-array@https://registry.npmjs.org/@eslint/config-array/-/config-array-0.21.1.tgz. Extracting by manifest.
934 silly tarball no local data for @eslint/object-schema@https://registry.npmjs.org/@eslint/object-schema/-/object-schema-2.1.7.tgz. Extracting by manifest.
935 silly tarball no local data for @eslint/core@https://registry.npmjs.org/@eslint/core/-/core-0.17.0.tgz. Extracting by manifest.
936 silly tarball no local data for @eslint-community/eslint-utils@https://registry.npmjs.org/@eslint-community/eslint-utils/-/eslint-utils-4.9.1.tgz. Extracting by manifest.
937 silly tarball no local data for @eslint-community/regexpp@https://registry.npmjs.org/@eslint-community/regexpp/-/regexpp-4.12.2.tgz. Extracting by manifest.
938 silly tarball no local data for @eslint/eslintrc@https://registry.npmjs.org/@eslint/eslintrc/-/eslintrc-3.3.3.tgz. Extracting by manifest.
939 silly tarball no local data for @emnapi/wasi-threads@https://registry.npmjs.org/@emnapi/wasi-threads/-/wasi-threads-1.1.0.tgz. Extracting by manifest.
940 silly tarball no local data for @babel/types@https://registry.npmjs.org/@babel/types/-/types-7.29.0.tgz. Extracting by manifest.
941 silly tarball no local data for @eslint/config-helpers@https://registry.npmjs.org/@eslint/config-helpers/-/config-helpers-0.4.2.tgz. Extracting by manifest.
942 silly tarball no local data for @date-fns/tz@https://registry.npmjs.org/@date-fns/tz/-/tz-1.2.0.tgz. Extracting by manifest.
943 silly tarball no local data for @beeper/desktop-api@https://registry.npmjs.org/@beeper/desktop-api/-/desktop-api-0.1.5.tgz. Extracting by manifest.
944 silly tarball no local data for @esbuild/linux-x64@https://registry.npmjs.org/@esbuild/linux-x64/-/linux-x64-0.25.12.tgz. Extracting by manifest.
945 silly tarball no local data for @babel/traverse@https://registry.npmjs.org/@babel/traverse/-/traverse-7.29.0.tgz. Extracting by manifest.
946 silly tarball no local data for @emnapi/runtime@https://registry.npmjs.org/@emnapi/runtime/-/runtime-1.8.1.tgz. Extracting by manifest.
947 silly tarball no local data for @babel/runtime@https://registry.npmjs.org/@babel/runtime/-/runtime-7.28.6.tgz. Extracting by manifest.
948 silly tarball no local data for @babel/helper-validator-identifier@https://registry.npmjs.org/@babel/helper-validator-identifier/-/helper-validator-identifier-7.28.5.tgz. Extracting by manifest.
949 silly tarball no local data for @emnapi/core@https://registry.npmjs.org/@emnapi/core/-/core-1.8.1.tgz. Extracting by manifest.
950 silly tarball no local data for @babel/template@https://registry.npmjs.org/@babel/template/-/template-7.28.6.tgz. Extracting by manifest.
951 silly tarball no local data for @babel/parser@https://registry.npmjs.org/@babel/parser/-/parser-7.29.0.tgz. Extracting by manifest.
952 silly tarball no local data for @babel/helper-validator-option@https://registry.npmjs.org/@babel/helper-validator-option/-/helper-validator-option-7.27.1.tgz. Extracting by manifest.
953 silly tarball no local data for @babel/helper-string-parser@https://registry.npmjs.org/@babel/helper-string-parser/-/helper-string-parser-7.27.1.tgz. Extracting by manifest.
954 silly tarball no local data for @babel/helper-module-imports@https://registry.npmjs.org/@babel/helper-module-imports/-/helper-module-imports-7.28.6.tgz. Extracting by manifest.
955 silly tarball no local data for @babel/generator@https://registry.npmjs.org/@babel/generator/-/generator-7.29.1.tgz. Extracting by manifest.
956 silly tarball no local data for @babel/helper-compilation-targets@https://registry.npmjs.org/@babel/helper-compilation-targets/-/helper-compilation-targets-7.28.6.tgz. Extracting by manifest.
957 silly tarball no local data for @babel/code-frame@https://registry.npmjs.org/@babel/code-frame/-/code-frame-7.29.0.tgz. Extracting by manifest.
958 silly tarball no local data for @babel/helpers@https://registry.npmjs.org/@babel/helpers/-/helpers-7.28.6.tgz. Extracting by manifest.
959 silly tarball no local data for @babel/helper-globals@https://registry.npmjs.org/@babel/helper-globals/-/helper-globals-7.28.0.tgz. Extracting by manifest.
960 silly tarball no local data for @alloc/quick-lru@https://registry.npmjs.org/@alloc/quick-lru/-/quick-lru-5.2.0.tgz. Extracting by manifest.
961 silly tarball no local data for @babel/helper-module-transforms@https://registry.npmjs.org/@babel/helper-module-transforms/-/helper-module-transforms-7.28.6.tgz. Extracting by manifest.
962 silly tarball no local data for victory-vendor@https://registry.npmjs.org/victory-vendor/-/victory-vendor-36.9.2.tgz. Extracting by manifest.
963 silly tarball no local data for uri-js@https://registry.npmjs.org/uri-js/-/uri-js-4.4.1.tgz. Extracting by manifest.
964 silly tarball no local data for use-callback-ref@https://registry.npmjs.org/use-callback-ref/-/use-callback-ref-1.3.3.tgz. Extracting by manifest.
965 silly tarball no local data for @babel/core@https://registry.npmjs.org/@babel/core/-/core-7.29.0.tgz. Extracting by manifest.
966 silly tarball no local data for @babel/compat-data@https://registry.npmjs.org/@babel/compat-data/-/compat-data-7.29.0.tgz. Extracting by manifest.
967 silly tarball no local data for styled-jsx@https://registry.npmjs.org/styled-jsx/-/styled-jsx-5.1.6.tgz. Extracting by manifest.
968 silly tarball no local data for use-sidecar@https://registry.npmjs.org/use-sidecar/-/use-sidecar-1.1.3.tgz. Extracting by manifest.
969 silly tarball no local data for sharp@https://registry.npmjs.org/sharp/-/sharp-0.34.5.tgz. Extracting by manifest.
970 silly tarball no local data for semver@https://registry.npmjs.org/semver/-/semver-7.7.3.tgz. Extracting by manifest.
971 silly tarball no local data for resolve@https://registry.npmjs.org/resolve/-/resolve-1.22.11.tgz. Extracting by manifest.
972 silly tarball no local data for regex@https://registry.npmjs.org/regex/-/regex-6.1.0.tgz. Extracting by manifest.
973 silly tarball no local data for recharts@https://registry.npmjs.org/recharts/-/recharts-2.15.4.tgz. Extracting by manifest.
974 silly tarball no local data for typescript@https://registry.npmjs.org/typescript/-/typescript-5.9.3.tgz. Extracting by manifest.
975 silly tarball no local data for zod@https://registry.npmjs.org/zod/-/zod-3.25.76.tgz. Extracting by manifest.
976 silly tarball no local data for react-resizable-panels@https://registry.npmjs.org/react-resizable-panels/-/react-resizable-panels-2.1.9.tgz. Extracting by manifest.
977 silly tarball no local data for react-day-picker@https://registry.npmjs.org/react-day-picker/-/react-day-picker-9.8.0.tgz. Extracting by manifest.
978 silly tarball no local data for react-dom@https://registry.npmjs.org/react-dom/-/react-dom-19.2.0.tgz. Extracting by manifest.
979 silly tarball no local data for react@https://registry.npmjs.org/react/-/react-19.2.0.tgz. Extracting by manifest.
980 silly tarball no local data for oniguruma-parser@https://registry.npmjs.org/oniguruma-parser/-/oniguruma-parser-0.12.1.tgz. Extracting by manifest.
981 silly tarball no local data for next@https://registry.npmjs.org/next/-/next-16.0.10.tgz. Extracting by manifest.
982 silly tarball no local data for motion-dom@https://registry.npmjs.org/motion-dom/-/motion-dom-12.29.0.tgz. Extracting by manifest.
983 silly tarball no local data for lodash@https://registry.npmjs.org/lodash/-/lodash-4.17.21.tgz. Extracting by manifest.
984 silly tarball no local data for language-subtag-registry@https://registry.npmjs.org/language-subtag-registry/-/language-subtag-registry-0.3.23.tgz. Extracting by manifest.
985 silly tarball no local data for js-yaml@https://registry.npmjs.org/js-yaml/-/js-yaml-4.1.1.tgz. Extracting by manifest.
986 silly tarball no local data for jiti@https://registry.npmjs.org/jiti/-/jiti-2.6.1.tgz. Extracting by manifest.
987 silly tarball no local data for lucide-react@https://registry.npmjs.org/lucide-react/-/lucide-react-0.454.0.tgz. Extracting by manifest.
988 silly tarball no local data for fumadocs-ui@https://registry.npmjs.org/fumadocs-ui/-/fumadocs-ui-15.6.2.tgz. Extracting by manifest.
989 silly tarball no local data for eslint@https://registry.npmjs.org/eslint/-/eslint-9.39.2.tgz. Extracting by manifest.
990 silly tarball no local data for esquery@https://registry.npmjs.org/esquery/-/esquery-1.7.0.tgz. Extracting by manifest.
991 silly tarball no local data for eslint-plugin-react-hooks@https://registry.npmjs.org/eslint-plugin-react-hooks/-/eslint-plugin-react-hooks-7.0.1.tgz. Extracting by manifest.
992 silly tarball no local data for framer-motion@https://registry.npmjs.org/framer-motion/-/framer-motion-12.29.0.tgz. Extracting by manifest.
993 silly tarball no local data for eslint-plugin-react@https://registry.npmjs.org/eslint-plugin-react/-/eslint-plugin-react-7.37.5.tgz. Extracting by manifest.
994 silly tarball no local data for eslint-plugin-import@https://registry.npmjs.org/eslint-plugin-import/-/eslint-plugin-import-2.32.0.tgz. Extracting by manifest.
995 silly tarball no local data for es-abstract@https://registry.npmjs.org/es-abstract/-/es-abstract-1.24.1.tgz. Extracting by manifest.
996 silly tarball no local data for eslint-plugin-jsx-a11y@https://registry.npmjs.org/eslint-plugin-jsx-a11y/-/eslint-plugin-jsx-a11y-6.10.2.tgz. Extracting by manifest.
997 silly tarball no local data for embla-carousel@https://registry.npmjs.org/embla-carousel/-/embla-carousel-8.5.1.tgz. Extracting by manifest.
998 silly tarball no local data for date-fns-jalali@https://registry.npmjs.org/date-fns-jalali/-/date-fns-jalali-4.1.0-0.tgz. Extracting by manifest.
999 silly tarball no local data for date-fns@https://registry.npmjs.org/date-fns/-/date-fns-4.1.0.tgz. Extracting by manifest.
1000 silly tarball no local data for csstype@https://registry.npmjs.org/csstype/-/csstype-3.2.3.tgz. Extracting by manifest.
1001 silly tarball no local data for caniuse-lite@https://registry.npmjs.org/caniuse-lite/-/caniuse-lite-1.0.30001764.tgz. Extracting by manifest.
1002 silly tarball no local data for axe-core@https://registry.npmjs.org/axe-core/-/axe-core-4.11.1.tgz. Extracting by manifest.
1003 silly tarball no local data for acorn@https://registry.npmjs.org/acorn/-/acorn-8.15.0.tgz. Extracting by manifest.
1004 silly tarball no local data for ajv@https://registry.npmjs.org/ajv/-/ajv-6.12.6.tgz. Extracting by manifest.
1005 silly tarball no local data for @types/unist@https://registry.npmjs.org/@types/unist/-/unist-2.0.11.tgz. Extracting by manifest.
1006 silly tarball no local data for json5@https://registry.npmjs.org/json5/-/json5-1.0.2.tgz. Extracting by manifest.
1007 silly tarball no local data for react-is@https://registry.npmjs.org/react-is/-/react-is-16.13.1.tgz. Extracting by manifest.
1008 silly tarball no local data for picomatch@https://registry.npmjs.org/picomatch/-/picomatch-2.3.1.tgz. Extracting by manifest.
1009 silly tarball no local data for debug@https://registry.npmjs.org/debug/-/debug-3.2.7.tgz. Extracting by manifest.
1010 silly tarball no local data for debug@https://registry.npmjs.org/debug/-/debug-3.2.7.tgz. Extracting by manifest.
1011 silly tarball no local data for brace-expansion@https://registry.npmjs.org/brace-expansion/-/brace-expansion-1.1.12.tgz. Extracting by manifest.
1012 silly tarball no local data for ignore@https://registry.npmjs.org/ignore/-/ignore-7.0.5.tgz. Extracting by manifest.
1013 silly tarball no local data for eslint-visitor-keys@https://registry.npmjs.org/eslint-visitor-keys/-/eslint-visitor-keys-3.4.3.tgz. Extracting by manifest.
1014 silly tarball no local data for lru-cache@https://registry.npmjs.org/lru-cache/-/lru-cache-5.1.1.tgz. Extracting by manifest.
1015 silly tarball no local data for semver@https://registry.npmjs.org/semver/-/semver-6.3.1.tgz. Extracting by manifest.
1016 silly tarball no local data for semver@https://registry.npmjs.org/semver/-/semver-6.3.1.tgz. Extracting by manifest.
1017 silly tarball no local data for globals@https://registry.npmjs.org/globals/-/globals-16.4.0.tgz. Extracting by manifest.
1018 silly tarball no local data for @radix-ui/react-use-layout-effect@https://registry.npmjs.org/@radix-ui/react-use-layout-effect/-/react-use-layout-effect-1.1.1.tgz. Extracting by manifest.
1019 silly tarball no local data for @radix-ui/react-slot@https://registry.npmjs.org/@radix-ui/react-slot/-/react-slot-1.2.3.tgz. Extracting by manifest.
1020 silly tarball no local data for @radix-ui/react-popover@https://registry.npmjs.org/@radix-ui/react-popover/-/react-popover-1.1.15.tgz. Extracting by manifest.
1021 silly tarball no local data for @radix-ui/react-slot@https://registry.npmjs.org/@radix-ui/react-slot/-/react-slot-1.2.3.tgz. Extracting by manifest.
1022 silly tarball no local data for @radix-ui/rect@https://registry.npmjs.org/@radix-ui/rect/-/rect-1.1.1.tgz. Extracting by manifest.
1023 silly tarball no local data for @radix-ui/react-visually-hidden@https://registry.npmjs.org/@radix-ui/react-visually-hidden/-/react-visually-hidden-1.2.3.tgz. Extracting by manifest.
1024 silly tarball no local data for minimatch@https://registry.npmjs.org/minimatch/-/minimatch-9.0.5.tgz. Extracting by manifest.
1025 silly tarball no local data for @radix-ui/react-use-rect@https://registry.npmjs.org/@radix-ui/react-use-rect/-/react-use-rect-1.1.1.tgz. Extracting by manifest.
1026 silly tarball no local data for postcss@https://registry.npmjs.org/postcss/-/postcss-8.4.31.tgz. Extracting by manifest.
1027 silly tarball no local data for @radix-ui/react-use-layout-effect@https://registry.npmjs.org/@radix-ui/react-use-layout-effect/-/react-use-layout-effect-1.1.1.tgz. Extracting by manifest.
1028 silly tarball no local data for @radix-ui/react-use-escape-keydown@https://registry.npmjs.org/@radix-ui/react-use-escape-keydown/-/react-use-escape-keydown-1.1.1.tgz. Extracting by manifest.
1029 silly tarball no local data for @radix-ui/react-use-controllable-state@https://registry.npmjs.org/@radix-ui/react-use-controllable-state/-/react-use-controllable-state-1.2.2.tgz. Extracting by manifest.
1030 silly tarball no local data for @radix-ui/react-use-callback-ref@https://registry.npmjs.org/@radix-ui/react-use-callback-ref/-/react-use-callback-ref-1.1.1.tgz. Extracting by manifest.
1031 silly tarball no local data for @radix-ui/react-tabs@https://registry.npmjs.org/@radix-ui/react-tabs/-/react-tabs-1.1.13.tgz. Extracting by manifest.
1032 silly tarball no local data for @radix-ui/react-slot@https://registry.npmjs.org/@radix-ui/react-slot/-/react-slot-1.2.4.tgz. Extracting by manifest.
1033 silly tarball no local data for @radix-ui/react-scroll-area@https://registry.npmjs.org/@radix-ui/react-scroll-area/-/react-scroll-area-1.2.10.tgz. Extracting by manifest.
1034 silly tarball no local data for @radix-ui/react-primitive@https://registry.npmjs.org/@radix-ui/react-primitive/-/react-primitive-2.1.3.tgz. Extracting by manifest.
1035 silly tarball no local data for @radix-ui/react-presence@https://registry.npmjs.org/@radix-ui/react-presence/-/react-presence-1.1.5.tgz. Extracting by manifest.
1036 silly tarball no local data for @radix-ui/react-use-size@https://registry.npmjs.org/@radix-ui/react-use-size/-/react-use-size-1.1.1.tgz. Extracting by manifest.
1037 silly tarball no local data for @radix-ui/react-popper@https://registry.npmjs.org/@radix-ui/react-popper/-/react-popper-1.2.8.tgz. Extracting by manifest.
1038 silly tarball no local data for @radix-ui/react-navigation-menu@https://registry.npmjs.org/@radix-ui/react-navigation-menu/-/react-navigation-menu-1.2.14.tgz. Extracting by manifest.
1039 silly tarball no local data for @radix-ui/react-collection@https://registry.npmjs.org/@radix-ui/react-collection/-/react-collection-1.1.7.tgz. Extracting by manifest.
1040 silly tarball no local data for @radix-ui/react-slot@https://registry.npmjs.org/@radix-ui/react-slot/-/react-slot-1.2.3.tgz. Extracting by manifest.
1041 silly tarball no local data for @radix-ui/react-dialog@https://registry.npmjs.org/@radix-ui/react-dialog/-/react-dialog-1.1.15.tgz. Extracting by manifest.
1042 silly tarball no local data for @radix-ui/react-slot@https://registry.npmjs.org/@radix-ui/react-slot/-/react-slot-1.2.3.tgz. Extracting by manifest.
1043 silly tarball no local data for @radix-ui/number@https://registry.npmjs.org/@radix-ui/number/-/number-1.1.1.tgz. Extracting by manifest.
1044 silly tarball no local data for @radix-ui/react-id@https://registry.npmjs.org/@radix-ui/react-id/-/react-id-1.1.1.tgz. Extracting by manifest.
1045 silly tarball no local data for @radix-ui/react-roving-focus@https://registry.npmjs.org/@radix-ui/react-roving-focus/-/react-roving-focus-1.1.11.tgz. Extracting by manifest.
1046 silly tarball no local data for @radix-ui/react-use-previous@https://registry.npmjs.org/@radix-ui/react-use-previous/-/react-use-previous-1.1.1.tgz. Extracting by manifest.
1047 silly tarball no local data for @radix-ui/react-portal@https://registry.npmjs.org/@radix-ui/react-portal/-/react-portal-1.1.9.tgz. Extracting by manifest.
1048 silly tarball no local data for @radix-ui/react-direction@https://registry.npmjs.org/@radix-ui/react-direction/-/react-direction-1.1.1.tgz. Extracting by manifest.
1049 silly tarball no local data for @radix-ui/react-context@https://registry.npmjs.org/@radix-ui/react-context/-/react-context-1.1.2.tgz. Extracting by manifest.
1050 silly tarball no local data for @radix-ui/react-compose-refs@https://registry.npmjs.org/@radix-ui/react-compose-refs/-/react-compose-refs-1.1.2.tgz. Extracting by manifest.
1051 silly tarball no local data for @radix-ui/react-collapsible@https://registry.npmjs.org/@radix-ui/react-collapsible/-/react-collapsible-1.1.12.tgz. Extracting by manifest.
1052 silly tarball no local data for @radix-ui/react-arrow@https://registry.npmjs.org/@radix-ui/react-arrow/-/react-arrow-1.1.7.tgz. Extracting by manifest.
1053 silly tarball no local data for postcss-selector-parser@https://registry.npmjs.org/postcss-selector-parser/-/postcss-selector-parser-7.1.1.tgz. Extracting by manifest.
1054 silly tarball no local data for @radix-ui/react-accordion@https://registry.npmjs.org/@radix-ui/react-accordion/-/react-accordion-1.2.12.tgz. Extracting by manifest.
1055 silly tarball no local data for @radix-ui/primitive@https://registry.npmjs.org/@radix-ui/primitive/-/primitive-1.1.3.tgz. Extracting by manifest.
1056 silly tarball no local data for glob-parent@https://registry.npmjs.org/glob-parent/-/glob-parent-5.1.2.tgz. Extracting by manifest.
1057 silly tarball no local data for @radix-ui/react-dismissable-layer@https://registry.npmjs.org/@radix-ui/react-dismissable-layer/-/react-dismissable-layer-1.1.11.tgz. Extracting by manifest.
1058 silly tarball no local data for semver@https://registry.npmjs.org/semver/-/semver-6.3.1.tgz. Extracting by manifest.
1059 silly tarball no local data for resolve@https://registry.npmjs.org/resolve/-/resolve-2.0.0-next.5.tgz. Extracting by manifest.
1060 silly tarball no local data for debug@https://registry.npmjs.org/debug/-/debug-3.2.7.tgz. Extracting by manifest.
1061 silly tarball no local data for semver@https://registry.npmjs.org/semver/-/semver-6.3.1.tgz. Extracting by manifest.
1062 silly tarball no local data for @radix-ui/react-focus-guards@https://registry.npmjs.org/@radix-ui/react-focus-guards/-/react-focus-guards-1.1.3.tgz. Extracting by manifest.
1063 silly tarball no local data for @radix-ui/react-focus-scope@https://registry.npmjs.org/@radix-ui/react-focus-scope/-/react-focus-scope-1.1.7.tgz. Extracting by manifest.
1064 silly tarball no local data for escape-string-regexp@https://registry.npmjs.org/escape-string-regexp/-/escape-string-regexp-4.0.0.tgz. Extracting by manifest.
1065 http fetch GET 200 https://registry.npmjs.org/@radix-ui/react-use-callback-ref/-/react-use-callback-ref-1.1.0.tgz 2032ms (cache miss)
1066 http fetch GET 200 https://registry.npmjs.org/@radix-ui/react-separator/-/react-separator-1.1.1.tgz 2101ms (cache miss)
1067 http fetch GET 200 https://registry.npmjs.org/@radix-ui/react-use-previous/-/react-use-previous-1.1.0.tgz 2286ms (cache miss)
1068 http fetch GET 200 https://registry.npmjs.org/@radix-ui/react-use-size/-/react-use-size-1.1.0.tgz 2727ms (cache miss)
1069 http fetch GET 200 https://registry.npmjs.org/@radix-ui/react-toggle/-/react-toggle-1.1.1.tgz 2839ms (cache miss)
1070 http fetch GET 200 https://registry.npmjs.org/@radix-ui/react-direction/-/react-direction-1.1.0.tgz 2981ms (cache miss)
1071 http fetch GET 200 https://registry.npmjs.org/@radix-ui/react-slot/-/react-slot-1.1.1.tgz 3088ms (cache miss)
1072 http fetch GET 200 https://registry.npmjs.org/@radix-ui/react-toggle-group/-/react-toggle-group-1.1.1.tgz 3366ms (cache miss)
1073 http fetch GET 200 https://registry.npmjs.org/@radix-ui/react-label/-/react-label-2.1.1.tgz 3358ms (cache miss)
1074 http fetch GET 200 https://registry.npmjs.org/@radix-ui/react-compose-refs/-/react-compose-refs-1.1.1.tgz 3354ms (cache miss)
1075 http fetch GET 200 https://registry.npmjs.org/@radix-ui/react-portal/-/react-portal-1.1.3.tgz 3362ms (cache miss)
1076 http fetch GET 200 https://registry.npmjs.org/@radix-ui/react-roving-focus/-/react-roving-focus-1.1.1.tgz 3435ms (cache miss)
1077 http fetch GET 200 https://registry.npmjs.org/@radix-ui/react-arrow/-/react-arrow-1.1.1.tgz 3426ms (cache miss)
1078 http fetch GET 200 https://registry.npmjs.org/@nolyfill/is-core-module/-/is-core-module-1.0.39.tgz 3424ms (cache miss)
1079 http fetch GET 200 https://registry.npmjs.org/@radix-ui/react-id/-/react-id-1.1.0.tgz 3572ms (cache miss)
1080 http fetch GET 200 https://registry.npmjs.org/@radix-ui/number/-/number-1.1.0.tgz 3571ms (cache miss)
1081 http fetch GET 200 https://registry.npmjs.org/@radix-ui/primitive/-/primitive-1.1.1.tgz 3598ms (cache miss)
1082 http fetch GET 200 https://registry.npmjs.org/@radix-ui/react-tabs/-/react-tabs-1.1.2.tgz 3806ms (cache miss)
1083 http fetch GET 200 https://registry.npmjs.org/@radix-ui/react-switch/-/react-switch-1.1.2.tgz 3807ms (cache miss)
1084 http fetch GET 200 https://registry.npmjs.org/@radix-ui/react-progress/-/react-progress-1.1.1.tgz 3806ms (cache miss)
1085 http fetch GET 200 https://registry.npmjs.org/@next/env/-/env-16.0.10.tgz 3788ms (cache miss)
1086 http fetch GET 200 https://registry.npmjs.org/@jridgewell/resolve-uri/-/resolve-uri-3.1.2.tgz 3784ms (cache miss)
1087 http fetch GET 200 https://registry.npmjs.org/@radix-ui/react-focus-guards/-/react-focus-guards-1.1.1.tgz 3934ms (cache miss)
1088 http fetch GET 200 https://registry.npmjs.org/@humanwhocodes/module-importer/-/module-importer-1.0.1.tgz 3916ms (cache miss)
1089 http fetch GET 200 https://registry.npmjs.org/@radix-ui/react-primitive/-/react-primitive-2.0.1.tgz 4114ms (cache miss)
1090 http fetch GET 200 https://registry.npmjs.org/@radix-ui/react-radio-group/-/react-radio-group-1.2.2.tgz 4114ms (cache miss)
1091 http fetch GET 200 https://registry.npmjs.org/@radix-ui/react-context/-/react-context-1.1.1.tgz 4116ms (cache miss)
1092 http fetch GET 200 https://registry.npmjs.org/@floating-ui/react-dom/-/react-dom-2.1.6.tgz 4094ms (cache miss)
1093 http fetch GET 200 https://registry.npmjs.org/@humanwhocodes/retry/-/retry-0.4.3.tgz 4100ms (cache miss)
1094 http fetch GET 200 https://registry.npmjs.org/@radix-ui/react-popper/-/react-popper-1.2.1.tgz 4294ms (cache miss)
1095 http fetch GET 200 https://registry.npmjs.org/@humanfs/node/-/node-0.16.7.tgz 4269ms (cache miss)
1096 http fetch GET 200 https://registry.npmjs.org/@mdx-js/loader/-/loader-3.1.1.tgz 4280ms (cache miss)
1097 http fetch GET 200 https://registry.npmjs.org/@mdx-js/react/-/react-3.1.1.tgz 4285ms (cache miss)
1098 http fetch GET 200 https://registry.npmjs.org/@radix-ui/react-collection/-/react-collection-1.1.1.tgz 4368ms (cache miss)
1099 http fetch GET 200 https://registry.npmjs.org/@eslint/object-schema/-/object-schema-2.1.7.tgz 4354ms (cache miss)
1100 http fetch GET 200 https://registry.npmjs.org/@radix-ui/react-presence/-/react-presence-1.1.2.tgz 4461ms (cache miss)
1101 http fetch GET 200 https://registry.npmjs.org/@radix-ui/react-aspect-ratio/-/react-aspect-ratio-1.1.1.tgz 4445ms (cache miss)
1102 http fetch GET 200 https://registry.npmjs.org/@radix-ui/react-avatar/-/react-avatar-1.1.2.tgz 4447ms (cache miss)
1103 http fetch GET 200 https://registry.npmjs.org/@radix-ui/react-dismissable-layer/-/react-dismissable-layer-1.1.3.tgz 5003ms (cache miss)
1104 http fetch GET 200 https://registry.npmjs.org/@img/colour/-/colour-1.0.0.tgz 5006ms (cache miss)
1105 http fetch GET 200 https://registry.npmjs.org/@babel/helper-validator-identifier/-/helper-validator-identifier-7.28.5.tgz 4993ms (cache miss)
